id,name,name_original,document,country,cluster_id,is_duplicate,n_entries
1,Victor Morris,Victor Morris,US22239481,US,718,1,2
2,Olivia Azevedo,Olívia Azevedo,849.027.703-84,BR,461,1,4
3,Thomas Peterson,Thomas Peterson,US34128507,US,698,0,1
4,Brian Martin,Brian Martin,US31461370,US,728,1,2
5,Sr. Lauren Jackson,Lauren Jackson,US17321129,US,689,1,6
6,samuel d. conceição,Samuel da Conceição,773.209.622-98,BR,1467,1,3
7,Deborah Parsons-Rice,Deborah Parsons-Rice,GB28323394,GB,1834,1,2
8,M. Correia,Mirella Correia,903.998.644-29,BR,1528,1,2
9,Emanuel Aparecida,Emanuel Aparecida,727.931.576-73,BR,1449,1,3
10,Nathaniel Le,Nathaniel Lee,US14352961,US,790,1,4
11,FelicianoJulián Calvo,Feliciano Julián Calvo,ES69755911,ES,1142,1,6
12,LUÍSA FOGAÇA,Luísa Fogaça,899.375.679-82,BR,265,1,3
13,vilma M. Gámez,Vilma Muñoz Gámez,ES11089747,ES,1182,1,4
14,Rosalinde Eckbauer B.Sc.,Rosalinde Eckbauer B.Sc.,DE74243595,DE,1090,1,4
15,Heitor,Heitor Vargas,442.703.120-73,BR,498,1,4
16,Isaque Santos,Isaque Santos,292.185.156-91,BR,333,1,3
17,Timothy Summers,Timothy Summers,US98470898,US,1571,1,3
18,Dr Elliott,Dr Elliott Anderson,GB70896625,GB,1770,1,3
19,Mark Jimenez,Mark Jimenez,US61052956,US,653,1,3
20,Tina Stephens,Tina Stephens,GB19851956,GB,1789,1,5
21,Rebecca Hicks,Rebecca Hicks,US40369856,US,632,1,3
22,Pietra Montenegro,Pietra Montenegro,379.237.474-07,BR,100,1,2
23,Maria E. Melo,Maria Eduarda Melo,058.911.352-90,BR,263,1,3
24,Sabrina Ward,Sabrina Ward,US54409799,US,1689,1,4
25,Randy Smith,Randy Smith,US97050454,US,715,1,2
26,Isadora Rios,Isadora Rios,681.645.352-18,BR,137,1,3
27,Vitor Campos,Vitor Gabriel Campos,866.934.654-72,BR,405,1,6
28,Angel May,Angel May,US15613827,US,651,1,5
29,T. Kay,Tracey Kay,GB76625267,GB,854,1,2
30,Hayley Roberts,Hayley Roberts,GB25377952,GB,1878,1,4
31,Isaque Vasconcelos,Isaque Vasconcelos,005.993.763-93,BR,1469,1,2
32,Suzanne Wood,Suzanne Wood,US48168910,US,802,1,2
33,Trude Brudr,Trude Bruder,DE25151444,DE,1088,1,4
34,Bruno Conceição,Bruno da Conceição,311.656.670-10,BR,21,1,5
35,Tceodoro da Conceição,Theodoro da Conceição,955.798.291-16,BR,1415,1,3
36,Theodoro Ribeiro,Theodoro Ribeiro,064.589.943-16,BR,1220,1,2
37,Andrew Powers,Andrew Powers,US56516631,US,1664,1,3
38,Fito Fortuny Castrillo,Fito Fortuny Castrillo,ES18866414,ES,1119,1,3
39,D. Denis Rees,Dr Denis Rees,GB95982334,GB,881,1,4
40,Agatha Albuquerque,Ágatha Albuquerque,086.131.712-74,BR,89,1,4
41,M. Sara Clark,Mrs Sara Clark,GB84828728,GB,1853,1,5
42,Camila Snusa,Camila Sousa,163.955.711-25,BR,1386,1,2
43,Bianca Mendonça,Bianca Mendonça,425.799.136-62,BR,449,1,3
44,A. Vargas,Augusto Vargas,110.813.655-15,BR,1536,1,5
45,Crystal Mann,Crystal Mann,US50170625,US,814,1,3
46,A.-Fogaça,Apollo Fogaça,639.741.192-74,BR,1366,1,3
47,Dawn Coleman-Patel,Dawn Coleman-Patel,GB44683354,GB,1772,1,5
48,NICOLAS REZENDE,Nicolas Rezende,610.357.972-79,BR,361,1,4
49,João Barbosa,João Barbosa,317.387.213-87,BR,1385,1,3
50,R. Melendez,Renee Melendez,US97681338,US,786,1,3
51,Daniel,Daniel Anderson,US42171141,US,1753,1,5
52,Kristin  mendoza,Kristin Mendoza,US90971604,US,793,1,4
53,Lucas Gabriel Duarte,Lucas Gabriel Duarte,213.568.044-20,BR,319,1,2
54,Molly Rodriguez,Molly Rodriguez,US65049584,US,769,1,5
55,Mr JohnFox,Mr John Fox,GB46595028,GB,1011,1,3
56,Geraldqne Cox,Geraldine Cox,GB55206827,GB,1839,1,3
57,Mrs Tina Roberts,Mrs Tina Roberts,GB31106054,GB,1786,1,2
58,Anthony Lima,Anthony Lima,935.472.438-77,BR,1421,1,2
59,Aynur Haering,Aynur Haering,DE54604858,DE,1057,1,5
60,D. Jay Thomas,Dr Jay Thomas,GB64254032,GB,1823,1,4
61,Luana Souza,Luana Souza,391.037.170-58,BR,514,1,4
62,Olívia Rios,Olívia Rios,290.868.927-38,BR,1282,1,3
63,João Vitor Campos,João Vitor Campos,812.689.928-53,BR,1319,1,3
64,C. Birch,Colin Birch,GB94181424,GB,910,1,6
65,Ana Líva Fogaça,Ana Lívia Fogaça,441.158.124-26,BR,1471,1,2
66,Rhavi Barros,Rhavi Barros,434.738.603-60,BR,1491,1,2
67,donna frye,Donna Frye,US51996390,US,654,1,4
68,G. Vasconcelos,Gustavo Vasconcelos,754.416.083-29,BR,1454,1,5
69,Bernardo Vasconcelos,Bernardo Vasconcelos,079.030.673-83,BR,225,1,2
70,Diogo da Costa,Diogo da Costa,855.665.939-83,BR,519,1,4
71,eric williams,Eric Williams,US52613620,US,583,1,3
72,f. bermejo gárate,Fito Bermejo Gárate,ES20454809,ES,1132,1,3
73,Jamie Baird,Jamie Baird,US13343647,US,706,1,6
74,Taylor Lewis,Taylor Lewis,US66340062,US,1734,1,2
75,Trinidad Sánchez Olmo,Trinidad Sánchez Olmo,ES67943873,ES,1199,1,3
76,Ing. Damian Hrmighausen,Ing. Damian Hermighausen,DE51792388,DE,1033,1,4
77,Ben Jackson,Ben Jackson,GB74781956,GB,966,1,4
78,luiz gustavo sales,Luiz Gustavo Sales,127.803.613-97,BR,1230,1,3
79,P. Lucena,Palmira del Lucena,ES90048179,ES,1149,1,2
80,Ismael Gzalvan,Ismael Galván,ES18376603,ES,1188,1,2
81,todd moore,Todd Moore,US43122766,US,648,1,3
82,Erick Vargas,Erick Vargas,059.303.663-39,BR,1494,1,3
83,José Pedro Cavalcanti,José Pedro Cavalcanti,886.239.240-75,BR,153,1,4
84,Tracy Morton,Tracy Morton,GB71905171,GB,1869,1,2
85,Ravi  Lucca Cardoso,Ravi Lucca Cardoso,684.145.933-27,BR,214,1,4
86,Scott Davila,Scott Davila,US78714531,US,1561,1,5
87,ISAAC CAVALCANTE,Isaac Cavalcante,846.773.782-63,BR,90,1,2
88,Bruna Azevedo,Bruna Azevedo,923.309.584-98,BR,282,1,2
89,Mr Bn Patel,Mr Ben Patel,GB54800838,GB,875,1,5
90,Kenneth corris,Kenneth Morris,US96338760,US,1756,1,3
91,christopher chan Md,Christopher Chan MD,US93664545,US,1667,1,2
92,Ana Cecília Pinto,Ana Cecília Pinto,858.842.474-51,BR,106,1,5
93,Kathleen Bailey,Kathleen Bailey,GB93947919,GB,868,1,4
94,James Tran,James Tran,US54185620,US,827,0,1
95,Scott Phillips,Scott Phillips,US27207710,US,1747,1,4
96,Mr Alexander Harris,Mr Alexander Harris,GB28546608,GB,1783,1,2
97,Ms Victoria,Ms Victoria Harper,GB10286705,GB,1864,1,3
98,Melissa Evans-Philldps,Melissa Evans-Phillips,GB85515502,GB,853,1,3
99,Stephen Chapman,Stephen Chapman,GB78811224,GB,1849,1,2
100,João Castro,João Castro,229.014.767-97,BR,130,1,4
101,S. Robertson,Samantha Robertson,US15892974,US,732,1,3
102,G. Lorch,Gundolf Lorch,DE48019546,DE,1028,1,3
103,Gerald Mcdonald,Gerald Mcdonald,US72072425,US,1579,1,2
104,Ana S. Marques,Ana Sophia Marques,225.358.414-38,BR,180,1,6
105,Declan  Sharp,Declan Sharp,GB50576475,GB,956,1,2
106,L. vGustavo Sales,Luiz Gustavo Sales,127.803.613-97,BR,1230,1,3
107,Melissa Evans-Phillips,Melissa Evans-Phillips,GB85515502,GB,853,1,3
108,Jamie-Baird,Jamie Baird,US13343647,US,706,1,6
109,Mr Griffiths,Mr Reece Griffiths,GB41739529,GB,1833,1,2
110,Jeremy Mitchell,Jeremy Mitchell,US51927304,US,562,1,5
111,Martyn Harrison,Martyn Harrison,GB45201144,GB,1769,1,2
112,Silja D. van,Silja Dussen van,DE29289997,DE,1074,1,3
113,Heather Brown,Heather Brown,US88921275,US,1652,1,3
114,J. Ellis,Janice Ellis,GB57493391,GB,850,1,4
115,joshua massey ii,Joshua Massey II,US44710020,US,1728,1,5
116,Lívia Borges,Lívia Borges,313.237.058-95,BR,176,1,3
117,Kim Erickson,Kim Erickson,US48374806,US,683,1,6
118,B. Pereira,Benicio Pereira,674.676.212-02,BR,390,1,6
119,Camila Brito,Camila Brito,761.052.955-50,BR,1233,1,3
120,Isaque Oliveira,Isaque Oliveira,168.685.487-09,BR,352,1,2
121,B. Fields,Brenda Fields,US46827234,US,1760,1,4
122,Scott Phillips,Scott Phillips,US27207710,US,1747,1,4
123,M. Freitas,Matteo Freitas,831.955.910-06,BR,1484,1,3
124,Laura Lima,Laura Lima,171.870.262-17,BR,95,1,5
125,Carly Donjnelly,Carly Donnelly,GB37125189,GB,961,1,6
126,Brent Miller Jr,Brent Miller,US32998516,US,1686,1,5
127,Diogo Siqueira,Diogo Siqueira,617.812.374-88,BR,1426,1,3
128,DAVID YORK,David York,US18976711,US,1633,1,3
129,P. Cassiano,Pedro Cassiano,960.391.782-32,BR,1336,1,5
130,Jamie Anderson,Jamie Anderson,US36455737,US,1619,1,2
131,Holly Stevens,Holly Stevens,GB30041488,GB,1012,1,2
132,Judith FrenchClarke,Judith French-Clarke,GB74890505,GB,971,1,2
133,Emanuel Aparecida,Emanuel Aparecida,727.931.576-73,BR,1449,1,3
134,Alexander L. MD,Alexander Landry MD,US71324136,US,666,1,3
135,Jennifer Simpson DVM,Jennifer Simpson DVM,US21449650,US,723,1,2
136,Pedro Sousa,Pedro Sousa,493.759.738-32,BR,311,1,2
137,Gustavo Cunha,Gustavo Cunha,322.159.588-68,BR,1538,1,3
138,Jonathan Mcguire,Jonathan Mcguire,US69819040,US,1565,1,3
139,daniel miller,Daniel Miller,US76356771,US,1634,1,3
140,Niko Atzler-Frohlich,Niko Atzler-Fröhlich,DE83734610,DE,1024,1,3
141,Maitê osta Jr.,Maitê Costa,358.283.959-81,BR,1258,1,3
142,G. Lorch,Gundolf Lorch,DE48019546,DE,1028,1,3
143,Juliana Vargas,Juliana Vargas,134.332.003-79,BR,47,1,2
144,Mr Kieran,Mr Kieran Potter,GB92585240,GB,871,1,3
145,BRIANNA MCCORMICK,Brianna Mccormick,US30609738,US,1752,1,3
146,Lapurie Wu,Laurie Wu,US27616761,US,1693,1,3
147,Valentim Nascimento,Valentim Nascimento,434.031.741-62,BR,1439,1,5
148,KayUwe Köhler,Kay-Uwe Köhler,DE73181059,DE,1041,1,5
149,Alan Wilson,Alan Wilson,GB51739205,GB,986,1,2
150,Heloísa Fernandes,Heloísa Fernandes,444.147.360-75,BR,1512,1,3
151,VERONICA SILVA,Veronica Silva,US32345453,US,685,1,3
152,Eugene Boyd,Eugene Boyd,US44717734,US,1729,1,3
153,Diane Coopier,Diane Cooper,GB89763928,GB,988,1,3
154,Zoe Rodrigues,Zoe Rodrigues,893.246.095-39,BR,160,1,2
155,A. Pereira,Amanda Pereira,750.036.915-59,BR,475,1,3
156,brian mckenzie,Brian McKenzie,GB59873103,GB,951,1,3
157,Aimee-Hughes,Aimee Hughes,GB13219453,GB,866,1,6
158,Ryan Câmara,Ryan Câmara,152.742.054-93,BR,210,1,3
159,Rosie Palmer,Rosie Palmer,GB25827722,GB,869,1,4
160,M. Stanley,Michael Stanley,US76231992,US,762,1,3
161,Luiz Henrique Ferreira,Luiz Henrique Ferreira,148.932.528-80,BR,14,0,1
162,Veronica Kig,Veronica King,US52773504,US,592,1,2
163,Dr Lawrence Cox,Dr Lawrence Cox,GB35149571,GB,940,1,2
164,Luiz Fernando,Luiz Fernando Novais,790.807.595-79,BR,472,1,2
165,Vitor Dias,Vitor Dias,372.170.042-95,BR,1443,1,3
166,Ana Araújo,Ana Carolina Araújo,465.911.665-53,BR,531,1,6
167,Luigi Pires,Luigi Pires,104.552.769-06,BR,1306,1,2
168,Lori Simmons,Lori Simmons,US37868647,US,781,1,6
169,Lavínia Fonseca,Lavínia Fonseca,931.486.925-83,BR,1444,1,3
170,BELLA CASTRO,Bella Castro,678.831.712-10,BR,320,1,4
171,Nathan d. Maxta,Nathan da Mata,086.353.654-19,BR,308,1,3
172,Maria C. Castro,Maria Clara Castro,473.178.108-01,BR,23,1,3
173,Bernardo Vargas,Bernardo Vargas,573.322.141-88,BR,149,1,2
174,J. Khan,June Khan,GB60363964,GB,933,1,3
175,A. Martinez,Amy Martinez,US33767033,US,642,1,4
176,Laura Garza,Laura Garza,US76816240,US,1665,1,4
177,letícia pastor,Letícia Pastor,063.242.415-41,BR,289,1,6
178,Joanne Waters-Smith,Joanne Waters-Smith,GB27812995,GB,978,0,1
179,J. Pimenta,Júlia Pimenta,391.162.869-23,BR,1324,1,5
180,Kevin Sims,Kevin Sims,US43958659,US,1648,1,3
181,Lewis Wright,Lewis Wright,GB81898750,GB,1870,1,5
182,Virginia Daniels,Virginia Daniels,US78674708,US,726,1,3
183,Breno Nascimento,Breno Nascimento,165.685.531-13,BR,1283,1,2
184,LUIZZMIGUEL NASCIMENTO,Luiz Miguel Nascimento,246.469.246-99,BR,1215,1,3
185,Gustavo Henrique Pires Neto,Gustavo Henrique Pires,467.131.186-95,BR,1436,1,4
186,Alícia Teixeira,Alícia Teixeira,933.083.301-65,BR,205,1,3
187,S. Thomas,Stewart Thomas,GB10822924,GB,891,1,4
188,Asafe Cunha,Asafe Cunha,092.368.731-05,BR,1543,1,4
189,Mr B. Thomson,Mr Bernard Thomson,GB77116153,GB,967,1,4
190,Bernardo Montenegco,Bernardo Montenegro,477.591.009-12,BR,1252,1,5
191,maria eduarda melo,Maria Eduarda Melo,058.911.352-90,BR,263,1,3
192,Anthony Jones,Anthony Jones,US38058347,US,832,1,2
193,Angelica Parker,Angelica Parker,US46219821,US,636,1,3
194,Robert Bailey,Robert Bailey,US52355818,US,1717,1,2
195,Paige Martin,Paige Martin,GB26946383,GB,1805,1,2
196,Antony Castro,Antony Castro,981.416.811-13,BR,1496,1,2
197,Gabriel Carvalho,Gabriel Carvalho,671.315.780-09,BR,1534,1,3
198,Williem Day,William Day,US39870720,US,638,1,3
199,Christopher Williams,Christopher Williams,US52980288,US,1705,1,2
200,L. Viana,Liz Viana,220.022.793-61,BR,1547,1,4
201,Diogo da Cruz,Diogo da Cruz,972.521.752-50,BR,374,1,4
202,Maria Liz Teixeira,Maria Liz Teixeira,013.721.510-70,BR,322,1,2
203,Jennifer Becker-Kranz,Jennifer Becker-Kranz,DE47883942,DE,1093,1,6
204,Isadora Rios,Isadora Rios,681.645.352-18,BR,137,1,3
205,Mark Thomas,Mark Thomas,US59684178,US,1733,1,2
206,Christopher Watson Jr,Christopher Watson,US57889943,US,1612,1,2
207,Roybert Jackson,Robert Jackson,US71114408,US,809,1,3
208,Mr Cooper,Mr Louis Cooper,GB35843038,GB,1004,1,6
209,Caroline Carvalho,Caroline Carvalho,895.997.758-07,BR,1459,1,2
210,Stephen Russell,Stephen Russell,US38403252,US,1715,1,4
211,Lorena Aparecida,Lorena Aparecida,341.638.944-84,BR,495,0,1
212,L. Simmons,Lori Simmons,US37868647,US,781,1,6
213,Yuri Jewus,Yuri Jesus,539.264.422-09,BR,335,1,2
214,Vinicius Teixeira,Vinicius Teixeira,857.984.321-21,BR,1475,1,4
215,Paul Moore,Paul Moore,US36302991,US,1670,1,4
216,Ana Cecília Pinto II,Ana Cecília Pinto,858.842.474-51,BR,106,1,5
217,Bruno Pimenta,Bruno Pimenta,058.300.335-42,BR,377,1,2
218,Laís,Laís Correia,103.073.877-03,BR,1274,1,5
219,Pietra Momtenegro,Pietra Montenegro,379.237.474-07,BR,100,1,2
220,Racxel Mcclain,Rachel Mcclain,US49622861,US,1679,1,3
221,Maria Luiza Teixeira,Maria Luiza Teixeira,999.250.563-42,BR,1229,1,5
222,Rachel Lynch,Rachel Lynch,US96524688,US,1718,1,2
223,V. Gabriel Barros,Vitor Gabriel Barros,305.037.515-02,BR,1558,1,2
224,Randy Cannlon,Randy Cannon,US82947490,US,759,1,3
225,Nicholas Carter,Nicholas Carter,GB25790828,GB,1010,1,4
226,Amber  Cooper,Amber Cooper,US71557975,US,756,1,2
227,Vinicius da Rocha,Vinícius da Rocha,599.162.473-14,BR,453,1,2
228,Dra. Aurora Pinto,Dra. Aurora Pinto,928.201.027-61,BR,1206,1,3
229,dean donovan,Dean Donovan,US98707799,US,804,1,3
230,Heloisa Vasconcelos,Heloisa Vasconcelos,637.454.589-29,BR,287,1,2
231,Daniel Barbosa,Daniel Barbosa,840.369.003-43,BR,132,1,5
232,Kenneth Edwards,Kenneth Edwards,US24672184,US,664,0,1
233,João Casrto,João Castro,229.014.767-97,BR,130,1,4
234,Srta. H. Lojpes,Srta. Helena Lopes,486.959.463-68,BR,456,1,2
235,Shane Watson,Shane Watson,US87606531,US,1585,1,3
236,Garry Bevan-Holmes,Garry Bevan-Holmes,GB63156840,GB,895,1,3
237,Kelly Barnes,Kelly Barnes,US40686002,US,1606,1,3
238,Emanuelly Fonseca,Emanuelly Fonseca,708.204.320-28,BR,1279,1,2
239,Maria Flor da,Maria Flor da Luz,184.619.580-58,BR,1453,1,5
240,Rhavi Nogueira,Rhavi Nogueira,557.120.215-19,BR,1433,1,4
241,Maria Brown Jr.,Maria Brown,US58343701,US,811,1,3
242,Christopher-Williams,Christopher Williams,US52980288,US,1705,1,2
243,Maria bRogers,Maria Rogers,US16795002,US,1740,1,3
244,Luigi Pires,Luigi Pires,104.552.769-06,BR,1306,1,2
245,Yasmin  Alves,Yasmin Alves,279.568.783-39,BR,215,1,6
246,Mrs. PÁNFILO ABELLÁN POSADA,Pánfilo Abellán Posada,ES33231136,ES,1129,1,5
247,Erick Pereira,Erick Pereira,082.404.335-04,BR,521,1,3
248,Lope Barrio-Corbacho,Lope Barrio-Corbacho,ES10024741,ES,1161,1,4
249,Anthony Marques,Anthony Marques,506.431.713-90,BR,113,0,1
250,Rebecca Campbell,Rebecca Campbell,US63409268,US,1607,1,2
251,aurora-casa grande,Aurora Casa Grande,150.984.095-64,BR,1224,1,2
252,Laura Garza,Laura Garza,US76816240,US,1665,1,4
253,Maria V. d. Rocha,Maria Vitória da Rocha,392.855.749-82,BR,508,1,5
254,Ing. Karola Plath B.Eng.,Ing. Karola Plath B.Eng.,DE52746321,DE,1025,0,1
255,Virginia Daniels,Virginia Daniels,US78674708,US,726,1,3
256,Dra. Amanda Novaes,Dra. Amanda Novaes,408.914.322-53,BR,1461,1,4
257,Prof. Rabea Neureuther B.Eng.,Prof. Rabea Neureuther B.Eng.,DE53737494,DE,1102,1,2
258,Alexis Harris,Alexis Harris,US20657547,US,771,1,3
259,Edelmiro Bauza,Edelmiro Bauzà,ES25344154,ES,1135,1,5
260,Benicio Goncalves,Benicio Gonçalves,003.033.933-80,BR,1291,1,4
261,Colleen Wright,Colleen Wright,US69895766,US,745,1,2
262,Aaron Stanley,Aaron Stanley,GB55649583,GB,970,1,3
263,Carol eClark,Carole Clark,GB95146356,GB,1806,1,3
264,Yan Silva,Yan Silva,068.650.863-76,BR,452,1,4
265,Neil Jones-Smith,Neil Jones-Smith,GB52679593,GB,1793,1,3
266,Théo d. Costa,Théo da Costa,777.520.471-16,BR,74,1,3
267,K. Martinez,Krista Martinez,US53606752,US,646,1,4
268,Mary Moore,Mary Moore,US75797046,US,1567,1,2
269,Michael Scott PhD,Michael Scott PhD,US85454146,US,807,1,3
270,A. Schmiedecke-Scholl,Alfons Schmiedecke-Scholl,DE87132010,DE,1096,1,2
271,Michael Roberts,Michael Roberts,US65497046,US,1684,1,3
272,laura-lima,Laura Lima,171.870.262-17,BR,95,1,5
273,Klvus-D. Schaaf,Klaus-D. Schaaf,DE73798298,DE,1087,1,4
274,luan Pimenta,Luan Pimenta,438.057.198-38,BR,410,1,2
275,Timmothy Edwards,Timothy Edwards,US17809403,US,834,1,5
276,G. Patel,Gavin Patel,GB22429114,GB,962,1,3
277,Levi Pastor,Levi Pastor,845.227.597-25,BR,1315,1,4
278,Maria Luisa Farias,Maria Luísa Farias,437.575.844-19,BR,202,1,4
279,Dr Justin Clrak,Dr Justin Clark,GB56929234,GB,876,1,3
280,Encarna Cerezo,Encarna Mora Cerezo,ES68432185,ES,1124,1,4
281,Cauê Albuquerque,Cauê Albuquerque,015.582.342-91,BR,1399,1,3
282,Alicia li,Alicia Li,US67354434,US,819,1,4
283,Anna Liz Novaes,Anna Liz Novaes,896.383.465-78,BR,17,1,4
284,Pamela Parrish,Pamela Parrish,US42737219,US,1725,1,3
285,Benício da Luz,Benício da Luz,951.008.600-89,BR,1455,1,2
286,Sr. Mariane Nogueira,Mariane Nogueira,783.009.348-11,BR,1451,1,3
287,G. Robinson,Georgia Robinson,GB39009803,GB,954,1,5
288,Ana Clara Dias,Ana Clara Dias,191.485.646-79,BR,354,1,2
289,A. Sophia Barros,Ana Sophia Barros,103.886.291-27,BR,450,1,4
290,Dana Green,Dana Green,US38322236,US,1730,1,2
291,Ronald Rogers,Ronald Rogers,US23351730,US,1710,1,3
292,Henry Gabriel Camargo,Henry Gabriel Camargo,690.295.939-17,BR,336,1,2
293,Bartholomäus Trub-Hering,Bartholomäus Trub-Hering,DE62623673,DE,1078,1,2
294,J. Marques,João Marques,004.003.965-72,BR,1276,1,5
295,Trevor-Tomlinson-Hopkins,Trevor Tomlinson-Hopkins,GB23740579,GB,1020,1,3
296,Juan Cunha,Juan Cunha,091.343.161-17,BR,97,0,1
297,Srta. Luara Lima,Srta. Luara Lima,890.260.127-96,BR,459,1,3
298,Aynur Hering,Aynur Haering,DE54604858,DE,1057,1,5
299,Zdenka Weinhold B.Sc.,Zdenka Weinhold B.Sc.,DE72504573,DE,1061,1,2
300,esther borges,Esther Borges,000.173.697-11,BR,1428,1,3
301,Maria Liz Lima,Maria Liz Lima,772.369.292-98,BR,448,1,5
302,Melissa Vieira,Melissa Vieira,265.479.356-46,BR,259,1,3
303,Vanesa del Reig,Vanesa del Reig,ES68348074,ES,1178,1,4
304,allana almeida,Allana Almeida,943.680.205-72,BR,1397,1,3
305,Otávio Fernandes,Otávio Fernandes,287.101.226-91,BR,11,1,3
306,Mathias Cavalcante,Mathias Cavalcante,245.114.677-06,BR,1556,1,2
307,Raquel Moura,Raquel Moura,853.686.632-66,BR,494,1,2
308,John Gonzalez,John Gonzalez,US27254109,US,1673,1,3
309,Aurora Andrade,Aurora Andrade,687.463.734-80,BR,1303,1,4
310,Guilherme-Camargo,Guilherme Camargo,595.672.730-77,BR,1560,1,4
311,Dr D. Jones,Dr Dylan Jones,GB80947496,GB,1860,1,2
312,R. Sanchez Duran,Reyes Sanchez Duran,ES62342586,ES,1168,1,4
313,Isabelly Câmara,Isabelly Câmara,001.338.908-38,BR,2,1,3
314,Corona Barrera-Pombo,Corona Barrera-Pombo,ES98701999,ES,1163,1,3
315,Sra. jodi roach,Jodi Roach,US75960711,US,627,1,4
316,Emma Smith,Emma Smith,US83185562,US,1677,1,3
317,David Martinez,David Martinez,US42545401,US,1583,1,3
318,Munrilo Rios,Murilo Rios,379.965.075-27,BR,66,1,4
319,Srta. Aurora,Srta. Aurora Pires,370.865.086-92,BR,1514,1,2
320,David Harris,David Harris,US14928616,US,788,1,2
321,Yasmin  Costa,Yasmin Costa,896.729.582-88,BR,1264,1,4
322,Maria Liz Azevedo,Maria Liz Azevedo,448.906.120-34,BR,480,1,2
323,Herr Hubertus Knappe MBA.,Herr Hubertus Knappe MBA.,DE69545378,DE,1037,0,1
324,Pedro Camargo,Pedro Henrique Camargo,024.396.009-81,BR,1374,1,4
325,Rhavi Barros,Rhavi Barros,434.738.603-60,BR,1491,1,2
326,J. Torrijos Landa,Jovita Torrijos Landa,ES22151134,ES,1156,1,5
327,Gavin Patel,Gavin Patel,GB22429114,GB,962,1,3
328,Anne Ellis,Anne Ellis,GB60226379,GB,959,1,2
329,Sarah Obrien,Sarah Obrien,US59546934,US,1621,1,2
330,Manu Puerta Moreno,Manu Puerta Moreno,ES37603443,ES,1173,1,3
331,Carmelita Palacios Godoy,Carmelita Palacios Godoy,ES55929418,ES,1126,1,4
332,BETHANY BYRNE-POTTS,Bethany Byrne-Potts,GB84941009,GB,1838,1,2
333,Maria Flor Vargas,Maria Flor Vargas,780.282.645-06,BR,1377,1,3
334,Nathaniel-Lee,Nathaniel Lee,US14352961,US,790,1,4
335,Ofelia Flo rLledó,Ofelia Flor Lledó,ES24723458,ES,1195,1,3
336,Meghan Rush,Meghan Rush,US77420864,US,620,1,5
337,Bartholomäus TrubHering,Bartholomäus Trub-Hering,DE62623673,DE,1078,1,2
338,marcela cunha,Marcela Cunha,965.845.893-70,BR,1434,1,2
339,Bella Albuquerque,Bella Albuquerque,903.404.384-27,BR,278,1,3
340,Bernardo da Mota,Bernardo da Mota,872.050.614-97,BR,344,1,2
341,antony camargo,Antony Camargo,699.016.272-04,BR,57,1,4
342,Srta. Ana Vitória Pastor,Srta. Ana Vitória Pastor,048.996.423-53,BR,236,0,1
343,UNIV.PROF. GEBHARD ORTMANN MBA.,Univ.Prof. Gebhard Ortmann MBA.,DE27098533,DE,1097,1,6
344,Ana Lívia Teixeira,Ana Lívia Teixeira,092.327.193-74,BR,60,1,2
345,Bianca Wood,Bianca Wood,US81962094,US,659,0,1
346,Bruno da Conceiãço,Bruno da Conceição,311.656.670-10,BR,21,1,5
347,Emily Wilson,Emily Wilson,US34007090,US,740,0,1
348,Gabriel Cruz,Gabriel Cruz,US38236118,US,1751,1,4
349,Luiz Miguel bOliveira,Luiz Miguel Oliveira,713.315.098-39,BR,18,1,4
350,Mathias Fernandes,Mathias Fernandes,753.046.374-54,BR,212,1,5
351,Katie Mcneil,Katie Mcneil,US29531743,US,590,1,3
352,Camila Brito,Camila Brito,761.052.955-50,BR,1233,1,3
353,Crystal Spears,Crystal Spears,US27691623,US,1575,1,3
354,Esther Borges,Esther Borges,000.173.697-11,BR,1428,1,3
355,GeorgeaMahmood,George Mahmood,GB44122298,GB,1792,1,2
356,Daniel Mveza,Daniel Meza,US92201431,US,554,1,4
357,Edward Wood,Edward Wood,US21940336,US,1657,1,3
358,Megan Perez,Megan Perez,US57328529,US,1676,1,3
359,Lesley Dodd,Lesley Dodd,GB35334041,GB,1782,1,3
360,Mr Danny Turner,Mr Danny Turner,GB21687128,GB,989,1,2
361,Scott Daia,Scott Davila,US78714531,US,1561,1,5
362,Ryan Cunha,Ryan Cunha,719.022.941-31,BR,75,1,4
363,Kathryn-Mccann,Kathryn Mccann,US74916146,US,840,1,4
364,Rhys Cooper,Rhys Cooper,GB45711004,GB,1810,1,5
365,Heitor Cassiano,Heitor Cassiano,292.961.112-42,BR,1209,1,4
366,P. Nelson,Phillip Nelson,US87984620,US,571,1,6
367,Hehloisa Vasconcelos,Heloisa Vasconcelos,637.454.589-29,BR,287,1,2
368,Julia Duarte,Julia Duarte,828.666.312-46,BR,1378,1,3
369,Kevin Smith,Kevin Smith,GB79937264,GB,917,1,2
370,mrs denise harrison,Mrs Denise Harrison,GB78996054,GB,1019,1,2
371,Sara-Barber,Sara Barber,GB62286700,GB,939,1,3
372,Isabel Rbios,Isabel Rios,302.307.956-23,BR,1557,1,2
373,Rodrigo Macedo,Rodrigo Macedo,440.819.266-81,BR,1522,1,3
374,Dra. Zoe,Dra. Zoe da Luz,262.045.053-31,BR,36,1,2
375,Jeremy Mitchell,Jeremy Mitchell,US51927304,US,562,1,5
376,Krista Martinez,Krista Martinez,US53606752,US,646,1,4
377,Sandra Simó Vazquez,Sandra Simó Vazquez,ES47877483,ES,1196,1,2
378,Dra. M. Pacheco,Dra. Mariane Pacheco,586.923.226-02,BR,37,1,3
379,Albert Dalton,Albert Dalton,US92373858,US,1584,1,2
380,A. Vargas,Antônio Vargas,145.142.198-85,BR,1481,1,3
381,Tracey Kay,Tracey Kay,GB76625267,GB,854,1,2
382,yuri Teixeira,Yuri Teixeira,989.921.722-33,BR,350,1,5
383,Lauren Williams DVM,Lauren Williams DVM,US12217733,US,1660,1,2
384,Ercan Weihmann,Ercan Weihmann,DE55464764,DE,1035,1,4
385,Zoe Campos,Zoe Campos,117.182.278-24,BR,16,1,2
386,Maria Vitória da,Maria Vitória da Rocha,392.855.749-82,BR,508,1,5
387,Donna Frye,Donna Frye,US51996390,US,654,1,4
388,Yan Lima,Yan Lima,600.165.053-42,BR,1532,1,2
389,megan perez,Megan Perez,US57328529,US,1676,1,3
390,Aba Lívia da Costa,Ana Lívia da Costa,545.444.328-30,BR,367,1,2
391,Gislinde Gerlach-Gierschner,Gislinde Gerlach-Gierschner,DE65491233,DE,1111,1,2
392,Davi Miguel da Cruz,Davi Miguel da Cruz,680.112.805-98,BR,35,0,1
393,Brayan Ramos,Brayan Ramos,106.421.763-55,BR,1373,1,5
394,L. Lima,Laura Lima,171.870.262-17,BR,95,1,5
395,ELLIE JAMES,Ellie James,GB69562350,GB,963,1,5
396,Maria Gomes,Maria Helena Gomes,970.246.299-60,BR,355,1,3
397,Otto Gonçalves,Otto Gonçalves,745.383.639-43,BR,1351,1,3
398,Kriemyhild Weiß B.A.,Kriemhild Weiß B.A.,DE70838623,DE,1083,1,4
399,Leanxro Moura,Leandro Moura,159.078.152-26,BR,1364,1,3
400,Ana Sophia Barros,Ana Sophia Barros,103.886.291-27,BR,450,1,4
401,JAMES BRADLEY,James Bradley,US27996802,US,619,1,3
402,Benicio Pereia,Benicio Pereira,674.676.212-02,BR,390,1,6
403,Catherine Fisher,Catherine Fisher,GB51895110,GB,999,1,2
404,Anthony Gabriel Machado,Anthony Gabriel Machado,703.506.827-93,BR,1474,1,2
405,Ravi Aragão,Ravi Aragão,463.656.018-83,BR,1217,1,2
406,Camila Brito,Camila Brito,761.052.955-50,BR,1233,1,3
407,Dipl.-Ing. Hans-Erich Schafer MBA.,Dipl.-Ing. Hans-Erich Schäfer MBA.,DE89558393,DE,1051,1,6
408,Univ.Prof. Friederike Hiltler,Univ.Prof. Friederike Hiller,DE13891332,DE,1040,1,5
409,J. Jones,Jennifer Jones,US86687590,US,836,1,6
410,Natália Casa Grande,Natália Casa Grande,164.005.242-78,BR,34,1,2
411,Kim oMrrow,Kim Morrow,US73848982,US,767,1,5
412,Mr Jeremy Smith,Mr Jeremy Smith,GB25865493,GB,865,1,3
413,Diana Matthews,Diana Matthews,US85362563,US,1758,1,4
414,B. Azevedo,Bruna Azevedo,923.309.584-98,BR,282,1,2
415,Thomas Monteiro,Thomas Monteiro,754.330.365-41,BR,39,1,4
416,Stephanie Elliott,Stephanie Elliott,US92148463,US,833,1,5
417,Geraldo Acevedo,Geraldo Acevedo Roma,ES76343171,ES,1152,1,5
418,D. Alejx Brown,Dr Alex Brown,GB76102828,GB,858,1,4
419,Jasno Butcher,Jason Butcher,GB74625235,GB,908,1,5
420,Bryan Abreu,Bryan Abreu,768.408.371-22,BR,1423,1,4
421,Vinicius da Rosa III,Vinicius da Rosa,108.515.285-85,BR,1405,1,3
422,Wayne Murray,Wayne Murray,GB25226607,GB,1799,1,2
423,LEVI CUNHA,Levi Cunha,808.412.411-82,BR,32,1,2
424,Anthony Gonzales,Anthony Gonzales,US92074794,US,656,1,3
425,Dr Megan Roberts,Dr Megan Roberts,GB30855594,GB,909,1,2
426,Anne Ellis,Anne Ellis,GB60226379,GB,959,1,2
427,Rben Dunn,Ruben Dunn,US85812116,US,581,1,4
428,Isabelly Sá,Isabelly Sá,662.961.943-11,BR,250,1,2
429,Eduarda da Paz,Eduarda da Paz,109.147.624-97,BR,1256,1,3
430,G. Richardson,George Richardson,GB95564277,GB,878,1,6
431,Reebca Novais,Rebeca Novais,371.240.659-65,BR,257,1,4
432,Laura Hernandez,Laura Hernandez,US25777827,US,749,1,2
433,Maria Fisher,Maria Fisher,US10771825,US,760,1,6
434,Cecilia da Conceicao,Cecília da Conceição,898.562.575-32,BR,379,1,2
435,George Murphy,George Murphy,GB15469312,GB,1762,1,4
436,Rebecca Hicks,Rebecca Hicks,US40369856,US,632,1,3
437,JOSÉ MIGUEL NASCIMENTO,José Miguel Nascimento,334.521.384-44,BR,1550,1,2
438,apollo borges,Apollo Borges,060.385.050-64,BR,312,1,2
439,BRENDA HINTON,Brenda Hinton,US21766833,US,839,1,4
440,travis hobbs,Travis Hobbs,US84832912,US,780,1,3
441,Dr A. Sims,Dr Abdul Sims,GB78006730,GB,888,1,3
442,Maria-Júlia Cardoso,Maria Júlia Cardoso,960.746.702-73,BR,1409,1,3
443,Aylla Viana,Aylla Viana,809.797.949-48,BR,1311,1,4
444,H. Peukert,Heidelinde Peukert,DE34609232,DE,1079,1,3
445,Paut Moore,Paul Moore,US36302991,US,1670,1,4
446,Aaron Arnold,Aaron Arnold,US60860378,US,817,1,5
447,Caroline Mendes,Caroline Mendes,532.500.268-05,BR,1340,1,3
448,Henrique Martins,Henrique Martins,866.882.634-35,BR,230,1,4
449,Steve Watson,Steven Watson,US11507311,US,1680,1,3
450,Amy Mahrtinez,Amy Martinez,US33767033,US,642,1,4
451,André Monteiro,André Monteiro,461.872.346-01,BR,500,1,2
452,Antony Camargo,Antony Camargo,699.016.272-04,BR,57,1,4
453,João Montenegro,João Montenegro,585.149.368-99,BR,126,1,6
454,fernanda lima,Fernanda Lima,241.418.328-56,BR,301,1,2
455,Edelmiro Bauzà,Edelmiro Bauzà,ES25344154,ES,1135,1,5
456,anthony martins,Anthony Martins,506.489.090-10,BR,381,1,3
457,Richard Taylor,Richard Taylor,GB55520266,GB,932,1,6
458,J. das,Júlia das Neves,507.146.112-54,BR,266,1,2
459,Diogo da Cpruz,Diogo da Cruz,972.521.752-50,BR,374,1,4
460,Raquel Campos,Raquel Campos,705.932.525-00,BR,332,0,1
461,Laurie Goodwin,Laurie Goodwin,US24670297,US,835,0,1
462,Ana Júlia Cassiano,Ana Júlia Cassiano,422.325.367-29,BR,284,1,4
463,Eduardo Cunha,Eduardo Cunha,669.784.801-84,BR,12,1,3
464,Pedro Henrique Castro,Pedro Henrique Castro,163.287.083-17,BR,49,1,3
465,Melissa Rodrigues,Melissa Rodrigues,931.572.791-94,BR,524,1,3
466,Guy Rowe,Guy Rowe,GB41895802,GB,950,1,3
467,JULIANA DUARTE,Juliana Duarte,218.501.631-59,BR,248,1,3
468,Bernardo Pastor,Bernardo Pastor,101.377.995-06,BR,1391,1,3
469,Lori Ingram,Lori Ingram,US65197277,US,594,1,5
470,Gary Wells,Gary Wells,US49081432,US,679,1,2
471,Mr. Carly,Carly Donnelly,GB37125189,GB,961,1,6
472,GEORGE RICHARDSON,George Richardson,GB95564277,GB,878,1,6
473,James Whitaker,James Whitaker,US86810468,US,806,1,3
474,Mateus Almeida,Mateus Almeida,900.664.956-18,BR,1368,1,3
475,Diogo na Cruz,Diogo da Cruz,972.521.752-50,BR,374,1,4
476,Rodrigo da,Rodrigo da Mota,609.379.660-33,BR,270,1,3
477,amelia palmer,Amelia Palmer,GB41235369,GB,861,1,3
478,Ashley Wise,Ashley Wise,US40524866,US,556,1,4
479,Alexandre Fewnandes,Alexandre Fernandes,278.484.889-66,BR,1419,1,4
480,Guy Rowe,Guy Rowe,GB41895802,GB,950,1,3
481,Prof. Giovanni walvter B.eng.,Prof. Giovanni Walter B.Eng.,DE42021033,DE,1112,1,4
482,Mr Gerard Warner,Mr Gerard Warner,GB65559839,GB,915,1,2
483,A. Lívia Rios,Ana Lívia Rios,067.065.405-15,BR,162,1,5
484,Maria Cecília,Maria Cecília Pinto,078.593.213-34,BR,328,1,3
485,Aníbal Vallés,Aníbal Hector Arana Vallés,ES81303949,ES,1166,1,4
486,J. Macedo,João Gabriel Macedo,149.216.433-47,BR,488,1,5
487,Mrs Sara Clark III,Mrs Sara Clark,GB84828728,GB,1853,1,5
488,Pedro Henrique Souza,Pedro Henrique Souza,974.351.013-30,BR,1465,1,4
489,maysa fernandes,Maysa Fernandes,711.057.887-64,BR,1516,1,3
490,Gregory-Wright,Gregory Wright,GB62775913,GB,1868,1,2
491,Julia Melo,Julia Melo,374.370.642-04,BR,1539,1,2
492,BRYAN ABREU,Bryan Abreu,768.408.371-22,BR,1423,1,4
493,rhonda chavez,Rhonda Chavez,US10474177,US,752,1,3
494,randy cannon,Randy Cannon,US82947490,US,759,1,3
495,Jennifer Becker-Kranz,Jennifer Becker-Kranz,DE47883942,DE,1093,1,6
496,G. Leao,Gabriela Leão,612.490.652-86,BR,1207,1,4
497,Robin Thompson,Robin Thompson,US69459055,US,596,1,3
498,Johnny Khan,Johnny Khan,US42980201,US,668,1,2
499,C. Font Barco,Clemente Font Barco,ES85165988,ES,1193,1,2
500,Melissa Vieira,Melissa Vieira,265.479.356-46,BR,259,1,3
501,K. Correia,Kamilly Correia,660.728.326-84,BR,426,1,5
502,vitória novais,Vitória Novais,339.500.479-74,BR,189,1,4
503,julia Aparecida,Julia Aparecida,957.015.430-39,BR,15,0,1
504,Oliver Mendes,Oliver Mendes,327.104.054-11,BR,340,1,2
505,Iain Benson,Iain Benson,GB80516816,GB,847,1,2
506,Meghan Rush,Meghan Rush,US77420864,US,620,1,5
507,Brandon Adams-Barber,Brandon Adams-Barber,GB58745417,GB,1818,1,3
508,Aylla Souza,Aylla Souza,021.465.669-38,BR,463,1,3
509,Lucas Rios,Lucas Rios,937.690.426-81,BR,465,1,3
510,Rabea  Trüb-Klemt,Rabea Trüb-Klemt,DE24358786,DE,1101,1,2
511,Vitória da,Vitória da Rocha,383.028.883-52,BR,1361,1,3
512,Caleb Melo,Caleb Melo,072.335.892-36,BR,1450,1,2
513,Olívia Azevedo,Olívia Azevedo,849.027.703-84,BR,461,1,4
514,Mrs Laura Archer,Mrs Laura Archer,GB94806492,GB,856,1,2
515,Maria Helena,Maria Helena Costa,663.923.321-46,BR,1201,1,4
516,david russell,David Russell,US57489235,US,1643,1,5
517,george Murphy,George Murphy,GB15469312,GB,1762,1,4
518,Thomas Melo,Thomas Melo,947.312.172-71,BR,174,1,4
519,LUCCA FERREIRA,Lucca Ferreira,293.143.866-32,BR,478,1,6
520,B. Moraes,Breno Moraes,811.386.338-39,BR,516,1,5
521,Luiz G. Montenegro,Luiz Gustavo Montenegro,864.168.622-78,BR,529,1,5
522,Bianca Sales,Bianca Sales,616.157.686-84,BR,1247,1,4
523,Brandon-Fleming,Brandon Fleming,US73598657,US,628,1,2
524,Dneise Martinez,Denise Martinez,US70516875,US,705,1,5
525,Mr J. nRose,Mr Justin Rose,GB17519183,GB,916,1,3
526,Edmlgard Bruder,Edelgard Bruder,DE51660066,DE,1068,1,2
527,Alana Cirino,Alana Cirino,737.971.601-64,BR,1517,1,2
528,Curtis Taylor,Curtis Taylor,US14325777,US,633,1,3
529,Aitor Coloma,Aitor Coloma Cifuentes,ES37949250,ES,1121,1,4
530,David York,David York,US18976711,US,1633,1,3
531,Samantha Robertson,Samantha Robertson,US15892974,US,732,1,3
532,tracey wheeler,Tracey Wheeler,GB98447373,GB,995,1,2
533,Isaque Ramos,Isaque Ramos,670.331.386-22,BR,1330,1,2
534,Madeline Johnson,Madeline Johnson,US61172887,US,1653,1,2
535,Shari Martinez,Shari Martinez,US47728814,US,1694,1,2
536,L. Henrique Vieira,Luiz Henrique Vieira,803.928.272-29,BR,438,1,2
537,ANGELINA ARAGONÉS MARIÑO,Angelina Aragonés Mariño,ES23106885,ES,1141,1,3
538,S. LIMA,Sofia Lima,098.358.416-87,BR,191,1,2
539,M. Cassiano,Manuella Cassiano,590.609.624-30,BR,1441,1,2
540,georgina taylor,Georgina Taylor,GB52835559,GB,1008,1,3
541,Oxana Sauer,Oxana Sauer,DE81503899,DE,1107,1,6
542,Dr Roberts,Dr Megan Roberts,GB30855594,GB,909,1,2
543,Nicola Phillips,Nicola Phillips,GB18457740,GB,1815,1,4
544,Gregory Hill,Gregory Hill,US70899748,US,768,1,3
545,Hellena Cavalcanti,Hellena Cavalcanti,592.555.625-88,BR,185,1,5
546,Aylla Barbosa,Aylla Barbosa,019.583.356-63,BR,1404,1,2
547,Nicholas Carter,Nicholas Carter,GB25790828,GB,1010,1,4
548,Francisco  Araújo,Francisco Araújo,973.644.270-93,BR,1513,1,4
549,Stephany Siqueira,Stephany Siqueira,148.631.027-12,BR,1309,1,4
550,Emanuel Sá,Emanuel Sá,499.023.039-53,BR,1406,1,3
551,Matteo Freitas,Matteo Freitas,831.955.910-06,BR,1484,1,3
552,Maitê Peixoto,Maitê Peixoto,024.596.623-67,BR,1393,1,5
553,Ravy Camara,Ravy Câmara,255.466.590-51,BR,145,1,2
554,Aurora Casa Grande,Aurora Casa Grande,150.984.095-64,BR,1224,1,2
555,Herr G. Schenk,Herr Gisbert Schenk,DE97167893,DE,1104,1,6
556,Kristin,Kristin Mendoza,US90971604,US,793,1,4
557,James Combs,James Combs,US79413809,US,1651,1,4
558,Gustavo Vasconcelos,Gustavo Vasconcelos,754.416.083-29,BR,1454,1,5
559,lewi Wright,Lewis Wright,GB81898750,GB,1870,1,5
560,Michael Johnson,Michael Johnson,US29091078,US,691,1,3
561,Alison Gregory,Alison Gregory,US90884680,US,1646,1,3
562,Vitória Pires,Vitória Pires,141.056.593-91,BR,1269,1,2
563,Mr Henry Perry,Mr Henry Perry,GB51797362,GB,1800,1,2
564,Dominic Harris-olloway,Dominic Harris-Holloway,GB36918105,GB,1003,1,5
565,Martha Bailey,Martha Bailey,US41927492,US,763,1,4
566,Silja-Dussen van,Silja Dussen van,DE29289997,DE,1074,1,3
567,Emanuelly Nunes,Emanuelly Nunes,262.385.734-15,BR,1210,1,2
568,Daniela da,Daniela da Mata,098.851.656-04,BR,124,1,3
569,Brdna Rodrigues,Bruna Rodrigues,773.872.148-95,BR,46,1,3
570,HENRY GABRIEL AZEVEDO,Henry Gabriel Azevedo,436.349.578-85,BR,69,1,2
571,Mr B. Baker,Mr Bernard Baker,GB33825832,GB,1802,1,4
572,Clarice Monteiro,Clarice Monteiro,653.074.505-44,BR,356,1,3
573,Dr. Juliana Oliveira,Juliana Oliveira,386.571.918-26,BR,314,1,5
574,V. Rodrigues Jr.,Vitória Rodrigues,783.970.523-27,BR,1205,1,4
575,Jonathan Griffiths,Jonathan Griffiths,GB80164897,GB,1841,1,4
576,F. Jesus,Felipe Jesus,328.603.342-91,BR,1235,1,2
577,Olívia Ris,Olívia Rios,290.868.927-38,BR,1282,1,3
578,Mr John box,Mr John Fox,GB46595028,GB,1011,1,3
579,Andrea Orr,Andrea Orr,US17224928,US,1604,1,3
580,Josué Vieira,Josué Vieira,124.499.597-34,BR,1510,1,3
581,DECLAN FOX,Declan Fox,GB92677226,GB,897,1,3
582,Brent Miller,Brent Miller,US32998516,US,1686,1,5
583,Zachary-Massey,Zachary Massey,US42624697,US,1574,1,3
584,Luísa Alves,Luísa Alves,834.735.977-46,BR,152,1,2
585,Srta. Maya Brito,Srta. Maya Brito,099.353.875-84,BR,369,1,2
586,Diogo d. Cunha,Diogo da Cunha,684.577.600-49,BR,520,1,4
587,Elwaine Kelly,Elaine Kelly,GB21649801,GB,948,1,3
588,MICHELLE BROWN,Michelle Brown,US68052555,US,1759,1,4
589,Leonardo Novaes,Leonardo Novaes,545.226.752-89,BR,334,0,1
590,Joseph Ochoa,Joseph Ochoa,US49303341,US,822,1,2
591,ágatha leão,Ágatha Leão,398.780.157-39,BR,418,1,3
592,Marcos Vinicius da Cruz,Marcos Vinicius da Cruz,271.673.207-04,BR,1369,1,2
593,Luna Martins,Luna Martins,719.285.654-31,BR,172,1,5
594,Igor Capmos,Igor Campos,573.875.717-75,BR,267,1,3
595,Stephanie Spears,Stephanie Spears,US67520631,US,1675,1,4
596,Diane Cooper,Diane Cooper,GB89763928,GB,988,1,3
597,Mrs Lynn,Mrs Lynn Doherty,GB87383284,GB,1778,1,4
598,Dra. Raquel Costela Jr.,Dra. Raquel Costela,304.181.968-14,BR,1343,1,2
599,T. Bruder,Trude Bruder,DE25151444,DE,1088,1,4
600,David Moina,David Molina,US85898994,US,735,1,2
601,Igor Fernandes,Igor Fernandes,573.679.418-70,BR,1339,1,2
602,Vitor Campos,Vitor Gabriel Campos,866.934.654-72,BR,405,1,6
603,Mr Gerald,Mr Gerald Murphy,GB29232735,GB,975,1,3
604,Anatol Aumann,Anatol Aumann,DE82555030,DE,1036,1,2
605,Srta. M.,Srta. Maya Brito,099.353.875-84,BR,369,1,2
606,Natália Santos,Natália Santos,666.870.021-76,BR,244,1,2
607,lunna andrade,Lunna Andrade,397.043.674-02,BR,1323,1,3
608,Gael Henrique Gomes,Gael Henrique Gomes,835.642.087-37,BR,385,1,2
609,J. Cavalcante,Jade Cavalcante,839.672.379-54,BR,1347,1,2
610,Yasmin Santos,Yasmin Santos,645.208.814-74,BR,502,1,3
611,Pietro Pastor,Pietro Pastor,413.953.767-24,BR,9,1,2
612,Ana Luiza Monteiro,Ana Luiza Monteiro,193.889.446-90,BR,1468,1,3
613,Katherine Martinez,Katherine Martinez,US62004039,US,626,1,3
614,Bianca Sales,Bianca Sales,616.157.686-84,BR,1247,1,4
615,Mathias Fernandes,Mathias Fernandes,753.046.374-54,BR,212,1,5
616,Caoline da Paz,Caroline da Paz,376.108.007-36,BR,1460,1,5
617,Lavínia da das Mota,Lavínia da Mota,334.862.782-39,BR,1458,1,2
618,Ana L. Monteiro,Ana Luiza Monteiro,193.889.446-90,BR,1468,1,3
619,Aristides Núñez Riba,Aristides Núñez Riba,ES29693143,ES,1162,1,2
620,Antony Baker-Coles,Antony Baker-Coles,GB30679969,GB,968,1,3
621,Bento Mchado,Bento Machado,070.164.510-46,BR,537,1,5
622,Christopher,Christopher Morris,US68959861,US,643,1,6
623,Robert George,Robert George,US31698875,US,1589,1,5
624,Leonardo Cavalcanti,Leonardo Cavalcanti,483.960.730-83,BR,1427,1,2
625,Bryan Cunningham,Bryan Cunningham,GB12512345,GB,923,1,5
626,Ana Beatriz Pacheco,Ana Beatriz Pacheco,386.631.779-71,BR,396,1,3
627,Sean Moore,Sean Moore,US79880338,US,663,1,3
628,Dr John Hart,Dr John Hart,GB31668901,GB,1821,1,3
629,Sara Porto,Sara Porto,130.596.925-11,BR,1476,1,4
630,T. Gomes,Thiago Gomes,703.352.110-39,BR,533,1,3
631,L. Simmons,Lori Simmons,US37868647,US,781,1,6
632,katherine martnez,Katherine Martinez,US62004039,US,626,1,3
633,Sofai Pereira,Sofia Pereira,986.430.098-18,BR,454,1,4
634,Y. Castro,Yago Castro,016.761.847-23,BR,382,1,2
635,Vinícius da Rocha,Vinícius da Rocha,599.162.473-14,BR,453,1,2
636,Rodrigo Barbosa,Rodrigo Barbosa,455.758.416-18,BR,1559,1,4
637,daniel barbosa,Daniel Barbosa,840.369.003-43,BR,132,1,5
638,Augusto Sampaio,Augusto Sampaio,642.122.060-81,BR,1435,1,3
639,Univ.Prof. R. R. B.Sc.,Univ.Prof. Rolf-Dieter Ring B.Sc.,DE64450250,DE,1100,1,6
640,Robert Cummings,Robert Cummings,US43971980,US,754,1,2
641,Tanya Russell,Tanya Russell,US32010905,US,716,1,5
642,Vitoria Albuquerque,Vitória Albuquerque,124.998.569-84,BR,120,1,3
643,Brian McKenzie,Brian McKenzie,GB59873103,GB,951,1,3
644,Dr Liam de Watkins,Dr Liam Watkins,GB77879264,GB,1835,1,3
645,LUIZ M. NASCIMENTO,Luiz Miguel Nascimento,246.469.246-99,BR,1215,1,3
646,Yuri eixeira,Yuri Teixeira,989.921.722-33,BR,350,1,5
647,Lynne Stokes,Lynne Stokes,GB54628958,GB,1777,1,3
648,Amber Cooper,Amber Cooper,US71557975,US,756,1,2
649,Sephany Siqueira,Stephany Siqueira,148.631.027-12,BR,1309,1,4
650,Amanda,Amanda Novais,255.341.928-32,BR,7,1,3
651,P. Sinaida Hermighausen B.Eng.,Prof. Sinaida Hermighausen B.Eng.,DE36379129,DE,1882,1,2
652,Curro Fernandez Cases,Curro Fernández Cases,ES92620697,ES,1169,1,2
653,Luiza Sá,Luiza Sá,801.624.565-06,BR,190,1,2
654,Dean Donovan,Dean Donovan,US98707799,US,804,1,3
655,Declan Sharp,Declan Sharp,GB50576475,GB,956,1,2
656,Donana Frye,Donna Frye,US51996390,US,654,1,4
657,D.,Diogo da Cunha,684.577.600-49,BR,520,1,4
658,Y. Alves,Yasmin Alves,279.568.783-39,BR,215,1,6
659,Juan Bautista Sedano-Alberola,Juan Bautista Sedano-Alberola,ES52493026,ES,1174,1,3
660,Dra. Júlia Pimenta,Dra. Júlia Pimenta,148.902.503-92,BR,246,0,1
661,marcelo cassiano,Marcelo Cassiano,114.351.906-69,BR,460,1,4
662,Gustavo Cunha,Gustavo Cunha,322.159.588-68,BR,1538,1,3
663,Bernhard Gehringer-Mende,Bernhard Gehringer-Mende,DE72464469,DE,1070,1,3
664,Michelle Green,Michelle Green,GB92448605,GB,852,1,2
665,ana carolina araújo,Ana Carolina Araújo,465.911.665-53,BR,531,1,6
666,Arthur Miguel Correia,Arthur Miguel Correia,344.893.567-00,BR,1537,1,2
667,Bento da Conceição,Bento da Conceição,413.435.240-82,BR,72,0,1
668,Bernardo Aparecida,Bernardo Aparecida,301.031.051-83,BR,19,1,2
669,Mr Elliot Joens,Mr Elliot Jones,GB55357116,GB,902,1,5
670,Nicol eVasconcelos,Nicole Vasconcelos,544.395.192-77,BR,1526,1,4
671,robert nguyen,Robert Nguyen,US71239633,US,1706,1,4
672,Justin Escobar,Justin Escobar,US62578860,US,1654,1,2
673,Leslie,Leslie Dennis,US75507808,US,1614,1,2
674,Rebeca Cassiavno,Rebeca Cassiano,115.869.380-68,BR,348,1,2
675,David Martinez,David Martinez,US42545401,US,1583,1,3
676,Sara Warren,Sara Warren,GB24786616,GB,1804,1,3
677,Emma Reed,Emma Reed,US28456645,US,629,1,2
678,Pedro Miguel Ferreira,Pedro Miguel Ferreira,046.184.992-61,BR,383,1,3
679,A. Novaes,Anna Liz Novaes,896.383.465-78,BR,17,1,4
680,Timoth yEdwards,Timothy Edwards,US17809403,US,834,1,5
681,B. Thornton,Brenda Thornton,US29482024,US,579,1,3
682,Stephen Harris,Stephen Harris,US33978100,US,1732,1,4
683,Albert Anderson-Turnbull,Albert Anderson-Turnbull,GB59000217,GB,1812,1,4
684,Caue Souza,Cauê Souza,271.111.615-28,BR,123,0,1
685,Kaique Pastor,Kaique Pastor,704.774.349-02,BR,347,1,3
686,Vicente dasNeves,Vicente das Neves,400.995.226-01,BR,1265,1,4
687,Anna Liz Carvfalho,Anna Liz Carvalho,263.689.702-83,BR,199,1,2
688,Dawn Alexander,Dawn Alexander,US78546837,US,1600,1,3
689,Horteusia Taboada,Hortensia Taboada,ES30027490,ES,1164,1,3
690,Deborah Reeves,Deborah Reeves,GB93650413,GB,849,1,6
691,Clara Goes,Clara Gomes,062.962.015-33,BR,342,1,4
692,ROSEMARY PATEL,Rosemary Patel,GB86359356,GB,896,1,2
693,Ellie James,Ellie James,GB69562350,GB,963,1,5
694,Chelsea Donnelly,Chelsea Donnelly,GB38267755,GB,1827,1,5
695,Zaschary Massey,Zachary Massey,US42624697,US,1574,1,3
696,Dr John Harvey,Dr John Harvey,GB53934556,GB,974,1,2
697,michael abbott,Michael Abbott,US26377680,US,825,1,3
698,Emma Owens,Emma Owens,US80495248,US,660,1,4
699,Ana B. Rodrigues,Ana Beatriz Rodrigues,959.296.694-56,BR,1483,1,2
700,Emilly da Mota,Emilly da Mota,154.516.808-76,BR,86,1,2
701,Mohammad Gould,Mohammad Gould,GB12047721,GB,1016,1,4
702,Jose Pedro Cavalcanti,José Pedro Cavalcanti,886.239.240-75,BR,153,1,4
703,GAEL LEÃO,Gael Leão,775.841.616-92,BR,167,1,3
704,Dr Stephen Thomson,Dr Stephen Thomson,GB91717739,GB,844,1,3
705,Kelly Turner,Kelly Turner,US96907911,US,1687,1,3
706,Antonie Beyer,Antonie Beyer,DE81603135,DE,1059,1,5
707,Jacinto Arribas Lago,Jacinto Arribas Lago,ES87949346,ES,1159,0,1
708,Sabine Tlustek,Sabine Tlustek,DE44635255,DE,1076,1,2
709,GEORGE MURPHY,George Murphy,GB15469312,GB,1762,1,4
710,Yuri Albuquesrque,Yuri Albuquerque,680.443.699-57,BR,45,1,4
711,Srta. Luara Campos,Srta. Luara Campos,140.105.123-82,BR,268,1,3
712,Mirella Barbosa,Mirella Barbosa,271.091.043-00,BR,299,1,3
713,João Lucas Sá,João Lucas Sá,226.567.661-82,BR,221,1,4
714,Isaque Silveira,Isaque Silveira,464.715.437-99,BR,256,1,2
715,J. Bradley,James Bradley,US27996802,US,619,1,3
716,Nicole-gonzalez,Nicole Gonzalez,US16616323,US,677,1,4
717,Wiebke iWnkler,Wiebke Winkler,DE41097470,DE,1072,1,4
718,Pamela Gutierrez,Pamela Gutierrez,US22499198,US,813,0,1
719,Naicholas Carter,Nicholas Carter,GB25790828,GB,1010,1,4
720,Gregorim Torralba-Suárez,Gregorio Torralba-Suárez,ES56206415,ES,1179,1,3
721,Yasminf Alves,Yasmin Alves,279.568.783-39,BR,215,1,6
722,J. Norris,Joseph Norris,US68603438,US,1635,1,4
723,Maria Luísa Duarte Jr,Maria Luísa Duarte,548.687.403-45,BR,165,1,4
724,Gustavo Vasconcelos,Gustavo Vasconcelos,754.416.083-29,BR,1454,1,5
725,Rodrigo Andrade,Rodrigo Andrade,772.782.856-20,BR,1527,1,2
726,Sophie west-hall,Sophie West-Hall,GB39121851,GB,1855,1,3
727,maria fisher,Maria Fisher,US10771825,US,760,1,6
728,John,John Gonzalez,US27254109,US,1673,1,3
729,Leonardo,Leonardo Câmara,782.911.467-86,BR,177,1,2
730,B. Machado,Bianca Machado,322.259.136-51,BR,444,1,4
731,Jasmine Beltran,Jasmine Beltran,US92805158,US,606,1,2
732,Brianna Mccormick,Brianna Mccormick,US30609738,US,1752,1,3
733,João Montengero,João Montenegro,585.149.368-99,BR,126,1,6
734,Sr. Sean Clay,Sean Clay,US38164968,US,831,1,6
735,Kunigunde Ziegert,Kunigunde Ziegert,DE34022690,DE,1049,1,3
736,Lui Gustavo Caldeira,Luiz Gustavo Caldeira,043.416.518-27,BR,469,1,4
737,A. Vargas,Antônio Vargas,145.142.198-85,BR,1481,1,3
738,Laís Novaes,Laís Novaes,054.156.676-52,BR,166,1,5
739,igor da cunha,Igor da Cunha,962.008.671-29,BR,1237,1,2
740,ana cecília sá,Ana Cecília Sá,028.439.599-53,BR,226,1,4
741,Beatriz Abreu,Beatriz Abreu,620.547.600-64,BR,1456,1,2
742,Steven Rivera,Steven Rivera,US80994013,US,838,1,3
743,João Pedro da Costa,João Pedro da Costa,749.930.972-89,BR,197,0,1
744,Sra. Rosie Palmer,Rosie Palmer,GB25827722,GB,869,1,4
745,Pedro Henrique Castro,Pedro Henrique Castro,163.287.083-17,BR,49,1,3
746,Taylor Carlson,Taylor Carlson,US84804948,US,585,1,3
747,sandra Rodgers,Sandra Rodgers,US21783647,US,551,1,5
748,Casey Gillspie,Casey Gillespie,US58713437,US,722,0,1
749,MICHAEL MILLER,Michael Miller,US94081078,US,747,0,1
750,Cody Jones,Cody Jones,US54324700,US,1649,1,4
751,Murilo Lão,Murilo Leão,699.527.232-67,BR,1327,1,4
752,Lewis Wright,Lewis Wright,GB81898750,GB,1870,1,5
753,John Coffey,John Coffey,US49516346,US,687,1,2
754,M. Moresra,Melina Moreira,474.193.408-36,BR,1384,1,3
755,Dr Henry Lewis,Dr Henry Lewis,GB89885300,GB,941,1,2
756,Dr Leonard Lowe,Dr Leonard Lowe,GB94088862,GB,934,0,1
757,Benicio Camargo,Benicio Camargo,458.685.014-29,BR,40,0,1
758,Dr John,Dr John Hart,GB31668901,GB,1821,1,3
759,Marie Skinner,Marie Skinner,GB45277027,GB,1830,1,3
760,francisco santos,Francisco Santos,728.716.422-90,BR,1545,1,4
761,Lorenzo Almeida,Lorenzo Almeida,927.503.731-45,BR,439,1,2
762,Alejandra Espada-Monreal,Alejandra Espada-Monreal,ES98934311,ES,1130,0,1
763,B. Macedo,Beatriz Macedo,282.417.248-25,BR,370,1,4
764,Casey Jimenez,Casey Jimenez,US41462719,US,1698,1,5
765,Nicole Martins,Nicole Martins,486.457.117-92,BR,1501,1,2
766,Pedro Miguel Siqueira,Pedro Miguel Siqueira,728.785.738-91,BR,1312,1,3
767,Isaque-Vasconcelos,Isaque Vasconcelos,005.993.763-93,BR,1469,1,2
768,L. Viana,Liz Viana,220.022.793-61,BR,1547,1,4
769,S. Sosa,Sharon Sosa,US60777144,US,1721,1,2
770,Larissa Vargas,Larissa Vargas,401.324.655-94,BR,1544,1,3
771,Cody Jones,Cody Jones,US54324700,US,1649,1,4
772,João Gabriel da Mota,João Gabriel da Mota,117.113.156-53,BR,1297,1,3
773,Sara Warren,Sara Warren,GB24786616,GB,1804,1,3
774,Cauê Garcia,Cauê Garcia,518.203.778-89,BR,144,0,1
775,Ricky Duffy,Ricky Duffy,GB79753731,GB,855,1,3
776,Yasmin Dias,Yasmin Dias,674.190.316-05,BR,1508,1,5
777,Ryan Landry,Ryan Landry,US14810369,US,812,0,1
778,Edelmiry Bauzà,Edelmiro Bauzà,ES25344154,ES,1135,1,5
779,Damian Striebitz,Damian Striebitz,DE92804565,DE,1075,1,2
780,Edward Wood,Edward Wood,US21940336,US,1657,1,3
781,Dietrich-Hauffer,Dietrich Hauffer,DE24217270,DE,1043,1,6
782,A. Teixeira,Antônio Teixeira,138.367.024-10,BR,313,1,3
783,Dra. Allana Teixeira,Dra. Allana Teixeira,116.384.738-59,BR,1326,1,2
784,Maria Helena Freitas,Maria Helena Freitas,268.608.185-18,BR,1452,1,3
785,maria eduarda cavalcante,Maria Eduarda Cavalcante,175.183.046-99,BR,231,1,3
786,Eugene Boyd II,Eugene Boyd,US44717734,US,1729,1,3
787,Nina Leão,Nina Leão,866.524.041-57,BR,203,1,3
788,Karolin Bolnbach,Karolin Bolnbach,DE87052108,DE,1029,1,2
789,J. Combs,James Combs,US79413809,US,1651,1,4
790,Anthony Gonzales,Anthony Gonzales,US92074794,US,656,1,3
791,Hassan Gute-Seifert,Hassan Gute-Seifert,DE23815327,DE,1099,1,4
792,ANA JÚLIA FERREIRA,Ana Júlia Ferreira,310.690.331-19,BR,224,1,6
793,Robert harrison,Robert Harrison,US54195849,US,564,1,3
794,Sofia Pereira,Sofia Pereira,986.430.098-18,BR,454,1,4
795,Maria H. Freitas,Maria Helena Freitas,268.608.185-18,BR,1452,1,3
796,Lucca Cunha,Lucca Cunha,668.813.459-57,BR,1241,1,3
797,Jucstin Freeman,Justin Freeman,GB51376831,GB,943,0,1
798,CRYgSTAL MANN,Crystal Mann,US50170625,US,814,1,3
799,A. Gabriel Viana,Arthur Gabriel Viana,271.190.077-24,BR,1487,1,4
800,Felipe Jesus,Felipe Jesus,328.603.342-91,BR,1235,1,2
801,Zachary-Jones,Zachary Jones,US89269837,US,1659,1,2
802,Daniel Barbosa,Daniel Barbosa,840.369.003-43,BR,132,1,5
803,Ms Victoria Harper,Ms Victoria Harper,GB10286705,GB,1864,1,3
804,ISABEL VASCONCELOS,Isabel Vasconcelos,986.162.299-91,BR,353,1,4
805,Ian Fonseca,Ian Fonseca,579.249.912-51,BR,273,1,2
806,M. Sullivan,Makayla Sullivan,US28637380,US,1737,1,3
807,Melina eTixeira,Melina Teixeira,803.965.223-95,BR,329,1,4
808,Lucca Ferreira,Lucca Ferreira,293.143.866-32,BR,478,1,6
809,Dra. Maria Vitoria Martins,Dra. Maria Vitória Martins,886.596.413-52,BR,1268,1,5
810,Michelle Brown,Michelle Brown,US68052555,US,1759,1,4
811,Maria Fisher,Maria Fisher,US10771825,US,760,1,6
812,Amber Henry,Amber Henry,US46671095,US,1645,1,2
813,Pedro Henrique Souza,Pedro Henrique Souza,974.351.013-30,BR,1465,1,4
814,K. Hammond DVM,Kelly Hammond DVM,US65437830,US,637,1,3
815,E. Bauzà,Edelmiro Bauzà,ES25344154,ES,1135,1,5
816,Mr Mark Baker,Mr Mark Baker,GB14772547,GB,905,0,1
817,Jasmine Taylor,Jasmine Taylor,US41450411,US,1650,1,5
818,Ana Sophia da Costa,Ana Sophia da Costa,150.011.990-62,BR,1352,1,4
819,Samantha Gardner,Samantha Gardner,US86107235,US,609,1,3
820,Brayna Ramos,Brayan Ramos,106.421.763-55,BR,1373,1,5
821,W. Winkler,Wiebke Winkler,DE41097470,DE,1072,1,4
822,Olivia Azevedo,Olívia Azevedo,849.027.703-84,BR,461,1,4
823,Diogo Alves,Diogo Alves,691.251.778-52,BR,178,1,3
824,Tina  Ballard,Tina Ballard,US34008676,US,707,1,2
825,B. Martin,Becky Martin,US23528666,US,1593,1,2
826,B. Albuquerque,Bella Albuquerque,903.404.384-27,BR,278,1,3
827,G. Cruz,Gabriel Cruz,US38236118,US,1751,1,4
828,Christine Holmes,Christine Holmes,US89128552,US,1597,1,2
829,Ana C. Sá,Ana Cecília Sá,028.439.599-53,BR,226,1,4
830,Murilo Leão,Murilo Leão,699.527.232-67,BR,1327,1,4
831,Anthony-Robinson,Anthony Robinson,US50641862,US,1647,1,3
832,Brandon Adams-Barber,Brandon Adams-Barber,GB58745417,GB,1818,1,3
833,Bethany Byrne-Potts,Bethany Byrne-Potts,GB84941009,GB,1838,1,2
834,Michael Evans,Michael Evans,US62902012,US,655,1,3
835,BRUNO DA CONCEIÇÃO,Bruno da Conceição,311.656.670-10,BR,21,1,5
836,Chad Jones,Chad Jones,US93956490,US,555,1,3
837,Kaylee Hays,Kaylee Hays,US24330619,US,601,0,1
838,Lance Stephenson,Lance Stephenson,US29652868,US,1605,1,3
839,K. Davis,Kevin Davis,US37226295,US,751,1,3
840,Eduarda Araújo,Eduarda Araújo,482.175.946-47,BR,101,0,1
841,Benjamim Novaes,Benjamim Novaes,225.790.507-23,BR,276,1,3
842,Eduardo Cunha,Eduardo Cunha,669.784.801-84,BR,12,1,3
843,Vasco Riba Ureña,Vasco Riba Ureña,ES72130518,ES,1138,0,1
844,Lunna Andrade,Lunna Andrade,397.043.674-02,BR,1323,1,3
845,Prof. B.Eng.,Prof. Giovanni Walter B.Eng.,DE42021033,DE,1112,1,4
846,M. Edwards,Martin Edwards,GB44147341,GB,884,1,3
847,Jovita T. Landa,Jovita Torrijos Landa,ES22151134,ES,1156,1,5
848,KAY-UWE KÖHLER,Kay-Uwe Köhler,DE73181059,DE,1041,1,5
849,Ayla Melo,Ayla Melo,474.112.490-35,BR,318,1,3
850,L. Cunha,Lucca Cunha,668.813.459-57,BR,1241,1,3
851,GABRIELLY AZEVEDO,Gabrielly Azevedo,552.314.913-57,BR,431,1,6
852,Maria Fernanda Macedo,Maria Fernanda Macedo,354.549.480-83,BR,67,0,1
853,Mrs Zoe,Mrs Zoe Mason,GB65761966,GB,1865,1,2
854,Gregory Rsos,Gregory Ross,US90261410,US,1743,1,3
855,Declan Smith-Leach,Declan Smith-Leach,GB80440298,GB,1784,1,2
856,Gary Wells,Gary Wells,US49081432,US,679,1,2
857,J. Montenegro,João Montenegro,585.149.368-99,BR,126,1,6
858,M. Margaret Frost,Ms Margaret Frost,GB37539747,GB,979,1,3
859,Ana Ferreira,Ana Júlia Ferreira,310.690.331-19,BR,224,1,6
860,R. Dunn,Ruben Dunn,US85812116,US,581,1,4
861,Rachael Dwson,Rachael Dawson,GB48462422,GB,1005,1,4
862,JOnSEPH NORRIS,Joseph Norris,US68603438,US,1635,1,4
863,Kim Morrow,Kim Morrow,US73848982,US,767,1,5
864,Chewryl Burns,Cheryl Burns,US98109229,US,1573,1,4
865,A. Liz Cirino,Anna Liz Cirino,436.713.695-94,BR,102,1,3
866,Mr L. Cooper,Mr Louis Cooper,GB35843038,GB,1004,1,6
867,sabina echevarría-pineda,Sabina Echevarría-Pineda,ES83085160,ES,1127,1,6
868,Sarah King,Sarah King,US75759022,US,645,1,4
869,DRA. V. PEIXOTO,Dra. Valentina Peixoto,419.182.553-71,BR,271,1,5
870,Antonella Porto,Antonella Porto,209.536.141-54,BR,1395,1,2
871,Brayan Ramos,Brayan Ramos,106.421.763-55,BR,1373,1,5
872,Stephen Russell,Stephen Russell,US38403252,US,1715,1,4
873,Ana Liz Dias,Ana Liz Dias,140.469.371-62,BR,1357,1,2
874,Fernadno Casa Grande,Fernando Casa Grande,270.267.288-57,BR,479,1,4
875,MARIANA CUNHA,Mariana Cunha,716.572.628-49,BR,64,1,5
876,Rosalinde Eckbauer,Rosalinde Eckbauer B.Sc.,DE74243595,DE,1090,1,4
877,Jorge Fox,Jorge Fox,US98504739,US,1696,1,2
878,Benicio Porto,Benício Porto,638.406.665-80,BR,411,1,2
879,Jose Pedro Cavalcante,José Pedro Cavalcante,801.293.234-05,BR,1290,1,3
880,amy bennett,Amy Bennett,US10451149,US,1750,1,4
881,Melina Teixeira,Melina Teixeira,803.965.223-95,BR,329,1,4
882,Dale Parker III,Dale Parker,US96067983,US,1716,1,4
883,Hadassa-Montenegro,Hadassa Montenegro,352.904.228-42,BR,115,1,5
884,ANA LIZ DIAS,Ana Liz Dias,140.469.371-62,BR,1357,1,2
885,Jmdie Webb,Jodie Webb,GB33572537,GB,899,1,2
886,helen wright,Helen Wright,GB51940463,GB,996,1,5
887,Jose d. Conceicao,José da Conceição,420.431.127-54,BR,1495,1,4
888,Bruna Gomes,Bruna Gomes,047.277.901-04,BR,157,1,4
889,D. Novais,Dante Novais,759.017.518-63,BR,286,1,3
890,Ana Sophia da Conceição,Ana Sophia da Conceição,304.287.952-17,BR,1417,1,3
891,Maria Luísa Aragão,Maria Luísa Aragão,880.768.031-79,BR,1329,1,3
892,Luiz  Gustavo Montenegro,Luiz Gustavo Montenegro,864.168.622-78,BR,529,1,5
893,A. Bradshaw,Adrian Bradshaw,GB91793056,GB,860,1,3
894,Benjamin Foster,Benjamin Foster,US19540635,US,1755,1,3
895,Dustin gallegos,Dustin Gallegos,US67722252,US,578,1,2
896,M. Fernandes,Mirella Fernandes,558.771.694-72,BR,483,1,5
897,Thiago Gomes,Thiago Gomes,703.352.110-39,BR,533,1,3
898,Júlia Porto,Júlia Porto,939.909.169-98,BR,28,0,1
899,Hellena Cavalcanti,Hellena Cavalcanti,592.555.625-88,BR,185,1,5
900,Heitor Cassiano,Heitor Cassiano,292.961.112-42,BR,1209,1,4
901,B. Vasconcelos,Bruna Vasconcelos,013.983.735-40,BR,232,1,5
902,Zoe Mendcs,Zoe Mendes,687.937.416-08,BR,349,1,3
903,Dr Gerald Shepherd,Dr Gerald Shepherd,GB37827473,GB,870,1,3
904,andrea orr,Andrea Orr,US17224928,US,1604,1,3
905,Isabel Jesus,Isabel Jesus,503.465.807-47,BR,1262,1,3
906,Univ.Prof. Rolf-Dieter Ring,Univ.Prof. Rolf-Dieter Ring B.Sc.,DE64450250,DE,1100,1,6
907,Melissa Myers,Melissa Myers,US62726977,US,548,1,3
908,Eric Thomas,Eric Thomas,US93183589,US,778,1,3
909,Lope Barrio-Corbacho,Lope Barrio-Corbacho,ES10024741,ES,1161,1,4
910,L. Gabriel Vasconcelos,Lucas Gabriel Vasconcelos,650.948.014-13,BR,515,1,3
911,Rebecca White,Rebecca White,US46671472,US,1594,1,3
912,ISABELLY MARQUES,Isabelly Marques,526.218.159-97,BR,341,1,3
913,Brandi Huang,Brandi Huang,US99041525,US,1655,1,4
914,F. Casa Grande,Fernando Casa Grande,270.267.288-57,BR,479,1,4
915,MILENA CAMPOS,Milena Campos,136.783.777-01,BR,68,1,4
916,heather williams,Heather Williams,US90042177,US,612,1,4
917,Igor Garcia,Igor Garcia,322.619.413-38,BR,1310,1,4
918,Esther Cunha,Esther da Cunha,328.986.143-41,BR,158,1,4
919,Joshua Rice,Joshua Rice,US39108314,US,764,1,2
920,Dr Henry,Dr Henry Lewis,GB89885300,GB,941,1,2
921,Carlos oduardo Araújo,Carlos Eduardo Araújo,877.190.659-40,BR,82,1,3
922,Nathan Moraes,Nathan Moraes,768.701.462-63,BR,325,1,2
923,timothy edwards,Timothy Edwards,US17809403,US,834,1,5
924,Aristides Nunez Riba,Aristides Núñez Riba,ES29693143,ES,1162,1,2
925,Luan Nunes,Luan Nunes,466.975.908-72,BR,1503,1,4
926,Manuela Viana,Manuela Viana,310.324.171-46,BR,345,1,3
927,Mr Joe Smith,Mr Joe Smith,GB50649071,GB,1801,1,3
928,Dr. Mariane Carvalho,Mariane Carvalho,398.225.871-39,BR,217,1,2
929,Alana Nunes,Alana Nunes,277.727.879-94,BR,1287,1,3
930,Isabelly  Camara,Isabelly Câmara,001.338.908-38,BR,2,1,3
931,Lavínia da Mota,Lavínia da Mota,334.862.782-39,BR,1458,1,2
932,Zachary Michael,Zachary Michael,US76790446,US,757,1,2
933,Univ.Prof. Rolf-Dieter Ring Bp.c.,Univ.Prof. Rolf-Dieter Ring B.Sc.,DE64450250,DE,1100,1,6
934,srta. bianca vasconcelos II,Srta. Bianca Vasconcelos,647.102.767-73,BR,184,1,3
935,Vitor H. Andrade,Vitor Hugo Andrade,085.899.441-71,BR,366,1,3
936,RAQhUEL MENDES,Raquel Mendes,982.146.584-04,BR,91,1,2
937,Maria Pereira,Maria Pereira,654.206.530-45,BR,1416,1,3
938,Brenda Wall,Brenda Wall,US40499237,US,1742,1,2
939,Isaiah Whitehead,Isaiah Whitehead,US19760825,US,1608,1,3
940,RAUL SALES,Raul Sales,620.959.351-86,BR,510,1,4
941,Dr Christopher Carter,Dr Christopher Carter,GB54652703,GB,1880,1,2
942,Mr. Benjamim da Cunha,Benjamim da Cunha,517.133.959-62,BR,281,1,5
943,Edwin Nunez,Edwin Nunez,US98512648,US,766,1,3
944,Robert Williams Neto,Robert Williams,US46033338,US,1662,1,2
945,M. Peixoto,Maitê Peixoto,024.596.623-67,BR,1393,1,5
946,Ana Cecília da Mata,Ana Cecília da Mata,734.341.533-64,BR,1213,1,3
947,Luiz Fernando Novais,Luiz Fernando Novais,790.807.595-79,BR,472,1,2
948,Lynda Fletcher,Lynda Fletcher,GB34876272,GB,1794,1,3
949,ANA COSTA,Ana Costa,374.759.620-19,BR,1333,1,3
950,R. George,Robert George,US31698875,US,1589,1,5
951,Davuid Grant,David Grant,US28160554,US,701,1,4
952,Nathan Campos,Nathan Campos,953.394.210-47,BR,104,1,3
953,L. Ribeiro,Leandro Ribeiro,617.979.688-68,BR,262,1,2
954,Ana Carolina Cardoso,Ana Carolina Cardoso,565.181.162-96,BR,1470,1,2
955,S. Lopez,Sheri Lopez,US69515970,US,1738,1,4
956,SRTA. ANTONELLA DA PAZ,Srta. Antonella da Paz,551.884.422-58,BR,175,1,3
957,Dr Arthur Morgan,Dr Arthur Morgan,GB50177237,GB,918,1,2
958,Aylla Viana Filho,Aylla Viana,809.797.949-48,BR,1311,1,4
959,Sean Clay,Sean Clay,US38164968,US,831,1,6
960,Gavin Patel,Gavin Patel,GB22429114,GB,962,1,3
961,Molly-Rodriguez,Molly Rodriguez,US65049584,US,769,1,5
962,M. John Fox,Mr John Fox,GB46595028,GB,1011,1,3
963,Brian Martin,Brian Martin,US31461370,US,728,1,2
964,SARA REES-FORD,Sara Rees-Ford,GB23807765,GB,1811,1,4
965,Aníbal Hector Arana Vallés,Aníbal Hector Arana Vallés,ES81303949,ES,1166,1,4
966,Amy Lambert,Amy Lambert,GB33357425,GB,1788,1,4
967,Srta. H. Azevedo,Srta. Hadassa Azevedo,549.733.484-34,BR,201,1,6
968,Mirella-Barbosa,Mirella Barbosa,271.091.043-00,BR,299,1,3
969,Cazly Cooper,Carly Cooper,GB57458790,GB,927,1,4
970,L. Martins,Luna Martins,719.285.654-31,BR,172,1,5
971,Josefa Lago,Josefa Lago Gonzalo,ES95380301,ES,1160,1,3
972,Catarina da,Catarina da Paz,829.052.040-68,BR,1485,1,5
973,ANDREA O'SULLIVAN,Andrea O'Sullivan,GB31138757,GB,1013,1,2
974,Dr P. Hart,Dr Patricia Hart,GB25362614,GB,1015,1,5
975,Carmelita P. Godoy,Carmelita Palacios Godoy,ES55929418,ES,1126,1,4
976,Luiz Miguel Nascimento,Luiz Miguel Nascimento,246.469.246-99,BR,1215,1,3
977,Nicola Phillips,Nicola Phillips,GB18457740,GB,1815,1,4
978,DOM CfRREIA,Dom Correia,825.453.032-63,BR,1414,1,2
979,Diogo,Diogo da Cruz,972.521.752-50,BR,374,1,4
980,June Woods,June Woods,GB18886963,GB,928,1,4
981,Kathleen Bailey,Kathleen Bailey,GB93947919,GB,868,1,4
982,Sabina  Echevarria-Pineda,Sabina Echevarría-Pineda,ES83085160,ES,1127,1,6
983,Robert-Arnold,Robert Arnold,US12015179,US,635,1,3
984,BENICIO RIBEIRO,Benicio Ribeiro,617.973.008-79,BR,1358,1,2
985,A. GREGORY,Alison Gregory,US90884680,US,1646,1,3
986,Prof. Beatriz Moura,Beatriz Moura,148.628.902-33,BR,359,1,2
987,Jeffrey Mendez,Jeffrey Mendez,US25889673,US,587,1,5
988,Alice Pacheco,Alice Pacheco,706.650.321-86,BR,1289,1,4
989,Brayan Araújo,Brayan Araújo,588.425.241-05,BR,304,1,2
990,Pedro Henrique Caldeira,Pedro Henrique Caldeira,387.829.456-51,BR,511,0,1
991,PhillipNelson,Phillip Nelson,US87984620,US,571,1,6
992,Isaac Cavalcante,Isaac Cavalcante,846.773.782-63,BR,90,1,2
993,Gilberto del Salmerón,Gilberto del Salmerón,ES41573535,ES,1198,1,6
994,Davi Lucca Nogueira,Davi Lucca Nogueira,283.411.080-99,BR,435,1,4
995,Heather Brown,Heather Brown,US88921275,US,1652,1,3
996,Giovanna Pastor,Giovanna Pastor,759.492.995-56,BR,432,0,1
997,Maria Liz,Maria Liz Teixeira,013.721.510-70,BR,322,1,2
998,Dr Alan Patterson,Dr Alan Patterson,GB19104802,GB,885,0,1
999,Mr D. Gilbert,Mr Declan Gilbert,GB15019076,GB,960,1,4
1000,M. Bishop,Melissa Bishop,US83337520,US,700,1,4
1001,M. Michelle Hilton,Mrs Michelle Hilton,GB83818891,GB,889,1,5
1002,Christie-Perez,Christie Perez,US56076274,US,1704,1,2
1003,Allana Souza,Allana Souza,786.863.375-24,BR,223,0,1
1004,Ana Pinto,Ana Cecília Pinto,858.842.474-51,BR,106,1,5
1005,Laura Cirino,Laura Cirino,479.038.082-15,BR,1400,1,3
1006,Aylla Viana,Aylla Viana,809.797.949-48,BR,1311,1,4
1007,K. Rodrigujz,Kelsey Rodriguez,US31212832,US,582,1,2
1008,Miguel Ájgel Ponce Esteban,Miguel Ángel Ponce Esteban,ES39207357,ES,1157,1,3
1009,J. Williams,Joseph Williams,US80416822,US,830,1,4
1010,Jeremy Greene,Jeremy Greene,US47814203,US,1586,1,3
1011,Melina  Moreira,Melina Moreira,474.193.408-36,BR,1384,1,3
1012,Caroline Silveira,Caroline Silveira,869.993.867-74,BR,76,1,4
1013,Karl-Otto,Karl-Otto Graf-Nohlmans,DE83544472,DE,1115,1,2
1014,Mr. Michele Ho,Michelle Ho,US35938895,US,631,1,2
1015,Dietrich Hauffer,Dietrich Hauffer,DE24217270,DE,1043,1,6
1016,Arthur M. Camargo,Arthur Miguel Camargo,624.752.276-68,BR,1221,1,3
1017,Aaron Miller,Aaron Miller,US98077934,US,580,1,2
1018,Emilly Cavalcante,Emilly Cavalcante,666.676.008-35,BR,376,0,1
1019,Jorge Fox,Jorge Fox,US98504739,US,1696,1,2
1020,Sally Saunders,Sally Saunders,GB97189890,GB,1845,1,3
1021,Anthony Williams,Anthony Williams,GB74304823,GB,903,0,1
1022,Joel,Joel Frost,GB67318164,GB,843,1,5
1023,Friedl Hering,Friedl Hering,DE27458237,DE,1039,1,2
1024,Stephanie Elliott,Stephanie Elliott,US92148463,US,833,1,5
1025,Lisa Perry,Lisa Perry,US51347409,US,743,1,4
1026,Jessica Jones,Jessica Jones,US26969885,US,1582,1,3
1027,Martha Bailey Neto,Martha Bailey,US41927492,US,763,1,4
1028,Catherine Pearce-McCarthy,Catherine Pearce-McCarthy,GB60675478,GB,1767,1,2
1029,K. Boyer,Kara Boyer,US99150030,US,1640,1,4
1030,Brenda Alves,Brenda Alves,104.332.181-96,BR,1,1,2
1031,DAVID,David Roberts,US24160152,US,1723,1,4
1032,hadassa ramos,Hadassa Ramos,968.814.353-68,BR,428,1,5
1033,Kevin Davis,Kevin Davis,US37226295,US,751,1,3
1034,Katherina Zorbach,Katherina Zorbach,DE63796676,DE,1109,1,5
1035,Emanuelly da Conceição,Emanuelly da Conceição,881.973.699-35,BR,1202,1,5
1036,CHELSEA DONNELLY,Chelsea Donnelly,GB38267755,GB,1827,1,5
1037,João Moura,João Moura,905.865.185-06,BR,63,1,3
1038,DR SARAH COLE,Dr Sarah Cole,GB54977656,GB,913,1,3
1039,James Miah,James Miah,GB50723383,GB,1861,1,2
1040,Ana Júlia,Ana Júlia Cassiano,422.325.367-29,BR,284,1,4
1041,Darren Swift,Darren Swift,GB53789701,GB,1862,1,5
1042,Pedro Cardoso,Pedro Cardoso,838.851.606-07,BR,134,1,2
1043,Vitoria Ferreira,Vitória Ferreira,965.610.143-88,BR,264,1,2
1044,T. Santos,Thomas Santos,626.765.861-79,BR,339,1,4
1045,Maria Helena,Maria Helena Rocha,845.115.447-96,BR,168,1,4
1046,jessica khan,Jessica Khan,US82191574,US,670,1,3
1047,Jenifer Banks,Jennifer Banks,US72916371,US,622,1,4
1048,Jennifer Banks,Jennifer Banks,US72916371,US,622,1,4
1049,Jill Hughes,Jill Hughes,US37127138,US,1748,1,4
1050,ANA LÍVIA RIOS,Ana Lívia Rios,067.065.405-15,BR,162,1,5
1051,C. Spaers,Crystal Spears,US27691623,US,1575,1,3
1052,Caroline d. Paz,Caroline da Paz,427.010.393-08,BR,331,1,3
1053,L. Stokes,Lynne Stokes,GB54628958,GB,1777,1,3
1054,renee melendez,Renee Melendez,US97681338,US,786,1,3
1055,Igor Campos,Igor Campos,573.875.717-75,BR,267,1,3
1056,MR REECE LEWIS,Mr Reece Lewis,GB77913458,GB,964,1,4
1057,Isis Aragão,Isis Aragão,809.402.445-50,BR,127,0,1
1058,Sara Barber,Sara Barber,GB62286700,GB,939,1,3
1059,jamie baird,Jamie Baird,US13343647,US,706,1,6
1060,isadora rios,Isadora Rios,681.645.352-18,BR,137,1,3
1061,Milena Campos,Milena Campos,136.783.777-01,BR,68,1,4
1062,João Marques,João Marques,004.003.965-72,BR,1276,1,5
1063,J. Singh,Jacqueline Singh,GB11724379,GB,1768,1,3
1064,M. Helena Cunha,Maria Helena Cunha,514.622.720-80,BR,1515,1,3
1065,Mariane Peixoto,Mariane Peixoto,897.962.706-40,BR,1518,1,3
1066,Kevin Albuquerque,Kevin Albuquerque,341.252.866-92,BR,274,1,3
1067,Eshter xdas Neves,Esther das Neves,273.875.152-44,BR,1307,1,2
1068,Sarah da Mata,Sarah da Mata,503.758.997-57,BR,399,1,2
1069,tammy Boone,Tammy Boone,US29511823,US,789,1,3
1070,Corona Barrera-Pombo,Corona Barrera-Pombo,ES98701999,ES,1163,1,3
1071,Davi Miguel Cassiano,Davi Miguel Cassiano,093.576.529-33,BR,1302,1,3
1072,Meghan Rush,Meghan Rush,US77420864,US,620,1,5
1073,Marcela Sampaio,Marcela Sampaio,705.856.785-56,BR,1486,1,2
1074,tracy Grant,Tracy Grant,US56844649,US,787,1,2
1075,Albert Gabaldón,Albert Gabaldón Donaire,ES98605814,ES,1154,1,2
1076,Jreemy Scott,Jeremy Scott,US89230801,US,709,1,3
1077,Ricky  uDffy,Ricky Duffy,GB79753731,GB,855,1,3
1078,Mrs Kirsty Garner,Mrs Kirsty Garner,GB10551617,GB,985,0,1
1079,Amy Lambert,Amy Lambert,GB33357425,GB,1788,1,4
1080,ANDRÉ COSTELA,André Costela,973.502.080-21,BR,497,1,2
1081,Robert Cole,Robert Cole,US58948680,US,1699,1,4
1082,Kelsey Lucas,Kelsey Lucas,US61298971,US,552,0,1
1083,Nicole Gonzalez,Nicole Gonzalez,US16616323,US,677,1,4
1084,Mathias  fernandes,Mathias Fernandes,753.046.374-54,BR,212,1,5
1085,Daniela Vieira,Daniela Vieira,374.813.698-19,BR,1505,1,3
1086,Diogo Costa,Diogo da Costa,855.665.939-83,BR,519,1,4
1087,Olivia Jones,Olivia Jones,GB35805407,GB,1775,1,2
1088,Prof. H. T.,Prof. Harri Thies B.Eng.,DE20542212,DE,1060,1,5
1089,Rebeca barbosa,Rebeca Barbosa,254.494.812-60,BR,283,1,4
1090,Casey Jsimenez Neto,Casey Jimenez,US41462719,US,1698,1,5
1091,B. Parker,Bryan Parker,US31759927,US,738,1,3
1092,Derek hrown,Derek Brown,US85611778,US,1736,1,2
1093,Diana Mitchell-Mahmood,Diana Mitchell-Mahmood,GB14905998,GB,980,1,3
1094,Isadora Pacheco,Isadora Pacheco,095.214.562-32,BR,105,1,4
1095,james Whitaker Filho,James Whitaker,US86810468,US,806,1,3
1096,Jhon Wong,John Wong,US81470374,US,1615,1,4
1097,miguel novais,Miguel Novais,798.270.808-69,BR,403,1,4
1098,David Grant,David Grant,US28160554,US,701,1,4
1099,Jordan Anderson,Jordan Anderson,GB76805681,GB,857,1,5
1100,E. Thomas,Eric Thomas,US93183589,US,778,1,3
1101,BRIAN DUARTE,Brian Duarte,US81075247,US,1668,1,4
1102,Tom Porter,Tom Porter,GB53752607,GB,1797,1,3
1103,Mandy Colon,Mandy Colon,US83654179,US,1697,1,2
1104,John Hunt,John Hunt,US64309199,US,1587,1,3
1105,Carolina da Luz,Carolina da Luz,950.696.556-44,BR,1464,1,3
1106,Kyle Molina,Kyle Molina,US26598415,US,1609,1,4
1107,mariane novais,Mariane Novais,643.815.614-97,BR,131,1,3
1108,Ágatha Monteiro,Ágatha Monteiro,518.023.806-17,BR,309,1,3
1109,Davi Miguel Pires,Davi Miguel Pires,375.628.900-28,BR,394,0,1
1110,Ljuiza Sá,Luiza Sá,801.624.565-06,BR,190,1,2
1111,breno moraes,Breno Moraes,811.386.338-39,BR,516,1,5
1112,Y. Santos,Yasmin Santos,645.208.814-74,BR,502,1,3
1113,MATEUS DA MOTA,Mateus da Mota,651.333.872-62,BR,22,1,3
1114,LUIZ OTÁVIO CAMCRGO,Luiz Otávio Camargo,420.554.113-85,BR,1362,1,5
1115,SHERRY WOODS,Sherry Woods,US26581824,US,717,1,4
1116,Robert Cole,Robert Cole,US58948680,US,1699,1,4
1117,Katherine Stark,Katherine Stark,US87707540,US,810,1,2
1118,James Baker-Slater,James Baker-Slater,GB38165011,GB,1001,1,3
1119,Jose Siqueira,José Siqueira,560.480.635-81,BR,1204,1,5
1120,Heloísa Novais,Heloísa Novais,712.903.645-52,BR,1293,1,4
1121,david robinson,David Robinson,US10882216,US,774,1,3
1122,Benjamim da  Cunha,Benjamim da Cunha,517.133.959-62,BR,281,1,5
1123,Isadora Mata,Isadora da Mata,793.597.820-71,BR,143,1,2
1124,Vitor Gabriel Barros,Vitor Gabriel Barros,305.037.515-02,BR,1558,1,2
1125,D. Alex Brown,Dr Alex Brown,GB76102828,GB,858,1,4
1126,B. McKenzie,Brian McKenzie,GB59873103,GB,951,1,3
1127,Henrique da Rosa,Henrique da Rosa,568.496.740-00,BR,1430,1,4
1128,Luiz gustavo Vasconcelos,Luiz Gustavo Vasconcelos,188.355.231-24,BR,138,1,4
1129,Alícia-Teixeira,Alícia Teixeira,933.083.301-65,BR,205,1,3
1130,Dr D. Wilson,Dr Duncan Wilson,GB52478375,GB,845,1,6
1131,Thomas Monteiro,Thomas Monteiro,754.330.365-41,BR,39,1,4
1132,Alexander Landry MD,Alexander Landry MD,US71324136,US,666,1,3
1133,Vitória Rodrigues,Vitória Rodrigues,783.970.523-27,BR,1205,1,4
1134,Stephen Harris,Stephen Harris,US33978100,US,1732,1,4
1135,Rodrigo da,Rodrigo da Mota,609.379.660-33,BR,270,1,3
1136,HenriqueSá,Henrique Sá,884.578.317-45,BR,491,1,3
1137,Erick Carvalho,Erick Carvalho,613.972.589-47,BR,1345,1,3
1138,James Whitaker,James Whitaker,US86810468,US,806,1,3
1139,M. Lima,Maria Lima,361.832.421-02,BR,80,1,5
1140,Pedro Miguel da una,Pedro Miguel da Cunha,222.810.862-53,BR,1228,1,2
1141,Aitor Coloma Cifuentes,Aitor Coloma Cifuentes,ES37949250,ES,1121,1,4
1142,Sra. Tracy Montoya,Tracy Montoya,US27686156,US,567,1,3
1143,Michael Ramirez,Michael Ramirez,US90993934,US,1613,1,5
1144,Andre Gonzalez,Andre Gonzalez,US51305349,US,1581,1,3
1145,Olivia Novaes,Olívia Novaes,966.319.314-91,BR,62,1,5
1146,Nicolas Rgzende,Nicolas Rezende,610.357.972-79,BR,361,1,4
1147,Grace Barrber,Grace Barber,GB47642707,GB,930,1,5
1148,M. BISHOP,Melissa Bishop,US83337520,US,700,1,4
1149,PETER DAVIS,Peter Davis,GB36080360,GB,1840,1,4
1150,Mark Jimenez,Mark Jimenez,US61052956,US,653,1,3
1151,Brenda Bailey,Brenda Bailey,US55873760,US,547,1,2
1152,Michael Stanley,Michael Stanley,US76231992,US,762,1,3
1153,Beatriz Macedo,Beatriz Macedo,282.417.248-25,BR,370,1,4
1154,HELEN WRIGHT,Helen Wright,GB51940463,GB,996,1,5
1155,Noah Alves,Noah Alves,905.814.770-05,BR,141,1,3
1156,Pedro Lucas Sá,Pedro Lucas Sá,094.161.047-76,BR,1250,1,4
1157,Montserrat Cózar Rovira,Montserrat Cózar Rovira,ES19342578,ES,1146,0,1
1158,Suzanne Wood,Suzanne Wood,US48168910,US,802,1,2
1159,maria lima,Maria Lima,361.832.421-02,BR,80,1,5
1160,C. Vaughn,Christian Vaughn,US96718276,US,693,1,6
1161,Dr. Georgia Robinson,Georgia Robinson,GB39009803,GB,954,1,5
1162,A. Anderson,Amy Anderson,US46142587,US,1562,1,4
1163,MeghanRush,Meghan Rush,US77420864,US,620,1,5
1164,Alex Mason-Payne,Alex Mason-Payne,GB94039295,GB,1822,1,4
1165,Chloe Carey,Chloe Carey,US13615204,US,1622,1,3
1166,Melissa Barbosa,Melissa Barbosa,826.334.220-44,BR,1338,1,5
1167,Hellena da Rosa,Hellena da Rosa,046.833.141-78,BR,1497,1,2
1168,Sally Gray,Sally Gray,GB14183991,GB,931,1,4
1169,Chloe Carey,Chloe Carey,US13615204,US,1622,1,3
1170,Vitor Hugo Martins,Vitor Hugo Martins,838.065.787-59,BR,326,0,1
1171,Tom Porter,Tom Porter,GB53752607,GB,1797,1,3
1172,Jennifer Myers,Jennifer Myers,US21905349,US,1726,1,3
1173,N. Drubin,Nada Drubin,DE28999435,DE,1027,1,2
1174,Guilherme Camargo,Guilherme Camargo,595.672.730-77,BR,1560,1,4
1175,Christopher Watson,Christopher Watson,US57889943,US,1612,1,2
1176,Stewart Gray,Stewart Gray,GB41395944,GB,1837,1,2
1177,JUSTIN ESCOBAR,Justin Escobar,US62578860,US,1654,1,2
1178,Maitê Peixoto,Maitê Peixoto,024.596.623-67,BR,1393,1,5
1179,i. whitehead,Isaiah Whitehead,US19760825,US,1608,1,3
1180,Thomas Santos,Thomas Santos,626.765.861-79,BR,339,1,4
1181,Alex-Mason-Payne,Alex Mason-Payne,GB94039295,GB,1822,1,4
1182,Bento da Cunha,Bento da Cunha,246.503.497-99,BR,1335,1,2
1183,Tom Porter,Tom Porter,GB53752607,GB,1797,1,3
1184,Miguel Farias,Miguel Farias,442.978.465-93,BR,1507,1,3
1185,Jeremy Scott,Jeremy Scott,US89230801,US,709,1,3
1186,R. Sanchez Duran,Reyes Sanchez Duran,ES62342586,ES,1168,1,4
1187,José P. Cavalcante,José Pedro Cavalcante,801.293.234-05,BR,1290,1,3
1188,Iwpan Meyer,Iwan Meyer,DE32988138,DE,1031,1,3
1189,Mariana Peixoto,Mariana Peixoto,693.406.088-35,BR,42,0,1
1190,Marie Moody,Marie Moody,US28153282,US,577,1,2
1191,Julia Andrdae,Julia Andrade,818.141.247-82,BR,154,1,3
1192,Noah Fogaca,Noah Fogaça,818.451.848-94,BR,466,1,2
1193,ENRICO NUNES,Enrico Nunes,356.519.970-36,BR,1331,1,4
1194,Luigi da Mota,Luigi da Mota,861.015.819-95,BR,253,0,1
1195,Maria Barbosa,Maria Clara Barbosa,302.848.620-55,BR,1298,1,4
1196,Michael Roberts,Michael Roberts,US65497046,US,1684,1,3
1197,Vinicius da Rosa,Vinicius da Rosa,108.515.285-85,BR,1405,1,3
1198,Melina da Mota,Melina da Mota,557.431.329-12,BR,316,1,3
1199,Pedro Henrique Cavalcanti,Pedro Henrique Cavalcanti,591.803.397-40,BR,245,0,1
1200,D. Allana Teixeira,Dra. Allana Teixeira,116.384.738-59,BR,1326,1,2
1201,Emma Butler,Emma Butler,US34808803,US,783,1,4
1202,Sally Williams,Sally Williams,GB36347516,GB,1828,1,3
1203,Jennifer Jones,Jennifer Jones,US86687590,US,836,1,6
1204,Melina Leão,Melina Leão,487.282.997-96,BR,490,1,5
1205,Dra. A .Pinto,Dra. Aurora Pinto,928.201.027-61,BR,1206,1,3
1206,Bruna Rodrigues,Bruna Rodrigues,773.872.148-95,BR,46,1,3
1207,Erick vargas,Erick Vargas,059.303.663-39,BR,1494,1,3
1208,Kathryn Mccann,Kathryn Mccann,US74916146,US,840,1,4
1209,Oxana Syauer,Oxana Sauer,DE81503899,DE,1107,1,6
1210,ARTEMIO BARBERO GUERRERO,Artemio Barbero Guerrero,ES74743230,ES,1117,1,2
1211,Gabrielly Azevedo,Gabrielly Azevedo,552.314.913-57,BR,431,1,6
1212,W. Jones,William Jones,US52627226,US,589,1,3
1213,Letícia Marques,Letícia Marques,405.377.351-58,BR,112,1,3
1214,Danny-Fisher,Danny Fisher,US83168263,US,1708,1,3
1215,Pedro H. Ferreira,Pedro Henrique Ferreira,613.750.606-85,BR,155,1,3
1216,Emma Butler,Emma Butler,US34808803,US,783,1,4
1217,Kristin Mendoza,Kristin Mendoza,US90971604,US,793,1,4
1218,Diana Johnson,Diana Johnson,US37723256,US,1578,1,2
1219,Kevin Albuquerque,Kevin Albuquerque,341.252.866-92,BR,274,1,3
1220,Fito Bermejo Garate,Fito Bermejo Gárate,ES20454809,ES,1132,1,3
1221,Srta. Bella Neves,Srta. Bella das Neves,842.368.824-46,BR,1271,1,2
1222,Miguel  Ángel Ponce,Miguel Ángel Ponce Esteban,ES39207357,ES,1157,1,3
1223,Dra. Ester Correia,Dra. Ester Correia,825.867.362-26,BR,269,0,1
1224,Bruno-Pimenta,Bruno Pimenta,058.300.335-42,BR,377,1,2
1225,Lorenzo Gonçalves,Lorenzo Gonçalves,711.904.345-91,BR,1498,1,2
1226,Thales Duarte,Thales Duarte,754.121.267-88,BR,252,0,1
1227,robin thompson,Robin Thompson,US69459055,US,596,1,3
1228,O. Mendonça,Otto Mendonça,182.339.845-46,BR,242,1,2
1229,D. Roberts,David Roberts,US24160152,US,1723,1,4
1230,Robert Cole,Robert Cole,US58948680,US,1699,1,4
1231,Kaitlin Medina,Kaitlin Medina,US51542843,US,744,1,2
1232,Aimee-Hughes,Aimee Hughes,GB13219453,GB,866,1,6
1233,Júlia das Neves,Júlia das Neves,507.146.112-54,BR,266,1,2
1234,Antônio Vargas,Antônio Vargas,145.142.198-85,BR,1481,1,3
1235,Jody Butler II,Jody Butler,US61001546,US,1576,1,4
1236,L. Vargas,Lorenzo Vargas,389.193.579-62,BR,1353,1,3
1237,Glenn Williams,Glenn Williams,GB79870757,GB,994,1,3
1238,L. Silva,Luigi Silva,368.157.981-23,BR,538,1,3
1239,Renan Ramos,Renan Ramos,756.924.593-75,BR,258,1,3
1240,Keith Rodriguez,Keith Rodriguez,US61551334,US,725,1,2
1241,Candelas Jordan,Candelas Jordán Botella,ES89210454,ES,1200,1,4
1242,Amando-Cadenas Muñoz,Amando Cadenas Muñoz,ES90296988,ES,1147,0,1
1243,Mateus Abreu,Mateus Abreu,867.533.963-60,BR,93,1,3
1244,Mr Wayne Price,Mr Wayne Price,GB93896357,GB,1848,1,3
1245,Caroline Novais,Caroline Novais,011.848.955-43,BR,464,1,2
1246,Ana S. d. Costa,Ana Sophia da Costa,150.011.990-62,BR,1352,1,4
1247,thomas monteiro,Thomas Monteiro,754.330.365-41,BR,39,1,4
1248,DALE PARKER III,Dale Parker,US96067983,US,1716,1,4
1249,Gisela Hamann,Gisela Hamann,DE56790372,DE,1094,0,1
1250,Adam Jackson,Adam Jackson,US80739820,US,828,1,2
1251,BRIAN DUARTE,Brian Duarte,US81075247,US,1668,1,4
1252,Esther  Pinto,Esther Pinto,089.935.889-16,BR,393,1,3
1253,joão guilherme pastor,João Guilherme Pastor,364.622.517-90,BR,528,1,3
1254,James Waston,James Watson,US73191967,US,823,1,4
1255,Josué Jesus,Josué Jesus,407.766.521-64,BR,1463,1,3
1256,Shelley Miller,Shelley Miller,US48759467,US,746,1,2
1257,Vitória Novais,Vitória Novais,339.500.479-74,BR,189,1,4
1258,Luana Souza,Luana Souza,391.037.170-58,BR,514,1,4
1259,Alan,Alan Diaz,US35681520,US,1618,1,4
1260,J. Herrera,Julie Herrera,US79619091,US,669,1,5
1261,Thomass Melo,Thomas Melo,947.312.172-71,BR,174,1,4
1262,Kelly Lee,Kelly Lee,US15268263,US,672,1,2
1263,C. Blake DVM,Charlene Blake DVM,US77762934,US,1735,1,3
1264,Josué Costa,Josué Costa,428.364.408-92,BR,227,0,1
1265,Lauren-Jackson,Lauren Jackson,US17321129,US,689,1,6
1266,Lucas Gabriel,Lucas Gabriel Dias,623.091.307-56,BR,198,1,4
1267,Isaque Ramos,Isaque Ramos,670.331.386-22,BR,1330,1,2
1268,Vitória Albuquerque,Vitória Albuquerque,124.998.569-84,BR,120,1,3
1269,Virginia Dainels,Virginia Daniels,US78674708,US,726,1,3
1270,Lahren Vllanueva,Lauren Villanueva,US67966814,US,1709,1,3
1271,Dr Kelly Pritchard,Dr Kelly Pritchard,GB44807825,GB,1824,1,4
1272,Kay-Uwe Köher,Kay-Uwe Köhler,DE73181059,DE,1041,1,5
1273,Lucas Gabriel Vasconcelos,Lucas Gabriel Vasconcelos,650.948.014-13,BR,515,1,3
1274,Alexander Brown,Alexander Brown,US28536762,US,574,1,4
1275,Davi Luiz Luz,Davi Luiz da Luz,657.661.565-45,BR,122,1,3
1276,Eduarda ida Paz,Eduarda da Paz,109.147.624-97,BR,1256,1,3
1277,Pedro D. Rocha,Pedro da Rocha,266.114.844-24,BR,1255,1,2
1278,Ofelia Flor,Ofelia Flor Lledó,ES24723458,ES,1195,1,3
1279,Daniel-Bush,Daniel Bush,US65506990,US,703,1,3
1280,Brian Fitzgerald,Brian Fitzgerald,US97183615,US,623,1,2
1281,Maria L. Lima,Maria Liz Lima,772.369.292-98,BR,448,1,5
1282,Ana Cecília Sá,Ana Cecília Sá,028.439.599-53,BR,226,1,4
1283,S. Gray,Sally Gray,GB14183991,GB,931,1,4
1284,Eric Williams,Eric Williams,US52613620,US,583,1,3
1285,BRANDON BEGUM-LORD,Brandon Begum-Lord,GB30039365,GB,929,1,3
1286,Nathaniel Lee,Nathaniel Lee,US14352961,US,790,1,4
1287,Laura Costa,Laura Costa,944.622.240-88,BR,1270,1,3
1288,Maria-Flor Gonçalves,Maria Flor Gonçalves,175.355.609-32,BR,235,1,4
1289,Leonardo Caldeira,Leonardo Caldeira,331.739.363-85,BR,233,1,2
1290,Daniel Fuentes,Daniel Fuentes,US87214577,US,1632,1,3
1291,JANICE ELLIS,Janice Ellis,GB57493391,GB,850,1,4
1292,Jodie Bailey,Jodie Bailey,GB94326147,GB,1842,1,2
1293,D. Da Cunha,Diogo da Cunha,684.577.600-49,BR,520,1,4
1294,Samanta Barbero Villalba,Samanta Barbero Villalba,ES83670115,ES,1190,1,3
1295,brian duarte,Brian Duarte,US81075247,US,1668,1,4
1296,Gabriel Cruz,Gabriel Cruz,US38236118,US,1751,1,4
1297,Makayla Sullivan,Makayla Sullivan,US28637380,US,1737,1,3
1298,Mark Jimenez,Mark Jimenez,US61052956,US,653,1,3
1299,Sofia Cunha,Sofia Cunha,553.942.373-33,BR,470,1,3
1300,Larissa Melo,Larissa Melo,978.819.148-58,BR,279,1,6
1301,Raquel Pires,Raquel Pires,269.495.888-79,BR,195,1,2
1302,James Watson,James Watson,US73191967,US,823,1,4
1303,Kevin Smith,Kevin Smith,GB79937264,GB,917,1,2
1304,DRA. JULIA PACHECO,Dra. Julia Pacheco,945.228.851-58,BR,407,1,3
1305,Sra. Danny Fisher,Danny Fisher,US83168263,US,1708,1,3
1306,Maria Eduarda Rocha,Maria Eduarda Rocha,269.848.583-33,BR,406,1,3
1307,B. Macedo,Beatriz Macedo,282.417.248-25,BR,370,1,4
1308,Yan Marques,Yan Marques,806.209.034-53,BR,1480,1,4
1309,Maria-Alice Oliveira,Maria Alice Oliveira,114.374.470-12,BR,387,1,2
1310,Elisa Pereira,Elisa Pereira,992.680.361-05,BR,1438,1,2
1311,Frederike Ladeck B.Sc.,Frederike Ladeck B.Sc.,DE73155598,DE,1071,1,3
1312,Ana Araújo,Ana Carolina Araújo,465.911.665-53,BR,531,1,6
1313,Rodrigo Pires,Rodrigo Pires,272.858.128-31,BR,1502,1,3
1314,Rosemary Patel,Rosemary Patel,GB86359356,GB,896,1,2
1315,Anna Liz,Anna Liz Novaes,896.383.465-78,BR,17,1,4
1316,Ernest Hornich-Heß,Ernest Hornich-Heß,DE72850928,DE,1065,0,1
1317,Liz Pimenta,Liz Pimenta,766.177.115-92,BR,119,1,3
1318,F. Santos,Francisco Santos,728.716.422-90,BR,1545,1,4
1319,Yan Marques,Yan Marques,806.209.034-53,BR,1480,1,4
1320,Gael H. Machado,Gael Henrique Machado,751.627.765-79,BR,1365,1,4
1321,Agatha Peixoto,Agatha Peixoto,706.562.729-80,BR,56,0,1
1322,Ellipe James,Ellie James,GB69562350,GB,963,1,5
1323,Luiz Ottávio Camargo,Luiz Otávio Camargo,420.554.113-85,BR,1362,1,5
1324,mirella fernandes,Mirella Fernandes,558.771.694-72,BR,483,1,5
1325,Stella Rocha,Stella Rocha,710.905.643-44,BR,1348,1,3
1326,Ryan Câmara,Ryan Câmara,152.742.054-93,BR,210,1,3
1327,Juliana Alves,Juliana Alves,428.434.795-52,BR,476,1,3
1328,M. Barros,Maya Barros,895.990.025-44,BR,1375,1,2
1329,S. Phillips,Scott Phillips,US27207710,US,1747,1,4
1330,Alana Cirino,Alana Cirino,737.971.601-64,BR,1517,1,2
1331,Ana Cecília Machado,Ana Cecília Machado,240.514.770-53,BR,534,1,3
1332,Erick Melo,Erick Melo,199.062.344-56,BR,315,1,2
1333,H. Taboada,Hortensia Taboada,ES30027490,ES,1164,1,3
1334,Ana C. Lopes,Ana Cecília Lopes,132.719.500-52,BR,505,1,5
1335,Angelina Mariño,Angelina Aragonés Mariño,ES23106885,ES,1141,1,3
1336,BRENDA THORNTON,Brenda Thornton,US29482024,US,579,1,3
1337,Dra. Maria Juia Leão,Dra. Maria Julia Leão,428.471.664-94,BR,1278,1,4
1338,Enrique Tadeo Tur Cabello,Enrique Tadeo Tur Cabello,ES64250458,ES,1185,1,2
1339,Chema Llorens Quintana,Chema Llorens Quintana,ES21983952,ES,1180,1,2
1340,Jiuliana Duarte,Juliana Duarte,218.501.631-59,BR,248,1,3
1341,Nicole Vasconcelos Filho,Nicole Vasconcelos,544.395.192-77,BR,1526,1,4
1342,A. Cecília Sá,Ana Cecília Sá,028.439.599-53,BR,226,1,4
1343,Lavínia Fonseac,Lavínia Fonseca,931.486.925-83,BR,1444,1,3
1344,dra.-maria liz pacheco,Dra. Maria Liz Pacheco,563.127.891-38,BR,1420,1,2
1345,Igor Fernandes Jr,Igor Fernandes,573.679.418-70,BR,1339,1,2
1346,Mr Joe Smith,Mr Joe Smith,GB50649071,GB,1801,1,3
1347,Thomas Melo,Thomas Melo,947.312.172-71,BR,174,1,4
1348,Graham Ball,Graham Ball,GB32103093,GB,1846,1,2
1349,Dr Jayne,Dr Jayne Allen,GB59764655,GB,1781,1,3
1350,Paula McDonald,Paula McDonald,GB81440849,GB,1007,1,3
1351,Francesac bHolmes,Francesca Holmes,GB52295771,GB,1843,1,3
1352,M. Arias,Martin Querol Arias,ES88212291,ES,1181,1,3
1353,DavidH arris,David Harris,US14928616,US,788,1,2
1354,Melanie Parsons,Melanie Parsons,GB52346074,GB,920,1,2
1355,Gael Henrique Cardoso,Gael Henrique Cardoso,928.748.548-28,BR,1531,1,2
1356,IGOR GARCIA,Igor Garcia,322.619.413-38,BR,1310,1,4
1357,hellena pimenta,Hellena Pimenta,777.392.603-02,BR,445,1,4
1358,Hadassa Montenegro,Hadassa Montenegro,835.623.205-25,BR,1506,1,2
1359,pero miguel siqueira,Pedro Miguel Siqueira,728.785.738-91,BR,1312,1,3
1360,Bruna  Ferreira,Bruna Ferreira,642.400.825-47,BR,492,1,4
1361,Vinicius-Rocha,Vinícius Rocha,218.409.053-66,BR,1211,1,3
1362,Apolinar J. C. Mendez,Apolinar Jordi Carlos Mendez,ES18252004,ES,1155,1,3
1363,Lauren Jackson,Lauren Jackson,US17321129,US,689,1,6
1364,Nicolas Correia,Nicolas Correia,104.249.471-79,BR,1396,1,3
1365,Gustavo Silva,Gustavo Henrique Silva,945.198.327-31,BR,125,1,4
1366,Irene Brooks,Irene Brooks,GB72663022,GB,991,0,1
1367,Hellwena Pimenta,Hellena Pimenta,777.392.603-02,BR,445,1,4
1368,Dra. Aurora Pastor,Dra. Aurora Pastor,351.161.559-40,BR,4,1,3
1369,L. Randall,Lisa Randall,US79386491,US,690,1,3
1370,Valentim  Nascimento,Valentim Nascimento,434.031.741-62,BR,1439,1,5
1371,Dipl.-Ing. Ismail Bonbach B.A.,Dipl.-Ing. Ismail Bonbach B.A.,DE36594858,DE,1058,1,2
1372,Jamie  Baird,Jamie Baird,US13343647,US,706,1,6
1373,Dra. N. Aragão,Dra. Nicole Aragão,153.714.732-10,BR,186,1,5
1374,Agatha da Rosa Filho,Agatha da Rosa,658.202.970-21,BR,170,1,3
1375,Christian Vaughn,Christian Vaughn,US96718276,US,693,1,6
1376,Holly Stevens,Holly Stevens,GB30041488,GB,1012,1,2
1377,Sr. Angelina Aragonés Mariño,Angelina Aragonés Mariño,ES23106885,ES,1141,1,3
1378,M. Luísa Duarte,Maria Luísa Duarte,548.687.403-45,BR,165,1,4
1379,enzo gabriel pinto,Enzo Gabriel Pinto,074.183.384-42,BR,1520,1,5
1380,Dr T. Bradley,Dr Terence Bradley,GB70505964,GB,1856,1,2
1381,Melina Moreira,Melina Moreira,474.193.408-36,BR,1384,1,3
1382,T. Monteiro,Thomas Monteiro,754.330.365-41,BR,39,1,4
1383,Jayne Smith,Jayne Smith,GB54872013,GB,1814,1,2
1384,Alice Pacheco,Alice Pacheco,706.650.321-86,BR,1289,1,4
1385,Stephanie Ellott,Stephanie Elliott,US92148463,US,833,1,5
1386,BENICIO PEREIRA,Benicio Pereira,674.676.212-02,BR,390,1,6
1387,Vicente-das Neves,Vicente das Neves,400.995.226-01,BR,1265,1,4
1388,Jefxfrey Mendez,Jeffrey Mendez,US25889673,US,587,1,5
1389,Yuri Jeswus,Yuri Jesus,539.264.422-09,BR,335,1,2
1390,Arthur Miguel Montenegro,Arthur Miguel Montenegro,751.781.799-20,BR,1337,1,4
1391,Robert Duncan,Robert Duncan,US37174691,US,1703,1,3
1392,Rickey Li,Rickey Li,US28422816,US,550,1,3
1393,Evezyn Vasconcelos,Evelyn Vasconcelos,286.852.897-55,BR,518,1,3
1394,Franklin Wright,Franklin Wright,US54988861,US,734,1,2
1395,DRA. MARIANE PACHECO,Dra. Mariane Pacheco,586.923.226-02,BR,37,1,3
1396,Pedro Azevedo,Pedro Lucas Azevedo,906.048.058-92,BR,526,1,6
1397,Pedro Fonseca,Pedro Fonseca,156.793.341-01,BR,243,1,4
1398,Chelsea Donnelly,Chelsea Donnelly,GB38267755,GB,1827,1,5
1399,Valentim Nascimento,Valentim Nascimento,434.031.741-62,BR,1439,1,5
1400,Dr Duncan,Dr Duncan Wilson,GB52478375,GB,845,1,6
1401,John wong,John Wong,US81470374,US,1615,1,4
1402,Arthur Miguel da Rosa,Arthur Miguel da Rosa,648.422.940-57,BR,414,1,4
1403,Mrs Lynn Doherty,Mrs Lynn Doherty,GB87383284,GB,1778,1,4
1404,Joshua Massey II,Joshua Massey II,US44710020,US,1728,1,5
1405,Gael Rios,Gael Rios,386.290.569-10,BR,1259,1,2
1406,Austin Osborne,Austin Osborne,US73968467,US,618,0,1
1407,Arthur Miguel Montenegyo,Arthur Miguel Montenegro,751.781.799-20,BR,1337,1,4
1408,Kevin-Phillips,Kevin Phillips,GB25682621,GB,942,1,3
1409,Alexandre Fernandes,Alexandre Fernandes,278.484.889-66,BR,1419,1,4
1410,Lori Inram,Lori Ingram,US65197277,US,594,1,5
1411,Joao Moura,João Moura,905.865.185-06,BR,63,1,3
1412,Rita Hudson-Connolly,Rita Hudson-Connolly,GB13346688,GB,965,1,2
1413,CANDELAS JORDÁN BOTELLA,Candelas Jordán Botella,ES89210454,ES,1200,1,4
1414,Claar Gomes,Clara Gomes,062.962.015-33,BR,342,1,4
1415,Rafatla Martins,Rafaela Martins,614.293.968-56,BR,247,1,4
1416,M. Peixoto,Maitê Peixoto,024.596.623-67,BR,1393,1,5
1417,Vicente Guerra,Vicente Guerra,427.063.317-24,BR,1226,1,3
1418,Raul Barbosa,Raul Barbosa,812.735.857-30,BR,506,0,1
1419,Jodie Bailey,Jodie Bailey,GB94326147,GB,1842,1,2
1420,M. Fisher,Maria Fisher,US10771825,US,760,1,6
1421,Pamela HoltM,Pamela Holt MD,US48022533,US,1692,1,2
1422,Mrs Sara Clark,Mrs Sara Clark,GB84828728,GB,1853,1,5
1423,Yasmin Dias,Yasmin Dias,674.190.316-05,BR,1508,1,5
1424,Augusto Sampaio,Augusto Sampaio,642.122.060-81,BR,1435,1,3
1425,Vitor G. Carvalho,Vitor Gabriel Carvalho,515.832.818-26,BR,416,1,5
1426,Esther d.vCunha,Esther da Cunha,328.986.143-41,BR,158,1,4
1427,Chelsea,Chelsea Gill,US87590290,US,792,1,6
1428,ANA SOPHIA FARIAS,Ana Sophia Farias,696.542.927-95,BR,1286,1,4
1429,isadora barbosa,Isadora Barbosa,038.597.703-48,BR,87,1,3
1430,Mr B. thomson,Mr Bernard Thomson,GB77116153,GB,967,1,4
1431,Isabella Monteiro,Isabella Monteiro,168.942.104-47,BR,378,1,5
1432,michael Ramirez,Michael Ramirez,US90993934,US,1613,1,5
1433,Prof. Laís Novaes Filho,Laís Novaes,054.156.676-52,BR,166,1,5
1434,Sra. Ana Cecília Machado,Ana Cecília Machado,240.514.770-53,BR,534,1,3
1435,Prof. Harri-Thies B.Eng.,Prof. Harri Thies B.Eng.,DE20542212,DE,1060,1,5
1436,Mrs. Ryan Wiley,Ryan Wiley,US46833490,US,1741,1,2
1437,Bianca da kosta,Bianca da Costa,530.011.972-18,BR,386,1,2
1438,Pedro H. Castro,Pedro Henrique Castro,163.287.083-17,BR,49,1,3
1439,Laura Cirino,Laura Cirino,479.038.082-15,BR,1400,1,3
1440,Yago Leão,Yago Leão,764.835.030-56,BR,8,0,1
1441,Maria Luiza Silveiha,Maria Luiza Silveira,990.453.017-42,BR,213,1,6
1442,Vitor Dias,Vitor Dias,372.170.042-95,BR,1443,1,3
1443,Caleb da,Caleb da Rocha,519.398.280-73,BR,260,1,2
1444,Brigida Colomer Cabrera,Brígida Colomer Cabrera,ES86541203,ES,1176,1,3
1445,Mateus Duarte,Mateus Duarte,087.406.403-91,BR,219,1,2
1446,João Aragão,João Aragão,303.856.770-05,BR,440,1,2
1447,Alison Gregory,Alison Gregory,US90884680,US,1646,1,3
1448,W. Murray,Wayne Murray,GB25226607,GB,1799,1,2
1449,M. Novais,Mariane Novais,643.815.614-97,BR,131,1,3
1450,Tammy Lowe,Tammy Lowe,US46203468,US,1658,1,2
1451,R. Câmara,Ryan Câmara,152.742.054-93,BR,210,1,3
1452,Dr Stephen,Dr Stephen Thomson,GB91717739,GB,844,1,3
1453,Emwnuel Aparecida,Emanuel Aparecida,727.931.576-73,BR,1449,1,3
1454,Bradley Anderson,Bradley Anderson,GB50618137,GB,953,0,1
1455,Yasmin Dias,Yasmin Dias,674.190.316-05,BR,1508,1,5
1456,Kim Erickson,Kim Erickson,US48374806,US,683,1,6
1457,Darrell Mosley,Darrell Mosley,US37185334,US,1671,1,3
1458,Megan Williams,Megan Williams,US10767286,US,1590,1,3
1459,Antony Baker-Coles,Antony Baker-Coles,GB30679969,GB,968,1,3
1460,Luiz Felipe Mendonca,Luiz Felipe Mendonça,179.797.250-28,BR,1529,1,4
1461,Clemente Font,Clemente Font Barco,ES85165988,ES,1193,1,2
1462,Bernarda Zamora,Bernarda Zamora Andres,ES10113187,ES,1192,1,5
1463,Dakota Harrell,Dakota Harrell,US43504113,US,1666,1,3
1464,TravisHobbs,Travis Hobbs,US84832912,US,780,1,3
1465,D. do Maria Julia Leão,Dra. Maria Julia Leão,428.471.664-94,BR,1278,1,4
1466,HOLLY VALENTINE,Holly Valentine,US70286467,US,565,1,3
1467,Rickey Li,Rickey Li,US28422816,US,550,1,3
1468,Billy Thompson,Billy Thompson,US47464994,US,1588,1,3
1469,João L. Oliveira,João Lucas Oliveira,472.846.392-08,BR,473,1,4
1470,Murilo Rios Filho,Murilo Rios,379.965.075-27,BR,66,1,4
1471,Jennifer Miranda,Jennifer Miranda,US69307507,US,770,0,1
1472,Calebe Ribeiro,Calebe Ribeiro,740.344.713-49,BR,79,1,2
1473,Luiz Costela,Luiz Henrique Costela,529.751.613-69,BR,136,1,3
1474,Davi M. Casswiano,Davi Miguel Cassiano,093.576.529-33,BR,1302,1,3
1475,Felicia,Felicia Krueger,US50056146,US,794,1,3
1476,Isis Marques,Isis Marques,891.411.739-34,BR,384,1,3
1477,Dakota Harrell,Dakota Harrell,US43504113,US,1666,1,3
1478,William Harrison,William Harrison,US31654047,US,801,1,2
1479,iain benson,Iain Benson,GB80516816,GB,847,1,2
1480,Kevin Mendes,Kevin Mendes,706.077.028-59,BR,1493,1,4
1481,A.-Sophia Marques,Ana Sophia Marques,225.358.414-38,BR,180,1,6
1482,Pedro Henrique Porto,Pedro Henrique Porto,127.756.185-37,BR,317,1,2
1483,GUY ROWE,Guy Rowe,GB41895802,GB,950,1,3
1484,Michael Abbott,Michael Abbott,US26377680,US,825,1,3
1485,Michael,Michael Evans,US62902012,US,655,1,3
1486,Maria Helena Cunha,Maria Helena Cunha,514.622.720-80,BR,1515,1,3
1487,Maysa Correia,Maysa Correia,384.748.427-42,BR,1257,1,2
1488,Paula McDonald,Paula McDonald,GB81440849,GB,1007,1,3
1489,Bernardo Montenegro,Bernardo Montenegro,477.591.009-12,BR,1252,1,5
1490,Kurt Stafford,Kurt Stafford,US60867896,US,1714,1,4
1491,Srta. Elisa Martins,Srta. Elisa Martins,208.121.913-61,BR,27,1,2
1492,DietrichnHauffer,Dietrich Hauffer,DE24217270,DE,1043,1,6
1493,LARRY JONES,Larry Jones,US83024777,US,1695,1,4
1494,Geraldo e Acevedo Roma,Geraldo Acevedo Roma,ES76343171,ES,1152,1,5
1495,Howard Norman,Howard Norman,US34796255,US,603,1,4
1496,L. Martin,Louis Martin,US63424009,US,681,1,3
1497,Sara Rees-Ford,Sara Rees-Ford,GB23807765,GB,1811,1,4
1498,Heather Williams,Heather Williams,US90042177,US,612,1,4
1499,Mariane Ribeiro,Mariane Ribeiro,509.977.008-86,BR,240,1,4
1500,Mohamed Ali,Mohamed Ali,GB58414596,GB,1816,1,2
1501,Curtxis Williams,Curtis Williams,US35224021,US,600,1,3
1502,Prof. Karl Branch,Karl Branch,US28058430,US,824,1,3
1503,Brayan  Pereira,Brayan Pereira,647.468.723-43,BR,25,1,5
1504,Caua Rocha,Cauã Rocha,637.940.265-42,BR,3,0,1
1505,JadeA lbuquerque,Jade Albuquerque,434.596.111-72,BR,1360,1,2
1506,E. Mora Cerezo,Encarna Mora Cerezo,ES68432185,ES,1124,1,4
1507,Kurt Stafford,Kurt Stafford,US60867896,US,1714,1,4
1508,Mr Declan Gilbert,Mr Declan Gilbert,GB15019076,GB,960,1,4
1509,Adnie Röhrdanz,Annie Röhrdanz,DE67239263,DE,1047,1,2
1510,Anna Liz Peixoto,Anna Liz Peixoto,445.187.053-49,BR,310,1,2
1511,Carlos Eduardo Araújo,Carlos Eduardo Araújo,877.190.659-40,BR,82,1,3
1512,Siglinde Walter-Vogt,Siglinde Walter-Vogt,DE51935074,DE,1056,1,2
1513,Kamilly,Kamilly Correia,660.728.326-84,BR,426,1,5
1514,NATHAN MORAES,Nathan Moraes,768.701.462-63,BR,325,1,2
1515,Vitória Rodrigues,Vitória Rodrigues,783.970.523-27,BR,1205,1,4
1516,Darryl Wods,Darryl Woods,US85030383,US,1631,1,3
1517,Sara Rees-Ford,Sara Rees-Ford,GB23807765,GB,1811,1,4
1518,Ms A. Browne,Ms Amy Browne,GB10513475,GB,1780,1,3
1519,Burghard Aumann-Bolander,Burghard Aumann-Bolander,DE14061983,DE,1085,1,2
1520,Nathaniel Lee,Nathaniel Lee,US14352961,US,790,1,4
1521,Ecelmira Riera Borrell,Edelmira Riera Borrell,ES49484797,ES,1187,0,1
1522,Ashlee Warner,Ashlee Warner,US61403671,US,1580,1,2
1523,Rosalinde Eckbauer,Rosalinde Eckbauer B.Sc.,DE74243595,DE,1090,1,4
1524,Declan Smith-Leach,Declan Smith-Leach,GB80440298,GB,1784,1,2
1525,Bryan Guerrero,Bryan Guerrero,US93946405,US,1746,1,2
1526,Michael Bowers,Michael Bowers,US45913848,US,1566,1,3
1527,Martha-Bailey,Martha Bailey,US41927492,US,763,1,4
1528,Anna Liz Cirino,Anna Liz Cirino,436.713.695-94,BR,102,1,3
1529,Teresa Collins,Teresa Collins,US98171888,US,549,0,1
1530,Agatha Camargo,Agatha Camargo,399.727.146-45,BR,1533,1,3
1531,Mathias Fernandes,Mathias Fernandes,753.046.374-54,BR,212,1,5
1532,Duncan Morgan,Duncan Morgan,GB16105858,GB,874,1,3
1533,Miguel Guerra,Miguel Guerra,093.262.287-49,BR,1275,1,2
1534,Georgia Robinson,Georgia Robinson,GB39009803,GB,954,1,5
1535,Mandy Baker,Mandy Baker,GB75618644,GB,1875,1,2
1536,Mr Sean Holmes,Mr Sean Holmes,GB83517780,GB,1847,1,3
1537,B. da Mata,Bruna da Mata,868.913.560-14,BR,1379,1,5
1538,Pio Rueda Torrens,Pío Rueda Torrens,ES86129797,ES,1125,1,3
1539,Trevor Tyler,Trevor Tyler,US68606559,US,1629,1,2
1540,Mr Gerald Taylor,Mr Gerald Taylor,GB65548633,GB,947,1,3
1541,Paulo Novais,Paulo Novais,678.085.627-18,BR,474,0,1
1542,Gregory Wright,Gregory Wright,GB62775913,GB,1868,1,2
1543,Vinicius Teixeira,Vinicius Teixeira,857.984.321-21,BR,1475,1,4
1544,Derek Smith,Derek Smith,GB47799296,GB,883,0,1
1545,David Russell,David Russell,US57489235,US,1643,1,5
1546,Chcad Jones,Chad Jones,US93956490,US,555,1,3
1547,T. Mcdowell,Tammy Mcdowell,US80305568,US,724,1,3
1548,Heitor Vargas,Heitor Vargas,442.703.120-73,BR,498,1,4
1549,Mateus da Mota,Mateus da Mota,651.333.872-62,BR,22,1,3
1550,Amanda Novais,Amanda Novais,255.341.928-32,BR,7,1,3
1551,Diogo Rezende,Diogo Rezende,396.907.844-73,BR,183,1,3
1552,Dwayne Klein,Dwayne Klein,US70891997,US,708,1,2
1553,Ashley Smith,Ashley Smith,US72220513,US,692,0,1
1554,Carly Cooper,Carly Cooper,GB57458790,GB,927,1,4
1555,Oliver Wright,Oliver Wright,GB85217695,GB,877,0,1
1556,Lucca Camargo,Lucca Camargo,027.261.493-31,BR,401,1,3
1557,MOLLY WATTS,Molly Watts,US66701914,US,686,1,3
1558,Feliciano J. Calvo,Feliciano Julián Calvo,ES69755911,ES,1142,1,6
1559,Luísa Fogaça,Luísa Fogaça,899.375.679-82,BR,265,1,3
1560,Ayla-Melo,Ayla Melo,474.112.490-35,BR,318,1,3
1561,Eugenio T. Flores,Eugenio Tenorio Flores,ES96568973,ES,1153,1,2
1562,Dante Novais,Dante Novais,759.017.518-63,BR,286,1,3
1563,Margaret Gilbert,Margaret Gilbert,GB70499898,GB,1763,1,4
1564,Christopher Guerra,Christopher Guerra,US86893142,US,559,1,2
1565,JulianaO liveira,Juliana Oliveira,386.571.918-26,BR,314,1,5
1566,Sauel Turner,Samuel Turner,US17390556,US,785,1,3
1567,Marcela Sampaio,Marcela Sampaio,705.856.785-56,BR,1486,1,2
1568,Ing.e CarlbWeiß,Ing. Carl Weiß,DE46379997,DE,1026,1,3
1569,Mr Alexander Harris,Mr Alexander Harris,GB28546608,GB,1783,1,2
1570,Antônio Aragão,Antônio Aragão,156.728.557-20,BR,1394,1,2
1571,Bárbara Vieira,Bárbara Vieira,522.872.808-01,BR,238,0,1
1572,steve paul,Steve Paul,US92138779,US,605,1,2
1573,Daniel Casa Grande,Daniel Casa Grande,903.308.853-97,BR,1308,1,2
1574,rodrigo nunes,Rodrigo Nunes,425.202.988-56,BR,1521,1,4
1575,Calebe-Vieira,Calebe Vieira,983.782.539-86,BR,1355,1,3
1576,BERNARDA ZAMORA ANDRES,Bernarda Zamora Andres,ES10113187,ES,1192,1,5
1577,luan nunes,Luan Nunes,466.975.908-72,BR,1503,1,4
1578,maria brown,Maria Brown,US58343701,US,811,1,3
1579,Francis Williams-Barnes,Francis Williams-Barnes,GB66782149,GB,1808,1,5
1580,Danny Fisher,Danny Fisher,US83168263,US,1708,1,3
1581,Isabel Vasconcelos,Isabel Vasconcelos,986.162.299-91,BR,353,1,4
1582,Stephen Russell,Stephen Russell,US38403252,US,1715,1,4
1583,Sofia Lima,Sofia Lima,098.358.416-87,BR,191,1,2
1584,Brenda da Paz,Brenda da Paz,807.740.649-30,BR,493,1,3
1585,Justin Smith,Justin Smith,US52833597,US,1572,1,4
1586,Burghard-Aumann-Bolander,Burghard Aumann-Bolander,DE14061983,DE,1085,1,2
1587,John Wiliey,John Wiley,US44406252,US,1754,1,2
1588,P. Berry,Phillip Berry,US91163038,US,621,1,2
1589,Sharon Rhodes,Sharon Rhodes,GB76426435,GB,1831,1,3
1590,Joel Frost,Joel Frost,GB67318164,GB,843,1,5
1591,L. Gabrie lViana,Lucas Gabriel Viana,411.998.679-80,BR,142,1,4
1592,Rodrigo Câmara,Rodrigo Câmara,433.339.521-11,BR,471,0,1
1593,Mauela Lima,Manuela Lima,942.046.852-61,BR,1448,1,2
1594,Felicia Perez Cadenas,Felicia Perez Cadenas,ES53671508,ES,1139,1,2
1595,Josué Jesus,Josué Jesus,407.766.521-64,BR,1463,1,3
1596,M.  Brown,Michelle Brown,US68052555,US,1759,1,4
1597,Renee Melendez,Renee Melendez,US97681338,US,786,1,3
1598,Candelas J.,Candelas Jordán Botella,ES89210454,ES,1200,1,4
1599,Andrea Suarez,Andrea Suarez,US27203192,US,1691,1,3
1600,S.,Scott Collins,US20385197,US,1674,1,3
1601,Benício,Benício Cardoso,990.881.172-98,BR,451,1,3
1602,Erick Pbreira,Erick Pereira,082.404.335-04,BR,521,1,3
1603,Hortensia Taboada,Hortensia Taboada,ES30027490,ES,1164,1,3
1604,Antonino Gumprich,Antonino Gumprich,DE57169588,DE,1089,1,3
1605,Brandon Adams-barber,Brandon Adams-Barber,GB58745417,GB,1818,1,3
1606,Gael Guerra,Gael Guerra,281.685.054-23,BR,148,1,3
1607,Mohammad-Gould,Mohammad Gould,GB12047721,GB,1016,1,4
1608,Riley  Bryant,Riley Bryant,US19101846,US,584,1,2
1609,Vanesa-del Reig,Vanesa del Reig,ES68348074,ES,1178,1,4
1610,Jeremy Greene,Jeremy Greene,US47814203,US,1586,1,3
1611,I. Vasconcelos,Isabel Vasconcelos,986.162.299-91,BR,353,1,4
1612,Dylan Thompsqon,Dylan Thompson,GB84514623,GB,921,1,4
1613,Lance cimmons,Lance Simmons,US40992396,US,611,1,5
1614,Beatriz Mendonça,Beatriz Mendonça,858.877.043-58,BR,420,0,1
1615,Pedro Lucas Leão,Pedro Lucas Leão,583.981.463-19,BR,1251,1,3
1616,Maria Teixeira,Maria Luiza Teixeira,999.250.563-42,BR,1229,1,5
1617,H. NORMAN,Howard Norman,US34796255,US,603,1,4
1618,Joaquim Freitas,Joaquim Freitas,026.811.775-89,BR,117,1,4
1619,Casey Chase,Casey Chase,US61084208,US,731,1,2
1620,Pedro Henriqu Mendonca,Pedro Henrique Mendonça,296.685.161-22,BR,211,1,2
1621,Maite Peixoto,Maitê Peixoto,024.596.623-67,BR,1393,1,5
1622,Maria Ailce Araújo,Maria Alice Araújo,015.814.491-47,BR,425,1,2
1623,Miguel Farias,Miguel Farias,442.978.465-93,BR,1507,1,3
1624,Murilo Leão,Murilo Leão,621.372.138-65,BR,458,0,1
1625,Niko Atzler-Frohlich,Niko Atzler-Fröhlich,DE83734610,DE,1024,1,3
1626,Kaique Correia,Kaique Correia,845.727.292-49,BR,1425,1,2
1627,Laís Andrade,Laís Andrade,897.927.373-40,BR,1447,1,2
1628,Ana Lívia Fogaça,Ana Lívia Fogaça,441.158.124-26,BR,1471,1,2
1629,Steve Paul,Steve Paul,US92138779,US,605,1,2
1630,PHILLIP NELSON,Phillip Nelson,US87984620,US,571,1,6
1631,Otto Ribeiro,Otto Ribeiro,712.368.516-04,BR,107,1,2
1632,Danilo Farias,Danilo Farias,176.347.580-28,BR,1285,1,2
1633,Tammy Mcdowell,Tammy Mcdowell,US80305568,US,724,1,3
1634,G. Hill,Gregory Hill,US70899748,US,768,1,3
1635,Ashley Garcia,Ashley Garcia,US33095179,US,1623,1,2
1636,Mrs. Mrs Michelle Hilton,Mrs Michelle Hilton,GB83818891,GB,889,1,5
1637,ERICK CARVALHO,Erick Carvalho,613.972.589-47,BR,1345,1,3
1638,Rodrigo Macedo,Rodrigo Macedo,440.819.266-81,BR,1522,1,3
1639,jade,Jade Marques,603.323.098-21,BR,380,1,3
1640,Shane Jackson,Shane Jackson,GB51308532,GB,886,1,4
1641,Liz Rezende,Liz Rezende,043.973.598-93,BR,412,1,3
1642,Bruna d. Mata,Bruna da Mata,868.913.560-14,BR,1379,1,5
1643,Anacleto Merino Velázquez,Anacleto Merino Velázquez,ES17130627,ES,1191,1,3
1644,Thales d. Paz,Thales da Paz,032.365.199-41,BR,321,1,2
1645,Gustavo Henrique Lopes,Gustavo Henrique Lopes,355.690.927-55,BR,171,0,1
1646,Jonathan Griffiths,Jonathan Griffiths,GB80164897,GB,1841,1,4
1647,Rachel Bradley,Rachel Bradley,US83866174,US,730,0,1
1648,Rhys Cooper,Rhys Cooper,GB45711004,GB,1810,1,5
1649,Mr Ben,Mr Ben Patel,GB54800838,GB,875,1,5
1650,Maya Viana,Maya Viana,282.166.121-71,BR,1418,1,2
1651,Dra. Maria Eduarda Monteiro,Dra. Maria Eduarda Monteiro,251.126.438-34,BR,1376,1,3
1652,igor gomes,Igor Gomes,857.865.278-58,BR,200,1,4
1653,JASMINE GREGORY,Jasmine Gregory,GB47131272,GB,1006,1,3
1654,Justin Waker,Justin Walker,US92019078,US,803,1,2
1655,Dr Patricia Hart,Dr Patricia Hart,GB25362614,GB,1015,1,5
1656,Luana Souza,Luana Souza,391.037.170-58,BR,514,1,4
1657,Derek Brown,Derek Brown,US85611778,US,1736,1,2
1658,Michael Lopez,Michael Lopez,US32935793,US,733,1,3
1659,Rafael Borges,Rafael Borges,245.088.210-09,BR,427,1,2
1660,Lawrence Edwards,Lawrence Edwards,US86763742,US,657,1,4
1661,Amber Yang,Amber Yang,US90544341,US,773,1,3
1662,Diogo,Diogo Rezende,396.907.844-73,BR,183,1,3
1663,João Pedro Cavalcanti,João Pedro Cavalcanti,031.608.156-07,BR,1401,1,3
1664,Benjamin Porto,Benjamin Porto,451.838.258-11,BR,1227,1,3
1665,Shane Watson,Shane Watson,US87606531,US,1585,1,3
1666,J. Becker-Kranz,Jennifer Becker-Kranz,DE47883942,DE,1093,1,6
1667,Joao Lucas Sa,João Lucas Sá,226.567.661-82,BR,221,1,4
1668,Luan Nunes,Luan Nunes,466.975.908-72,BR,1503,1,4
1669,Sra. Ana Sophia da Conceição,Ana Sophia da Conceição,304.287.952-17,BR,1417,1,3
1670,Davi L. d. Porto,Davi Lucas Porto,688.767.677-21,BR,277,1,2
1671,Josefa L. Gonzalo,Josefa Lago Gonzalo,ES95380301,ES,1160,1,3
1672,Arthur Gabriel Araújo,Arthur Gabriel Araújo,615.073.717-43,BR,1272,1,4
1673,C. Jimentez,Casey Jimenez,US41462719,US,1698,1,5
1674,Ms Amy Browne,Ms Amy Browne,GB10513475,GB,1780,1,3
1675,Amy Kelley,Amy Kelley,US34252610,US,748,1,3
1676,M. LUIZA TEIXEIRA,Maria Luiza Teixeira,999.250.563-42,BR,1229,1,5
1677,June Woods,June Woods,GB18886963,GB,928,1,4
1678,henry gabriel,Henry Gabriel Camargo,690.295.939-17,BR,336,1,2
1679,Adam Jackson,Adam Jackson,US80739820,US,828,1,2
1680,Holly Valentine,Holly Valentine,US70286467,US,565,1,3
1681,Matthew Schwartz,Matthew Schwartz,US30144703,US,737,1,3
1682,Amanda Pereira,Amanda Pereira,750.036.915-59,BR,475,1,3
1683,Marilyn Wang,Marilyn Wang,US91594977,US,652,1,3
1684,GABRIELLY AZEVEDO,Gabrielly Azevedo,552.314.913-57,BR,431,1,6
1685,CHRISTIAN VAUGHN,Christian Vaughn,US96718276,US,693,1,6
1686,Anna L. Farias,Anna Liz Farias,229.034.944-66,BR,364,1,4
1687,Thomas Williams Neto,Thomas Williams,US92089782,US,1749,1,3
1688,Cazrolina da Luz,Carolina da Luz,950.696.556-44,BR,1464,1,3
1689,Kathryn Mccann,Kathryn Mccann,US74916146,US,840,1,4
1690,J. Anderson,Jordan Anderson,GB76805681,GB,857,1,5
1691,Gael,Gael Henrique Gomes,835.642.087-37,BR,385,1,2
1692,ARTHUR GABRIEL VIANA,Arthur Gabriel Viana,271.190.077-24,BR,1487,1,4
1693,Raymond Hartley,Raymond Hartley,GB25744170,GB,1791,1,3
1694,valentina,Valentina Barros,109.678.994-05,BR,513,1,3
1695,Ayla Freitas,Ayla Freitas,866.531.592-92,BR,1341,1,5
1696,Amelia Palmer,Amelia Palmer,GB41235369,GB,861,1,3
1697,Rodrigo Pires,Rodrigo Pires,272.858.128-31,BR,1502,1,3
1698,Dra. C. d. Mota,Dra. Carolina da Mota,966.278.282-74,BR,275,1,3
1699,Emanuelly d. Conceição,Emanuelly da Conceição,881.973.699-35,BR,1202,1,5
1700,Dr Duncan,Dr Duncan Wilson,GB52478375,GB,845,1,6
1701,Dr A. Morgan,Dr Arthur Morgan,GB50177237,GB,918,1,2
1702,Isabella da,Isabella da Luz,200.471.138-26,BR,110,1,3
1703,Felpe Moraes,Felipe Moraes,863.871.276-50,BR,1490,1,3
1704,Neil-Jones-Smith,Neil Jones-Smith,GB52679593,GB,1793,1,3
1705,Lívia Monteiro,Lívia Monteiro,463.746.745-79,BR,1354,1,3
1706,Graham Powell,Graham Powell,GB27269100,GB,1829,1,2
1707,Maria Luísa Correia,Maria Luísa Correia,123.281.206-79,BR,78,0,1
1708,Léo das Neves Jr,Léo das Neves,256.996.112-53,BR,484,1,2
1709,ANA CECÍLIA PINTO,Ana Cecília Pinto,858.842.474-51,BR,106,1,5
1710,Glenn Williams,Glenn Williams,GB79870757,GB,994,1,3
1711,Jamie Anderson,Jamie Anderson,US36455737,US,1619,1,2
1712,Antônio Almeida,Antônio Almeida,012.998.070-11,BR,1440,1,3
1713,Ana Sophia Montenegro,Ana Sophia Montenegro,973.169.322-73,BR,1239,1,2
1714,Kamilly Correia,Kamilly Correia,660.728.326-84,BR,426,1,5
1715,A. Spencer,Allison Spencer,US64839908,US,634,1,4
1716,THIAGO CALDEIRA,Thiago Caldeira,714.345.581-22,BR,52,1,3
1717,Ursula Kreusel,Ursula Kreusel,DE23054418,DE,1066,1,2
1718,Maria Helena Machado,Maria Helena Machado,750.017.012-77,BR,288,1,3
1719,Bento Machado,Bento Machado,070.164.510-46,BR,537,1,5
1720,U. Friederike Hiller,Univ.Prof. Friederike Hiller,DE13891332,DE,1040,1,5
1721,Pedro Lucas Azevedo,Pedro Lucas Azevedo,906.048.058-92,BR,526,1,6
1722,Herr Adrian Trommler,Herr Adrian Trommler,DE57018904,DE,1023,1,5
1723,Prof. Hajo Schuster .BSc.,Prof. Hajo Schuster B.Sc.,DE92720444,DE,1054,1,3
1724,Thomas Williams,Thomas Williams,US92089782,US,1749,1,3
1725,Mr Danny-Turner,Mr Danny Turner,GB21687128,GB,989,1,2
1726,H. Tino Wulff B.Eng.,Herr Tino Wulff B.Eng.,DE19519256,DE,1105,0,1
1727,Emanuel Vieira,Emanuel Vieira,401.965.569-81,BR,41,1,2
1728,R. Owen,Rhys Owen,GB69205536,GB,1009,1,2
1729,Ayla Farirs,Ayla Farias,672.656.729-73,BR,1551,1,5
1730,Alexandre Farias,Alexandre Farias,675.254.599-10,BR,129,1,4
1731,Robert Richardson,Robert Richardson,US71920968,US,684,1,3
1732,Albert-Anderson-Turnbull,Albert Anderson-Turnbull,GB59000217,GB,1812,1,4
1733,MARIA EDUARDA CAVALCANTE,Maria Eduarda Cavalcante,175.183.046-99,BR,231,1,3
1734,Maite Costa,Maitê Costa,358.283.959-81,BR,1258,1,3
1735,Gustav oCunha,Gustavo Cunha,322.159.588-68,BR,1538,1,3
1736,jennifer jones,Jennifer Jones,US86687590,US,836,1,6
1737,Benicio Gonçalves,Benicio Gonçalves,003.033.933-80,BR,1291,1,4
1738,Mirella,Mirella Freitas,886.153.355-54,BR,417,1,5
1739,Pedro Henrique Aparecida,Pedro Henrique Aparecida,105.921.776-35,BR,1442,1,2
1740,John Hall,John Hall,US76450846,US,1638,1,4
1741,Daniel Anderson,Daniel Anderson,US42171141,US,1753,1,5
1742,A. Cecília da Mata,Ana Cecília da Mata,734.341.533-64,BR,1213,1,3
1743,Olivia Mitchell,Olivia Mitchell,GB72071682,GB,914,0,1
1744,Srta. Giovanna Pires Jr,Srta. Giovanna Pires,627.136.111-55,BR,292,1,4
1745,Dr Gerald,Dr Gerald Shepherd,GB37827473,GB,870,1,3
1746,Mrs Jill Myers,Mrs Jill Myers,GB14245067,GB,945,0,1
1747,Caroline Rios,Caroline Rios,758.692.617-96,BR,111,1,2
1748,Kurt Stafford,Kurt Stafford,US60867896,US,1714,1,4
1749,Virginia Etzler,Virginia Etzler,DE58359584,DE,1884,1,3
1750,Sheri Lopez,Sheri Lopez,US69515970,US,1738,1,4
1751,Ana Araujo,Ana Araújo,286.990.413-79,BR,447,1,2
1752,Danilo Mendonça,Danilo Mendonça,954.546.293-48,BR,1296,1,2
1753,NATHAN CAMPOS,Nathan Campos,953.394.210-47,BR,104,1,3
1754,Maria Pinto,Maria Luísa Pinto,329.212.779-97,BR,139,1,4
1755,Kelly Lee,Kelly Lee,US15268263,US,672,1,2
1756,Maria H. Rocha,Maria Helena Rocha,845.115.447-96,BR,168,1,4
1757,Lucas Gabriel Dias,Lucas Gabriel Dias,623.091.307-56,BR,198,1,4
1758,Breno-Melo,Breno Melo,855.241.406-02,BR,362,1,3
1759,Sean Moore,Sean Moore,US79880338,US,663,1,3
1760,Maria,Maria Helena Costa,663.923.321-46,BR,1201,1,4
1761,William Dy,William Day,US39870720,US,638,1,3
1762,Benicio Gonçalves,Benicio Gonçalves,003.033.933-80,BR,1291,1,4
1763,S. Elisa Martins,Srta. Elisa Martins,208.121.913-61,BR,27,1,2
1764,Emanuel Macedo,Emanuel Macedo,754.770.704-89,BR,1294,1,2
1765,Léo Nogueira,Léo Nogueira,665.061.809-19,BR,424,1,2
1766,Caleb Garcia,Caleb Garcia,514.627.048-28,BR,13,1,3
1767,S. Hadassa Azevedo,Srta. Hadassa Azevedo,549.733.484-34,BR,201,1,6
1768,Maya Barros,Maya Barros,895.990.025-44,BR,1375,1,2
1769,Keith Ward,Keith Ward,GB13908068,GB,898,0,1
1770,Diana Matthews,Diana Matthews,US85362563,US,1758,1,4
1771,Marcela Cunha,Marcela Cunha,965.845.893-70,BR,1434,1,2
1772,Rebeca Cassiano,Rebeca Cassiano,115.869.380-68,BR,348,1,2
1773,June Khan,June Khan,GB60363964,GB,933,1,3
1774,Andre Bell,Andrew Bell,US43182223,US,1683,1,2
1775,L. Freitas,Letícia Freitas,802.715.825-80,BR,1273,1,3
1776,Prof. Rabea-Neureuther B.Eng.,Prof. Rabea Neureuther B.Eng.,DE53737494,DE,1102,1,2
1777,J. Nelson,Jordan Nelson,US22102493,US,1599,1,3
1778,Gustavo Leão,Gustavo Leão,473.384.842-19,BR,204,0,1
1779,A. Cruz,Asafe da Cruz,878.003.845-76,BR,539,1,2
1780,Igor da Cunha,Igor da Cunha,962.008.671-29,BR,1237,1,2
1781,Theo Mohaupt,Theo Mohaupt,DE17220897,DE,1045,0,1
1782,kelly barnes,Kelly Barnes,US40686002,US,1606,1,3
1783,Donna Frye,Donna Frye,US51996390,US,654,1,4
1784,Manu Puerta,Manu Puerta Moreno,ES37603443,ES,1173,1,3
1785,Raymond Le,Raymond Le,US88577462,US,699,0,1
1786,Daniel Nguyen,Daniel Nguyen,US77197151,US,696,1,2
1787,Deboah Reeves,Deborah Reeves,GB93650413,GB,849,1,6
1788,James Gilebrt,James Gilbert,US15168989,US,662,1,5
1789,Allison Spencer,Allison Spencer,US64839908,US,634,1,4
1790,Jasmine Taylor,Jasmine Taylor,US41450411,US,1650,1,5
1791,kay-uwe köhler,Kay-Uwe Köhler,DE73181059,DE,1041,1,5
1792,Frederike  Ladeck B.Sc.,Frederike Ladeck B.Sc.,DE73155598,DE,1071,1,3
1793,Lucca Ferriera,Lucca Ferreira,293.143.866-32,BR,478,1,6
1794,Zoe-Mendes,Zoe Mendes,687.937.416-08,BR,349,1,3
1795,Luiz Henrique,Luiz Henrique Costela,529.751.613-69,BR,136,1,3
1796,C. Turner,Connie Turner,US94374018,US,779,1,3
1797,Dr Ronald Lawrence,Dr Ronald Lawrence,GB80280155,GB,972,0,1
1798,João L. Oliveria,João Lucas Oliveira,472.846.392-08,BR,473,1,4
1799,Olivia da,Olivia da Rocha,364.037.613-79,BR,297,1,3
1800,Frederike L. B.Sc.,Frederike Ladeck B.Sc.,DE73155598,DE,1071,1,3
1801,derek walsh,Derek Walsh,GB79276026,GB,977,1,4
1802,Lorenzo Varuas,Lorenzo Vargas,389.193.579-62,BR,1353,1,3
1803,Glauco Priego Cabrero,Glauco Priego Cabrero,ES67867771,ES,1123,1,4
1804,Declan Fox,Declan Fox,GB92677226,GB,897,1,3
1805,Julie Herrera,Julie Herrera,US79619091,US,669,1,5
1806,Courtney Hayes,Courtney Hayes,US37153619,US,573,1,2
1807,Steven Stone-Ward Filho,Steven Stone-Ward,GB54360949,GB,901,1,4
1808,Otto Gonçalves,Otto Gonçalves,745.383.639-43,BR,1351,1,3
1809,Kenneth Morris,Kenneth Morris,US96338760,US,1756,1,3
1810,M. Eduarda Cavalcante,Maria Eduarda Cavalcante,175.183.046-99,BR,231,1,3
1811,Brett Evans,Brett Evans,GB53476321,GB,890,1,4
1812,glen duncan,Glen Duncan,GB12087828,GB,1832,1,3
1813,Arthur Gabriel Farias,Arthur Gabriel Farias,400.842.710-94,BR,73,0,1
1814,MRS SARA CLARK,Mrs Sara Clark,GB84828728,GB,1853,1,5
1815,Diana Mitchell-Mahmood,Diana Mitchell-Mahmood,GB14905998,GB,980,1,3
1816,Bruna Vasconmcelos,Bruna Vasconcelos,013.983.735-40,BR,232,1,5
1817,R. Souza,Rafael Souza,604.506.734-65,BR,1392,1,2
1818,Melina Pires,Melina Pires,583.206.799-81,BR,527,1,3
1819,LUCCA FERREIRA,Lucca Ferreira,293.143.866-32,BR,478,1,6
1820,STEPHANIE PERKINS,Stephanie Perkins,US86461297,US,1702,1,5
1821,Milena da Luz,Milena da Luz,523.986.800-02,BR,193,1,4
1822,Laura Vasconcelos,Laura Vasconcelos,169.797.296-59,BR,391,1,4
1823,E. James,Ellie James,GB69562350,GB,963,1,5
1824,Daniel Anderson,Daniel Anderson,US42171141,US,1753,1,5
1825,M. SULLIVAN,Makayla Sullivan,US28637380,US,1737,1,3
1826,Paul Williams-Fox,Paul Williams-Fox,GB67933959,GB,1761,1,2
1827,Maria Helena Fernandes,Maria Helena Fernandes,426.265.511-04,BR,251,0,1
1828,Curro Fernández Cases,Curro Fernández Cases,ES92620697,ES,1169,1,2
1829,Sandra Rodgers,Sandra Rodgers,US21783647,US,551,1,5
1830,John Hall,John Hall,US76450846,US,1638,1,4
1831,Chelsea Bell,Chelsea Bell,GB33489813,GB,957,1,4
1832,Fernanda-Vasconcelos,Fernanda Vasconcelos,364.722.900-20,BR,1299,1,3
1833,Murilo-Rios,Murilo Rios,379.965.075-27,BR,66,1,4
1834,Winfried Kühnert,Winfried Kühnert,DE61485872,DE,1044,1,2
1835,Janice Ellis,Janice Ellis,GB57493391,GB,850,1,4
1836,Diego da Rocha,Diego da Rocha,649.382.046-68,BR,1234,1,3
1837,Apollo Fogaça,Apollo Fogaça,639.741.192-74,BR,1366,1,3
1838,Monica Miller,Monica Miller,US91282861,US,608,1,3
1839,Fernando Pires,Fernando Pires,808.584.700-72,BR,1334,1,3
1840,C. Weston-Bond,Clare Weston-Bond,GB53067834,GB,1002,1,2
1841,Lesley Lewis Jr,Lesley Lewis,GB28220579,GB,907,0,1
1842,David Roberts,David Roberts,US24160152,US,1723,1,4
1843,João Guilherme Pastor,João Guilherme Pastor,364.622.517-90,BR,528,1,3
1844,Arthur Gabriel Viana,Arthur Gabriel Viana,271.190.077-24,BR,1487,1,4
1845,Maria Helena Machado,Maria Helena Machado,750.017.012-77,BR,288,1,3
1846,Dale Parker,Dale Parker,US96067983,US,1716,1,4
1847,Ágatha Monteiro Jr.,Ágatha Monteiro,518.023.806-17,BR,309,1,3
1848,Augusto Vargas,Augusto Vargas,110.813.655-15,BR,1536,1,5
1849,A. Farias,Ayla Farias,672.656.729-73,BR,1551,1,5
1850,Emma Butler,Emma Butler,US34808803,US,783,1,4
1851,Olívia da Cruz,Olívia da Cruz,964.990.913-34,BR,77,0,1
1852,Shirley McLean,Shirley McLean,GB13017249,GB,997,1,2
1853,Guadalupe Ríos Rivas,Guadalupe Ríos Rivas,ES90003898,ES,1137,0,1
1854,M. Peixoto,Mariane Peixoto,897.962.706-40,BR,1518,1,3
1855,Harriet Hiller,Harriet Hiller,DE84645170,DE,1103,0,1
1856,Henry da Mata,Henry da Mata,843.012.085-05,BR,1381,1,2
1857,João Marques,João Marques,004.003.965-72,BR,1276,1,5
1858,Dra. Laura Macedo,Dra. Laura Macedo,079.252.419-13,BR,306,1,2
1859,Daniela Vasconcelos,Daniela Vasconcelos,010.620.691-53,BR,1370,1,2
1860,Amanda das Neves,Amanda das Neves,467.854.458-77,BR,234,1,3
1861,Wiebke Winkler,Wiebke Winkler,DE41097470,DE,1072,1,4
1862,Sian Miller-Green,Sian Miller-Green,GB18745863,GB,1844,1,2
1863,V. Gabriel Costa,Vitor Gabriel Costa,950.133.309-85,BR,1488,1,3
1864,Martin vCox,Martin Cox,GB27409802,GB,851,1,3
1865,Jo?o Gabriel Macedo,João Gabriel Macedo,149.216.433-47,BR,488,1,5
1866,Otto Gomes,Otto Gomes,280.483.279-78,BR,1403,1,4
1867,Heather Avery,Heather Avery,US61036906,US,1610,1,4
1868,Caroline Silveira,Caroline Silveira,869.993.867-74,BR,76,1,4
1869,Gilberto d. Salmerón,Gilberto del Salmerón,ES41573535,ES,1198,1,6
1870,Jo?o Pedro Cavalcanti,João Pedro Cavalcanti,031.608.156-07,BR,1401,1,3
1871,Dra. Valntina Peixoto,Dra. Valentina Peixoto,419.182.553-71,BR,271,1,5
1872,S. Spencer,Shelly Spencer,US97573396,US,569,1,6
1873,Kiaza Little,Kiara Little,US43565477,US,713,1,3
1874,Maria Vitória da Rocha,Maria Vitória da Rocha,392.855.749-82,BR,508,1,5
1875,Isaiah Whitehead,Isaiah Whitehead,US19760825,US,1608,1,3
1876,Lauren-Williams DVM,Lauren Williams DVM,US12217733,US,1660,1,2
1877,Emanuel d. Costa,Emanuel da Costa,753.269.731-12,BR,294,1,4
1878,Miguel Almeida,Miguel Almeida,533.443.989-17,BR,1316,1,3
1879,Kyle Henry II,Kyle Henry,GB18334511,GB,1871,1,4
1880,B. Foster,Benjamin Foster,US19540635,US,1755,1,3
1881,Anna Liz Farias,Anna Liz Farias,229.034.944-66,BR,364,1,4
1882,Resginald Knapp,Reginald Knapp,US70625891,US,694,1,2
1883,Isabelly Cunha,Isabelly Cunha,753.658.632-20,BR,1383,1,2
1884,Larry Harris,Larry Harris,US16580878,US,797,1,4
1885,Scott Thompson,Scott Thompson,US56956617,US,1616,1,2
1886,Srta. Hadassa Azevedo,Srta. Hadassa Azevedo,549.733.484-34,BR,201,1,6
1887,Sarahd a Mata,Sarah da Mata,503.758.997-57,BR,399,1,2
1888,Rhonda Chavez,Rhonda Chavez,US10474177,US,752,1,3
1889,Tina Stephens,Tina Stephens,GB19851956,GB,1789,1,5
1890,Camila Sousa,Camila Sousa,163.955.711-25,BR,1386,1,2
1891,L. Machado,Lorena Machado,232.868.798-27,BR,1411,1,2
1892,Andrew Bell,Andrew Bell,US43182223,US,1683,1,2
1893,Herr Gisbert-Schenk,Herr Gisbert Schenk,DE97167893,DE,1104,1,6
1894,Otávio Fernandes,Otávio Fernandes,287.101.226-91,BR,11,1,3
1895,DRA. MARIA EDUARDA MONTEIRO,Dra. Maria Eduarda Monteiro,251.126.438-34,BR,1376,1,3
1896,Justin Smish,Justin Smith,US52833597,US,1572,1,4
1897,Shannon Malone,Shannon Malone,US46831833,US,826,0,1
1898,Nicholas Sanchez,Nicholas Sanchez,US96129667,US,1685,1,4
1899,Lesley Dodd,Lesley Dodd,GB35334041,GB,1782,1,3
1900,nina moura,Nina Moura,648.236.629-94,BR,44,0,1
1901,Aynur Haering,Aynur Haering,DE54604858,DE,1057,1,5
1902,Juan Bautista Sedano-Alberola,Juan Bautista Sedano-Alberola,ES52493026,ES,1174,1,3
1903,Jill Clarke-Taylor,Jill Clarke-Taylor,GB25063426,GB,958,1,2
1904,Maya Das,Maya Dias,304.532.638-99,BR,1519,1,5
1905,Paca Elías Morales,Paca Elías Morales,ES55729880,ES,1120,1,2
1906,I. Câmara,Isabelly Câmara,001.338.908-38,BR,2,1,3
1907,R. Lucca Sales,Ravi Lucca Sales,800.030.756-22,BR,307,1,2
1908,FERNANDO PIRES,Fernando Pires,808.584.700-72,BR,1334,1,3
1909,David Robinson,David Robinson,US10882216,US,774,1,3
1910,Bryan Ceunningham,Bryan Cunningham,GB12512345,GB,923,1,5
1911,KAITLIN MEDINA,Kaitlin Medina,US51542843,US,744,1,2
1912,MARTIN COX,Martin Cox,GB27409802,GB,851,1,3
1913,Dawn Alexander,Dawn Alexander,US78546837,US,1600,1,3
1914,Stephen Harris,Stephen Harris,US33978100,US,1732,1,4
1915,adrian bradshaw,Adrian Bradshaw,GB91793056,GB,860,1,3
1916,Albert Gabaldón Donaire,Albert Gabaldón Donaire,ES98605814,ES,1154,1,2
1917,Brenda-da Paz,Brenda da Paz,807.740.649-30,BR,493,1,3
1918,Kurt Stafford,Kurt Stafford,US60867896,US,1714,1,4
1919,Kathleen Robertson,Kathleen Robertson,US70614013,US,665,1,4
1920,Leticia Marques,Letícia Marques,405.377.351-58,BR,112,1,3
1921,Jay-Roberts,Jay Roberts,GB81925331,GB,922,1,2
1922,Amanda Das Neves,Amanda das Neves,467.854.458-77,BR,234,1,3
1923,Dwayne Klein,Dwayne Klein,US70891997,US,708,1,2
1924,R. Martin,Rhonda Martin,US30501644,US,560,1,2
1925,Dr. Olívia Azevedo,Olívia Azevedo,849.027.703-84,BR,461,1,4
1926,isabel jesus,Isabel Jesus,503.465.807-47,BR,1262,1,3
1927,Dr. Brenda Duarte,Brenda Duarte,111.799.844-74,BR,1429,1,4
1928,Rhonda Martin,Rhonda Martin,US30501644,US,560,1,2
1929,Carlqy Donnelly,Carly Donnelly,GB37125189,GB,961,1,6
1930,Beatriz ragão,Beatriz Aragão,247.710.932-48,BR,88,1,4
1931,LUNA MARTINS,Luna Martins,719.285.654-31,BR,172,1,5
1932,Pedro Henrique Aparecida,Pedro Henrique Aparecida,105.921.776-35,BR,1442,1,2
1933,Raul Sales,Raul Sales,620.959.351-86,BR,510,1,4
1934,Mohammad Gould,Mohammad Gould,GB12047721,GB,1016,1,4
1935,William David xds,William David DDS,US16565770,US,782,1,2
1936,daniel meza,Daniel Meza,US92201431,US,554,1,4
1937,Isadora Barbosa,Isadora Barbosa,038.597.703-48,BR,87,1,3
1938,YAN SILVA,Yan Silva,068.650.863-76,BR,452,1,4
1939,Maria lelena,Maria Helena Costa,663.923.321-46,BR,1201,1,4
1940,Rodrigo Andrade,Rodrigo Andrade,772.782.856-20,BR,1527,1,2
1941,José Miguel da Rocha,José Miguel da Rocha,564.757.051-20,BR,499,0,1
1942,B. del Salazar,Bonifacio del Salazar,ES27120235,ES,1186,1,2
1943,Liz Pimenta,Liz Pimenta,766.177.115-92,BR,119,1,3
1944,Jody Butler,Jody Butler,US61001546,US,1576,1,4
1945,KimErickson,Kim Erickson,US48374806,US,683,1,6
1946,Ana J. Cassiano,Ana Júlia Cassiano,422.325.367-29,BR,284,1,4
1947,Mrs Zoe Mason,Mrs Zoe Mason,GB65761966,GB,1865,1,2
1948,Mr Reece Lewis,Mr Reece Lewis,GB77913458,GB,964,1,4
1949,Mr Geraljd Taylor,Mr Gerald Taylor,GB65548633,GB,947,1,3
1950,Georgia Roiinson,Georgia Robinson,GB39009803,GB,954,1,5
1951,Pánfilo Abellán,Pánfilo Abellán Posada,ES33231136,ES,1129,1,5
1952,R. Richardson,Robert Richardson,US71920968,US,684,1,3
1953,Antonio Teixeira,Antônio Teixeira,138.367.024-10,BR,313,1,3
1954,Arthur miguel Dar Osa,Arthur Miguel da Rosa,648.422.940-57,BR,414,1,4
1955,rhonda chavez,Rhonda Chavez,US10474177,US,752,1,3
1956,Mr Bernard Thomson,Mr Bernard Thomson,GB77116153,GB,967,1,4
1957,Richard Taylor,Richard Taylor,GB55520266,GB,932,1,6
1958,BRUNA GOMES,Bruna Gomes,047.277.901-04,BR,157,1,4
1959,BEATRIZ ARAGÃO,Beatriz Aragão,247.710.932-48,BR,88,1,4
1960,Sra. Ursula Kreusel,Ursula Kreusel,DE23054418,DE,1066,1,2
1961,Benicio Pereira,Benicio Pereira,674.676.212-02,BR,390,1,6
1962,Nicoel Gonzalez,Nicole Gonzalez,US16616323,US,677,1,4
1963,Maria Luisa Pinto,Maria Luísa Pinto,329.212.779-97,BR,139,1,4
1964,Dra. Hellena,Dra. Hellena Rodrigues,543.534.624-75,BR,29,1,2
1965,Christopher Morris,Christopher Morris,US68959861,US,643,1,6
1966,Valentim Nascimento,Valentim Nascimento,434.031.741-62,BR,1439,1,5
1967,Pamela-Diaz,Pamela Diaz,US63098035,US,671,1,3
1968,Yasmin da Mota,Yasmin da Mota,879.717.073-15,BR,1288,1,2
1969,hadassa ramos,Hadassa Ramos,968.814.353-68,BR,428,1,5
1970,José Miguel Nascimento,José Miguel Nascimento,334.521.384-44,BR,1550,1,2
1971,MARIA LAURA  DA MOTA,Maria Laura da Mota,557.941.552-16,BR,389,1,4
1972,Mr Ian Shaw,Mr Ian Shaw,GB70829712,GB,1764,1,3
1973,Bernardo  Vargas,Bernardo Vargas,573.322.141-88,BR,149,1,2
1974,Anika Geisler,Anika Geisler MBA.,DE32924595,DE,1092,1,2
1975,janet kane dvm,Janet Kane DVM,US91602221,US,761,1,2
1976,Manuela Viana,Manuela Viana,310.324.171-46,BR,345,1,3
1977,Edward Nash,Edward Nash,US86476158,US,1722,1,4
1978,Stephany Siqueira,Stephany Siqueira,148.631.027-12,BR,1309,1,4
1979,carly cooper,Carly Cooper,GB57458790,GB,927,1,4
1980,Elizabeth Johnson,Elizabeth Johnson,US21562260,US,1617,1,2
1981,Jason-Butcher,Jason Butcher,GB74625235,GB,908,1,5
1982,Davi Silvira,Davi Silveira,319.520.585-27,BR,163,1,3
1983,Joana Ribeiro,Joana Ribeiro,312.442.831-91,BR,1261,1,4
1984,Lais Correia,Laís Correia,103.073.877-03,BR,1274,1,5
1985,Stephen Evans,Stephen Evans,US98480618,US,1701,1,4
1986,Dr Anthony Jackson,Dr Anthony Jackson,GB41436741,GB,1798,1,2
1987,Maria-Luísa Duarte,Maria Luísa Duarte,548.687.403-45,BR,165,1,4
1988,Emma Butler,Emma Butler,US34808803,US,783,1,4
1989,Sr. Trude Bruder,Trude Bruder,DE25151444,DE,1088,1,4
1990,Gustavo Henrique Silva,Gustavo Henrique Silva,945.198.327-31,BR,125,1,4
1991,L. Montenegro,Lívia Montenegro,846.917.989-23,BR,1431,1,3
1992,Mrs. Curtis Williams,Curtis Williams,US35224021,US,600,1,3
1993,NINA SIQUEIRA,Nina Siqueira,499.471.746-48,BR,81,1,2
1994,melissa evans-phillips,Melissa Evans-Phillips,GB85515502,GB,853,1,3
1995,Luiz Gustavo Caldeira,Luiz Gustavo Caldeira,043.416.518-27,BR,469,1,4
1996,Ryan Cnuha,Ryan Cunha,719.022.941-31,BR,75,1,4
1997,Ester Marques,Ester Marques,878.971.924-19,BR,1413,1,2
1998,Ana Araújo,Ana Araújo,286.990.413-79,BR,447,1,2
1999,C. Morris,Christopher Morris,US68959861,US,643,1,6
2000,Julia Andrade,Julia Andrade,818.141.247-82,BR,154,1,3
2001,BRUNA DA MATA,Bruna da Mata,868.913.560-14,BR,1379,1,5
2002,S. Elliott,Stephanie Elliott,US92148463,US,833,1,5
2003,Luiz-Fernando Ramos,Luiz Fernando Ramos,805.929.622-29,BR,150,1,2
2004,Megan Williams,Megan Williams,US10767286,US,1590,1,3
2005,Henry Rezende,Henry Gabriel Rezende,100.233.594-10,BR,1246,1,3
2006,Dra. Aurora Pinto,Dra. Aurora Pinto,928.201.027-61,BR,1206,1,3
2007,Daniel Miller,Daniel Miller,US76356771,US,1634,1,3
2008,Cindy Gomez,Cindy Gomez,US15692967,US,667,0,1
2009,Isabelly Marques,Isabelly Marques,526.218.159-97,BR,341,1,3
2010,Maria Luísa Pinto,Maria Luísa Pinto,329.212.779-97,BR,139,1,4
2011,Scott Carlson,Scott Carlson,US44726470,US,1627,1,4
2012,Christopher Doyle,Christopher Doyle,GB59199678,GB,1858,1,3
2013,Lucca Ferreira,Lucca Ferreira,293.143.866-32,BR,478,1,6
2014,Lauren Jacson,Lauren Jackson,US17321129,US,689,1,6
2015,P. Morales,Paca Elías Morales,ES55729880,ES,1120,1,2
2016,mr louis cooper,Mr Louis Cooper,GB35843038,GB,1004,1,6
2017,Joana Ribeiro,Joana Ribeiro,312.442.831-91,BR,1261,1,4
2018,Violetta Rosenow,Violetta Rosenow,DE42707660,DE,1114,0,1
2019,noah alves,Noah Alves,905.814.770-05,BR,141,1,3
2020,debra kay,Debra Kay,GB31388969,GB,1857,1,5
2021,Pamela Parrish,Pamela Parrish,US42737219,US,1725,1,3
2022,Larry Jones,Larry Jones,US83024777,US,1695,1,4
2023,Manuella Cassiano,Manuella Cassiano,590.609.624-30,BR,1441,1,2
2024,Molly-Watts,Molly Watts,US66701914,US,686,1,3
2025,T. da Cunha,Theodoro da Cunha,128.741.906-96,BR,1412,1,4
2026,F. Julián Calvo,Feliciano Julián Calvo,ES69755911,ES,1142,1,6
2027,Vinicius Teixeira,Vinicius Teixeira,857.984.321-21,BR,1475,1,4
2028,L. Sanchez,Laurie Sanchez,US22103709,US,712,1,3
2029,Ayla Ferreira,Ayla Ferreira,966.766.745-28,BR,1466,1,2
2030,Dr G. Shepherd,Dr Gerald Shepherd,GB37827473,GB,870,1,3
2031,Glen Duncan,Glen Duncan,GB12087828,GB,1832,1,3
2032,Sophie West-Hall,Sophie West-Hall,GB39121851,GB,1855,1,3
2033,Constanza-Ainara Zurita Tejedor,Constanza Ainara Zurita Tejedor,ES61514973,ES,1118,1,2
2034,Lucas Rios,Lucas Rios,937.690.426-81,BR,465,1,3
2035,B. Melo,Benício Melo,918.463.865-57,BR,442,1,3
2036,Bianca Sales,Bianca Sales,616.157.686-84,BR,1247,1,4
2037,MARIA DO VITÓRIA ROCHA,Maria Vitória Rocha,757.349.645-73,BR,1489,1,2
2038,ALEXANDER DAVIES,Alexander Davies,GB96657974,GB,906,1,4
2039,Hayden Thomas,Hayden Thomas,US55525274,US,1568,1,5
2040,Eduada da Cruz,Eduarda da Cruz,485.595.735-96,BR,1511,1,2
2041,ElizabethM endez,Elizabeth Mendez,US16886777,US,741,1,3
2042,Arhur Miguel da Rosa,Arthur Miguel da Rosa,648.422.940-57,BR,414,1,4
2043,PEDRO HENRIQUE SOUZA,Pedro Henrique Souza,974.351.013-30,BR,1465,1,4
2044,Gael Leão,Gael Leão,775.841.616-92,BR,167,1,3
2045,GAVIN TAYLOR,Gavin Taylor,GB36983916,GB,1809,1,3
2046,Breno Moraes,Breno Moraes,811.386.338-39,BR,516,1,5
2047,Caleb qMelo,Caleb Melo,072.335.892-36,BR,1450,1,2
2048,Gordon-Fletcher,Gordon Fletcher,GB54522609,GB,926,1,3
2049,Pietra Rsmos,Pietra Ramos,230.225.238-72,BR,1548,1,2
2050,Mirella Correia,Mirella Correia,903.998.644-29,BR,1528,1,2
2051,yasmin garcia,Yasmin Garcia,574.374.896-91,BR,365,1,3
2052,Timothy Brown,Timothy Brown,US58759380,US,1570,1,3
2053,MARTIN QUEROL ARIAS,Martin Querol Arias,ES88212291,ES,1181,1,3
2054,Maysa Fernandes,Maysa Fernandes,078.361.340-74,BR,280,1,3
2055,Ravy Dias,Ravy Dias,566.658.120-56,BR,1212,1,2
2056,Morgan Valencia,Morgan Valencia,US89699265,US,658,1,2
2057,Alan Diaz,Alan Diaz,US35681520,US,1618,1,4
2058,H. Dobes,Herwig Dobes,DE75432046,DE,1084,1,2
2059,Kathryn Roberts,Kathryn Roberts,US47912862,US,1661,1,3
2060,Mr Mark Conway,Mr Mark Conway,GB55706698,GB,1796,1,3
2061,K. Zorbach,Katherina Zorbach,DE63796676,DE,1109,1,5
2062,Yasmin Alves,Yasmin Alves,279.568.783-39,BR,215,1,6
2063,Anthony Jones,Anthony Jones,US38058347,US,832,1,2
2064,Vitoria d. Rocha,Vitória da Rocha,383.028.883-52,BR,1361,1,3
2065,Dr Jayne Allen,Dr Jayne Allen,GB59764655,GB,1781,1,3
2066,JoãooGuilherme Pastor,João Guilherme Pastor,364.622.517-90,BR,528,1,3
2067,Mr Holmes,Mr Sean Holmes,GB83517780,GB,1847,1,3
2068,L. Harris,Larry Harris,US16580878,US,797,1,4
2069,Joycei Brown,Joyce Brown,US93558632,US,753,1,4
2070,Aimee Hughes,Aimee Hughes,GB13219453,GB,866,1,6
2071,S. Liz,Srta. Liz Guerra,275.705.964-01,BR,169,1,3
2072,José da Conceição,José da Conceição,420.431.127-54,BR,1495,1,4
2073,Jessfca Jones,Jessica Jones,US26969885,US,1582,1,3
2074,gordon Fletcher,Gordon Fletcher,GB54522609,GB,926,1,3
2075,Lorena Nunes,Lorena Nunes,520.643.611-03,BR,290,1,4
2076,Christopher Doyle,Christopher Doyle,GB59199678,GB,1858,1,3
2077,ISABELLY AZEVEDO,Isabelly Azevedo,339.699.786-08,BR,1380,1,2
2078,T. Johnson,Timothy Johnson,US76926628,US,758,1,4
2079,Tammy Boone,Tammy Boone,US29511823,US,789,1,3
2080,Dorothy Smith-Hardy,Dorothy Smith-Hardy,GB55220023,GB,1836,1,3
2081,Arthur Miguel Correia,Arthur Miguel Correia,344.893.567-00,BR,1537,1,2
2082,Joseph qilson,Joseph Wilson,US27659164,US,750,1,5
2083,Luona Martins,Luna Martins,719.285.654-31,BR,172,1,5
2084,Dana Green,Dana Green,US38322236,US,1730,1,2
2085,Ainara Nebot Mateo,Ainara Nebot Mateo,ES78507933,ES,1184,1,3
2086,F. Hering,Friedl Hering,DE27458237,DE,1039,1,2
2087,Hadsasa Ramos,Hadassa Ramos,968.814.353-68,BR,428,1,5
2088,Sr. Bruna da Mata,Bruna da Mata,868.913.560-14,BR,1379,1,5
2089,H. Hewitt-Clarke,Howard Hewitt-Clarke,GB23490445,GB,1776,1,4
2090,Mr Price,Mr Wayne Price,GB93896357,GB,1848,1,3
2091,Betti bmrger,Betti Berger,DE71906810,DE,1091,1,2
2092,U. Gebhard Ortmann MBA.,Univ.Prof. Gebhard Ortmann MBA.,DE27098533,DE,1097,1,6
2093,Louis Martin,Louis Martin,US63424009,US,681,1,3
2094,Rodrigo d. Mota,Rodrigo da Mota,609.379.660-33,BR,270,1,3
2095,Julia-Duarte,Julia Duarte,828.666.312-46,BR,1378,1,3
2096,OTÁVIO MARQUES,Otávio Marques,504.316.126-13,BR,1422,1,2
2097,Lorena Nunes Jr.,Lorena Nunes,520.643.611-03,BR,290,1,4
2098,John Bowman,John Bowman,US32228240,US,1719,1,3
2099,ANA SOPHIA BARROS,Ana Sophia Barros,103.886.291-27,BR,450,1,4
2100,Juliana Aboreu,Juliana Abreu,774.186.256-52,BR,346,1,2
2101,Gernot Stahr,Gernot Stahr,DE82816971,DE,1022,0,1
2102,Susan Davis,Susan Davis,US25322958,US,719,1,2
2103,SRTA. LUARA LIMA,Srta. Luara Lima,890.260.127-96,BR,459,1,3
2104,Marina Cirino,Marina Cirino,408.714.427-50,BR,1479,1,3
2105,João Gabriel Neves,João Gabriel das Neves,346.373.026-13,BR,1382,1,3
2106,Rafael Duarte,Rafael Duarte,065.180.170-46,BR,220,1,3
2107,D. Kelly Pritchard,Dr Kelly Pritchard,GB44807825,GB,1824,1,4
2108,Darryl Woods,Darryl Woods,US85030383,US,1631,1,3
2109,Kevin Davis,Kevin Davis,US37226295,US,751,1,3
2110,Melina Mota,Melina da Mota,557.431.329-12,BR,316,1,3
2111,chelsea bell,Chelsea Bell,GB33489813,GB,957,1,4
2112,Isaque Santis,Isaque Santos,292.185.156-91,BR,333,1,3
2113,EricqWilliams,Eric Williams,US52613620,US,583,1,3
2114,Diane Reyes,Diane Reyes,US82777382,US,566,1,5
2115,Zachary Mendoza,Zachary Mendoza,US21771255,US,796,1,2
2116,Maria Cecília Pinto,Maria Cecília Pinto,078.593.213-34,BR,328,1,3
2117,Luna Pires,Luna Pires,096.105.566-13,BR,525,0,1
2118,Vitor G. Camzos,Vitor Gabriel Campos,866.934.654-72,BR,405,1,6
2119,Kyle Henry,Kyle Henry,GB18334511,GB,1871,1,4
2120,Shane Jackson,Shane Jackson,GB51308532,GB,886,1,4
2121,Penny Bowman,Penny Bowman,US37455861,US,640,1,2
2122,Heather Williams,Heather Williams,US90042177,US,612,1,4
2123,Vitor Gabriel Costa,Vitor Gabriel Costa,950.133.309-85,BR,1488,1,3
2124,Alice Pacveco,Alice Pacheco,706.650.321-86,BR,1289,1,4
2125,Joyce brown,Joyce Brown,US93558632,US,753,1,4
2126,Rachael Dawson,Rachael Dawson,GB48462422,GB,1005,1,4
2127,John Hunt,John Hunt,US64309199,US,1587,1,3
2128,Benicio Fernandes,Benicio Fernandes,274.755.553-40,BR,1292,1,3
2129,Susi Mälzer-Hertrampf,Susi Mälzer-Hertrampf,DE59500071,DE,1883,1,3
2130,Lucas Rios,Lucas Rios,937.690.426-81,BR,465,1,3
2131,S. Luiz Felipe Fernandes,Luiz Felipe Fernandes,707.244.691-80,BR,1540,1,2
2132,D. Rhodes,Donna Rhodes,GB91294213,GB,938,1,2
2133,Angela Jones,Angela Jones,US32809970,US,1637,1,2
2134,Alejandre,Alexandre Camargo,895.352.058-33,BR,1263,1,4
2135,Gabriela Leão,Gabriela Leão,612.490.652-86,BR,1207,1,4
2136,Levi da uCnha,Levi da Cunha,244.720.999-34,BR,324,1,3
2137,Ana Laura Araygão,Ana Laura Aragão,386.922.219-69,BR,99,0,1
2138,Joao Miguel Monteiro,João Miguel Monteiro,507.753.637-66,BR,1387,1,4
2139,Daniel Cross,Daniel Cross,US24290145,US,1720,1,2
2140,DAVI ANDRADE,Davi Andrade,898.136.748-54,BR,1407,1,5
2141,Beatriz Barbosa,Beatriz Barbosa,053.293.183-93,BR,114,1,2
2142,Enzo Gabriel Melo,Enzo Gabriel Melo,254.347.962-79,BR,1222,1,3
2143,Vicente da do Rosa,Vicente da Rosa,992.280.920-24,BR,446,1,3
2144,Janet Kane DVM,Janet Kane DVM,US91602221,US,761,1,2
2145,Alicia Li,Alicia Li,US67354434,US,819,1,4
2146,Mnr Ian Shaw,Mr Ian Shaw,GB70829712,GB,1764,1,3
2147,Feliciano Calvo,Feliciano Julián Calvo,ES69755911,ES,1142,1,6
2148,Dra. Mariane Pacheco,Dra. Mariane Pacheco,586.923.226-02,BR,37,1,3
2149,Howard Hewitt-Clarke,Howard Hewitt-Clarke,GB23490445,GB,1776,1,4
2150,Jane Web,Jane Webb,GB15909601,GB,987,1,4
2151,Heloísa Novais,Heloísa Novais,712.903.645-52,BR,1293,1,4
2152,Dra. Raquel Costela,Dra. Raquel Costela,304.181.968-14,BR,1343,1,2
2153,Laura,Laura Lima,171.870.262-17,BR,95,1,5
2154,Vicente das Neves,Vicente das Neves,400.995.226-01,BR,1265,1,4
2155,Maria Lima,Maria Lima,361.832.421-02,BR,80,1,5
2156,Levi Cunha,Levi Cunha,808.412.411-82,BR,32,1,2
2157,C. Power-Stone,Christine Power-Stone,GB46439766,GB,946,1,6
2158,CHLOE DIAZ,Chloe Diaz,US32558387,US,1656,1,2
2159,Agatha Camargo,Agatha Camargo,399.727.146-45,BR,1533,1,3
2160,Benicio Melo,Benício Melo,918.463.865-57,BR,442,1,3
2161,W. Evans,William Evans,US62756521,US,702,1,2
2162,Ana CarolinaM arques,Ana Carolina Marques,296.670.662-53,BR,323,0,1
2163,Vitor Gabriel Carvalho,Vitor Gabriel Carvalho,515.832.818-26,BR,416,1,5
2164,Louise Hunt,Louise Hunt,GB53544784,GB,1859,1,3
2165,Alica Li,Alicia Li,US67354434,US,819,1,4
2166,igor farias,Igor Farias,205.336.452-57,BR,433,1,4
2167,Luan,Luan Vieira,717.099.917-38,BR,372,1,4
2168,Nicholas  Jones,Nicholas Jones,US47186960,US,1711,1,3
2169,Raymond Hartley,Raymond Hartley,GB25744170,GB,1791,1,3
2170,Isadora Cavalcanti,Isadora Cavalcanti,190.290.135-87,BR,1346,1,3
2171,Maya Pehreira,Maya Pereira,361.530.515-22,BR,156,1,4
2172,Ayla Freitas,Ayla Freitas,866.531.592-92,BR,1341,1,5
2173,J. Aragão,João Aragão,303.856.770-05,BR,440,1,2
2174,Aaron-Arnold,Aaron Arnold,US60860378,US,817,1,5
2175,UNIV.PROF. ROLF-DIETER RING B.SC.,Univ.Prof. Rolf-Dieter Ring B.Sc.,DE64450250,DE,1100,1,6
2176,Kimberly Sharp,Kimberly Sharp,US70317234,US,720,1,3
2177,Eduarda da Conceicao,Eduarda da Conceição,108.560.544-21,BR,1342,1,3
2178,Jeremy Mitchell,Jeremy Mitchell,US51927304,US,562,1,5
2179,G. d. Luz,Gabrielly da Luz,056.320.217-66,BR,1267,1,3
2180,Fito Fortuny Castrillo,Fito Fortuny Castrillo,ES18866414,ES,1119,1,3
2181,Catarina Martins,Catarina Martins,787.747.016-87,BR,188,1,2
2182,B. Jackson,Ben Jackson,GB74781956,GB,966,1,4
2183,R. Gertz,Roswita Gertz,DE54335867,DE,1081,1,3
2184,Vitor Caldeira,Vitor Caldeira,950.512.833-00,BR,1389,1,2
2185,Roswita Gertz,Roswita Gertz,DE54335867,DE,1081,1,3
2186,Bernardo Vasconcelos,Bernardo Vasconcelos,079.030.673-83,BR,225,1,2
2187,Justin Mitchell,Justin Mitchell,GB53807702,GB,1867,1,2
2188,William Mendoza,William Mendoza,US40770731,US,1602,1,2
2189,Prof. B.sc.,Prof. Hajo Schuster B.Sc.,DE92720444,DE,1054,1,3
2190,Frau Insa Schmidtke,Frau Insa Schmidtke,DE37726346,DE,1021,1,2
2191,Dr Alex Brown,Dr Alex Brown,GB76102828,GB,858,1,4
2192,Anneli Scheel-Rosenow,Anneli Scheel-Rosenow,DE27689263,DE,1063,1,2
2193,Ssherry Woods,Sherry Woods,US26581824,US,717,1,4
2194,Beatriz Vieira,Beatriz Vieira,063.565.126-94,BR,455,1,2
2195,Maria Helena,Maria Helena Machado,750.017.012-77,BR,288,1,3
2196,Benício Albuquerque,Benício Albuquerque,899.873.490-77,BR,1473,1,2
2197,Ms Harper,Ms Victoria Harper,GB10286705,GB,1864,1,3
2198,Denise Martinez,Denise Martinez,US70516875,US,705,1,5
2199,Mariah Nascimento,Mariah Nascimento,067.240.049-91,BR,208,1,3
2200,João  Montenegro,João Montenegro,585.149.368-99,BR,126,1,6
2201,DRA. ANA LÍVIA DA CUNHA,Dra. Ana Lívia da Cunha,746.785.493-34,BR,1408,1,2
2202,Dale Connor,Dale Connor,GB12484578,GB,1803,1,2
2203,Courtney Kelly,Courtney Kelly,US85107933,US,1757,1,2
2204,Kristin aTaylor,Kristina Taylor,US62014008,US,1620,1,2
2205,Shane,Shane Bennett,GB51629191,GB,1785,1,3
2206,A. Liz Cirino,Anna Liz Cirino,436.713.695-94,BR,102,1,3
2207,R. Palmer,Rosie Palmer,GB25827722,GB,869,1,4
2208,Mr,Mr Ronald Butler,GB48545627,GB,842,1,3
2209,Milena Caldeira,Milena Caldeira,473.612.729-41,BR,1542,1,2
2210,A. Combs,Amber Combs,US19750722,US,1712,1,3
2211,Joseph Hill,Joseph Hill,US19082067,US,818,1,2
2212,Ayla Melo,Ayla Melo,474.112.490-35,BR,318,1,3
2213,Mirella Freitas,Mirella Freitas,886.153.355-54,BR,417,1,5
2214,Calebe Vieira,Calebe Vieira,983.782.539-86,BR,1355,1,3
2215,Davi L. d. Luz,Davi Luiz da Luz,657.661.565-45,BR,122,1,3
2216,WendyH odgson,Wendy Hodgson,GB48988647,GB,862,0,1
2217,Jose Almeida,José Almeida,146.033.301-71,BR,1535,1,2
2218,M. Ribeiro,Mariane Ribeiro,509.977.008-86,BR,240,1,4
2219,Pedro Miguel Freitas,Pedro Miguel Freitas,404.625.901-93,BR,1314,1,4
2220,Diana Matthews,Diana Matthews,US85362563,US,1758,1,4
2221,João Pedro Peixoto,João Pedro Peixoto,141.633.565-88,BR,468,1,2
2222,Steven Watson,Steven Watson,US11507311,US,1680,1,3
2223,Enrico Nunies,Enrico Nunes,356.519.970-36,BR,1331,1,4
2224,Jason Butcher,Jason Butcher,GB74625235,GB,908,1,5
2225,Letícia Pator,Letícia Pastor,063.242.415-41,BR,289,1,6
2226,KIM ERICKSON,Kim Erickson,US48374806,US,683,1,6
2227,Nicole Martis,Nicole Martins,486.457.117-92,BR,1501,1,2
2228,Amy Bennett,Amy Bennett,US10451149,US,1750,1,4
2229,José Siqueira,José Siqueira,560.480.635-81,BR,1204,1,5
2230,Dra. Maria Liz Pacheco,Dra. Maria Liz Pacheco,563.127.891-38,BR,1420,1,2
2231,Heather Bolton,Heather Bolton,US41163012,US,613,1,3
2232,Rodrigo Barbosa,Rodrigo Barbosa,455.758.416-18,BR,1559,1,4
2233,Maria Luz,Maria Flor da Luz,184.619.580-58,BR,1453,1,5
2234,L. Simmons,Lori Simmons,US37868647,US,781,1,6
2235,Dakota Harrell,Dakota Harrell,US43504113,US,1666,1,3
2236,Melina-Leão,Melina Leão,487.282.997-96,BR,490,1,5
2237,Melissa Barbosa,Melissa Barbosa,826.334.220-44,BR,1338,1,5
2238,Josehp Howard,Joseph Howard,US65963010,US,799,1,2
2239,Jeanette Harrison,Jeanette Harrison,US13957187,US,591,1,2
2240,Mateus Lopes,Mateus Lopes,672.292.544-30,BR,1530,1,3
2241,Lauren Long MD,Lauren Long MD,US75884651,US,1731,1,2
2242,Isadora Cavalcanti,Isadora Cavalcanti,190.290.135-87,BR,1346,1,3
2243,Dr Robin Whitehouse,Dr Robin Whitehouse,GB54732472,GB,893,0,1
2244,Mirella-Freitas,Mirella Freitas,886.153.355-54,BR,417,1,5
2245,Melissa Roberts,Melissa Roberts,GB35347488,GB,1820,1,2
2246,Maria Isis Leão,Maria Isis Leão,440.984.351-25,BR,1243,1,2
2247,Chelsea Webb,Chelsea Webb,US87359986,US,1745,1,3
2248,VINCENT REYNOLDS,Vincent Reynolds,US18876667,US,641,1,3
2249,Stsphanie Perkins,Stephanie Perkins,US86461297,US,1702,1,5
2250,Arthur Miguel Camargo,Arthur Miguel Camargo,624.752.276-68,BR,1221,1,3
2251,J. Marques,João Marques,004.003.965-72,BR,1276,1,5
2252,Jason Beck,Jason Beck,US34714210,US,588,1,3
2253,Olívia Montenegro,Olívia Montenegro,698.042.043-94,BR,536,0,1
2254,henrique qsá,Henrique Sá,884.578.317-45,BR,491,1,3
2255,Fernando Andrade,Fernando Andrade,624.843.700-53,BR,1244,1,3
2256,Mrs Tina,Mrs Tina Roberts,GB31106054,GB,1786,1,2
2257,K. Rowe,Kristen Rowe,US24614652,US,798,1,2
2258,S. Antonella da Paz,Srta. Antonella da Paz,551.884.422-58,BR,175,1,3
2259,C. da Mata,Clarice da Mata,990.421.020-27,BR,303,1,2
2260,Biaanca Mendonça,Bianca Mendonça,425.799.136-62,BR,449,1,3
2261,M. Moura,Maysa Moura,205.554.384-04,BR,540,1,3
2262,Benicio Montenegro,Benicio Montenegro,627.392.270-94,BR,1504,1,3
2263,SALLY HARDY,Sally Hardy,GB37952515,GB,924,1,2
2264,D. Kelly rPitchard,Dr Kelly Pritchard,GB44807825,GB,1824,1,4
2265,Brandon Begum-Lord,Brandon Begum-Lord,GB30039365,GB,929,1,3
2266,Dr Bryan Dobson,Dr Bryan Dobson,GB48787922,GB,1877,1,4
2267,Pedro Cassiano,Pedro Cassiano,960.391.782-32,BR,1336,1,5
2268,M.-Leão,Murilo Leão,699.527.232-67,BR,1327,1,4
2269,W. Lachmann,Willibert Lachmann,DE53588695,DE,1082,1,3
2270,Dr. Maya Dias,Maya Dias,304.532.638-99,BR,1519,1,5
2271,R. SMITH,Randy Smith,US97050454,US,715,1,2
2272,Angela Ross,Angela Ross,US97137753,US,1639,1,3
2273,Derrick Spencer,Derrick Spencer,US60099487,US,1592,1,3
2274,Luiz Felipe Mendonca,Luiz Felipe Mendonça,179.797.250-28,BR,1529,1,4
2275,Vilma M. Gámez,Vilma Muñoz Gámez,ES11089747,ES,1182,1,4
2276,Edward Nash,Edward Nash,US86476158,US,1722,1,4
2277,Katuerine Stark,Katherine Stark,US87707540,US,810,1,2
2278,Martin Cox,Martin Cox,GB27409802,GB,851,1,3
2279,Ralf-Peter Hartmann,Ralf-Peter Hartmann,DE89260394,DE,1110,0,1
2280,Katie Mcneil,Katie Mcneil,US29531743,US,590,1,3
2281,Jose Parrish,Jose Parrish,US10250251,US,1603,1,2
2282,christopher bailey,Christopher Bailey,GB25547243,GB,984,1,2
2283,Mr Justin Rose Neto,Mr Justin Rose,GB17519183,GB,916,1,3
2284,Brenda Thornton,Brenda Thornton,US29482024,US,579,1,3
2285,Mariana Silva,Mariana Silva,353.185.542-62,BR,1437,1,3
2286,Nicole Gonzalez II,Nicole Gonzalez,US16616323,US,677,1,4
2287,Ms Beth Walker,Ms Beth Walker,GB23187101,GB,976,0,1
2288,Timothy Summers,Timothy Summers,US98470898,US,1571,1,3
2289,L. Randall,Lisa Randall,US79386491,US,690,1,3
2290,Christopher Doyle,Christopher Doyle,GB59199678,GB,1858,1,3
2291,Mohammad Young-Power,Mohammad Young-Power,GB82070563,GB,912,1,3
2292,KATIE MCNEIL,Katie Mcneil,US29531743,US,590,1,3
2293,Anna L.  Castro,Anna Liz Castro,211.293.828-96,BR,1313,1,4
2294,Jan-Peter,Jan-Peter Steinberg,DE16772091,DE,1042,1,4
2295,Maria Vitoria da Rocha,Maria Vitória da Rocha,392.855.749-82,BR,508,1,5
2296,Vitoria Novais,Vitória Novais,339.500.479-74,BR,189,1,4
2297,Anna L. Farias,Anna Liz Farias,229.034.944-66,BR,364,1,4
2298,Prof. Giovanni Walter B.Eng.,Prof. Giovanni Walter B.Eng.,DE42021033,DE,1112,1,4
2299,Hellena da Rosa,Hellena da Rosa,046.833.141-78,BR,1497,1,2
2300,Liam Souza,Liam Souza,845.546.924-86,BR,1555,1,2
2301,Prof. Harri Thies-B.Eng.,Prof. Harri Thies B.Eng.,DE20542212,DE,1060,1,5
2302,Prof. Gael Leão,Gael Leão,775.841.616-92,BR,167,1,3
2303,U. Rolf-Dieter Ring B.Sc.,Univ.Prof. Rolf-Dieter Ring B.Sc.,DE64450250,DE,1100,1,6
2304,Eoah Moraes,Eloah Moraes,858.452.851-84,BR,1266,1,4
2305,Keith Bell,Keith Bell,GB23838227,GB,993,0,1
2306,Lorenzo Goncalves,Lorenzo Gonçalves,711.904.345-91,BR,1498,1,2
2307,Berend Hentschel,Berend Hentschel B.A.,DE71870997,DE,1108,1,2
2308,Mriguel Novais,Miguel Novais,798.270.808-69,BR,403,1,4
2309,JODI ROACH,Jodi Roach,US75960711,US,627,1,4
2310,Erika Jackson,Erika Jackson,US39347896,US,1642,1,4
2311,Enzo Melo,Enzo Gabriel Melo,254.347.962-79,BR,1222,1,3
2312,Crystal Malnn,Crystal Mann,US50170625,US,814,1,3
2313,Samantha Gardner,Samantha Gardner,US86107235,US,609,1,3
2314,Ann Ortmann,Ann Ortmann,DE19562056,DE,1032,1,2
2315,D. Nguyen,Daniel Nguyen,US77197151,US,696,1,2
2316,Maria helena Rocha,Maria Helena Rocha,845.115.447-96,BR,168,1,4
2317,Dra. Clarice Pereira,Dra. Clarice Pereira,604.220.484-41,BR,1232,1,3
2318,liam souza,Liam Souza,845.546.924-86,BR,1555,1,2
2319,Evelyn Vasconcelos,Evelyn Vasconcelos,286.852.897-55,BR,518,1,3
2320,Georgina Taylor,Georgina Taylor,GB52835559,GB,1008,1,3
2321,Justin Jackson,Justin Jackson,US50633225,US,1563,1,3
2322,Margaret,Margaret Law,GB16266393,GB,1819,1,4
2323,Jill Clarke-Taylor,Jill Clarke-Taylor,GB25063426,GB,958,1,2
2324,Crystal Johnson,Crystal Johnson,US59268951,US,1727,1,2
2325,Beatrtiz Moura,Beatriz Moura,148.628.902-33,BR,359,1,2
2326,R. Nguyen,Robert Nguyen,US71239633,US,1706,1,4
2327,K. Novais,Kamilly Novais,604.661.839-82,BR,254,1,2
2328,Ravi Moreira,Ravi Moreira,736.535.054-32,BR,1216,1,2
2329,M. Barbosa,Melissa Barbosa,826.334.220-44,BR,1338,1,5
2330,Emma Owens,Emma Owens,US80495248,US,660,1,4
2331,Maria Flor da Luz,Maria Flor da Luz,184.619.580-58,BR,1453,1,5
2332,michael ramirez,Michael Ramirez,US90993934,US,1613,1,5
2333,ESTER MARQUES,Ester Marques,878.971.924-19,BR,1413,1,2
2334,Kathryn Roberts III,Kathryn Roberts,US47912862,US,1661,1,3
2335,Oliver-da Conceição,Oliver da Conceição,151.065.025-55,BR,1295,1,3
2336,M. Barbosa,Mirella Barbosa,271.091.043-00,BR,299,1,3
2337,Christopher Guerra,Christopher Guerra,US86893142,US,559,1,2
2338,Jerry Blake,Jerry Blake,US47962395,US,1744,1,2
2339,Renay Ramos,Renan Ramos,756.924.593-75,BR,258,1,3
2340,Miguel Almeida,Miguel Almeida,533.443.989-17,BR,1316,1,3
2341,Mary Jensen,Mary Jensen,US59468550,US,816,0,1
2342,Dr Dylan Jones,Dr Dylan Jones,GB80947496,GB,1860,1,2
2343,O. Novaes,Olívia Novaes,966.319.314-91,BR,62,1,5
2344,Vitor Gabriel  Costa,Vitor Gabriel Costa,950.133.309-85,BR,1488,1,3
2345,Nicholas Sanchez,Nicholas Sanchez,US96129667,US,1685,1,4
2346,Vinícius Rocha,Vinícius Rocha,218.409.053-66,BR,1211,1,3
2347,Samanta Barbero Villalba,Samanta Barbero Villalba,ES83670115,ES,1190,1,3
2348,Jllian Mckinney,Jillian Mckinney,US65097419,US,1707,1,3
2349,George Richardson,George Richardson,GB95564277,GB,878,1,6
2350,Mariana  Cunha,Mariana Cunha,716.572.628-49,BR,64,1,5
2351,F. Wright,Franklin Wright,US54988861,US,734,1,2
2352,J. Barbosa,João Barbosa,317.387.213-87,BR,1385,1,3
2353,Davi L. Viana,Davi Lucas Viana,878.141.413-97,BR,430,1,3
2354,Davi Luiz Teixeira,Davi Luiz Teixeira,632.729.518-17,BR,1203,1,3
2355,Mishael PhD,Michael Scott PhD,US85454146,US,807,1,3
2356,M. Louis Cooper,Mr Louis Cooper,GB35843038,GB,1004,1,6
2357,Ana L. Cardoso,Ana Laura Cardoso,912.275.459-09,BR,1231,1,4
2358,Beatriz Vieira,Beatriz Vieira,063.565.126-94,BR,455,1,2
2359,Theodoro,Theodoro Ribeiro,064.589.943-16,BR,1220,1,2
2360,MEGHAN CISNEROS,Meghan Cisneros,US58219240,US,616,1,3
2361,Luiza  Farias,Luiza Farias,355.101.234-93,BR,1322,1,3
2362,isaque santos,Isaque Santos,292.185.156-91,BR,333,1,3
2363,Dr. Brenda Wright,Brenda Wright,US37750491,US,568,1,3
2364,Gabriela Silva,Gabriela Silva,877.694.531-47,BR,65,1,2
2365,Michael PhD,Michael Scott PhD,US85454146,US,807,1,3
2366,Sr. Juliana-Alves,Juliana Alves,428.434.795-52,BR,476,1,3
2367,Thiago Caldeira,Thiago Caldeira,714.345.581-22,BR,52,1,3
2368,Shelly Spencer,Shelly Spencer,US97573396,US,569,1,6
2369,Benicio Ribeiro,Benicio Ribeiro,617.973.008-79,BR,1358,1,2
2370,João Montenegro,João Montenegro,585.149.368-99,BR,126,1,6
2371,Becky Martin,Becky Martin,US23528666,US,1593,1,2
2372,Ms Sandra  rard,Ms Sandra Ward,GB64140800,GB,1863,1,4
2373,Darren Swift,Darren Swift,GB53789701,GB,1862,1,5
2374,james baker-slater,James Baker-Slater,GB38165011,GB,1001,1,3
2375,Carolina Cardoso,Carolina Cardoso,529.912.419-04,BR,61,0,1
2376,Lucca Ferreira Jr.,Lucca Ferreira,293.143.866-32,BR,478,1,6
2377,José Pedro Cavalcante,José Pedro Cavalcante,801.293.234-05,BR,1290,1,3
2378,José P. Cavalcanti,José Pedro Cavalcanti,886.239.240-75,BR,153,1,4
2379,Joseph Wilson,Joseph Wilson,US27659164,US,750,1,5
2380,Louise Hunt,Louise Hunt,GB53544784,GB,1859,1,3
2381,James Gilbert,James Gilbert,US15168989,US,662,1,5
2382,debra  kay,Debra Kay,GB31388969,GB,1857,1,5
2383,Andrew Harper,Andrew Harper,US90693921,US,772,1,3
2384,KatherineMartinez,Katherine Martinez,US62004039,US,626,1,3
2385,Ruben Dunn,Ruben Dunn,US85812116,US,581,1,4
2386,JOAO MONTENEGRO,João Montenegro,585.149.368-99,BR,126,1,6
2387,Ana Sophia  Marques,Ana Sophia Marques,225.358.414-38,BR,180,1,6
2388,Amy Anderson,Amy Anderson,US46142587,US,1562,1,4
2389,Prof. Hajo Schuster B.Sc.,Prof. Hajo Schuster B.Sc.,DE92720444,DE,1054,1,3
2390,Gustavo da Mata,Gustavo da Mata,590.599.293-78,BR,330,1,2
2391,Maria Flor Goncalves,Maria Flor Gonçalves,175.355.609-32,BR,235,1,4
2392,Aitor Cifuentes,Aitor Coloma Cifuentes,ES37949250,ES,1121,1,4
2393,Evelyn Martinez,Evelyn Martinez,US13516265,US,604,1,2
2394,OXANA SAUER,Oxana Sauer,DE81503899,DE,1107,1,6
2395,Gabrielly Azevedo Jr,Gabrielly Azevedo,552.314.913-57,BR,431,1,6
2396,Noah Allves,Noah Alves,905.814.770-05,BR,141,1,3
2397,Otavio da Mota,Otávio da Mota,229.612.018-36,BR,128,0,1
2398,William David DDS,William David DDS,US16565770,US,782,1,2
2399,Mariana Mendonça,Mariana Mendonça,228.200.557-78,BR,489,1,2
2400,Ravi Cardoso,Ravi Lucca Cardoso,684.145.933-27,BR,214,1,4
2401,Jasmine Taylor,Jasmine Taylor,US41450411,US,1650,1,5
2402,Yasmin Costa,Yasmin Costa,896.729.582-88,BR,1264,1,4
2403,paula mcdonald,Paula McDonald,GB81440849,GB,1007,1,3
2404,Nathan Reynolds,Nathan Reynolds,GB80107942,GB,983,1,3
2405,Maria Barbosa,Maria Barbosa,916.300.979-25,BR,504,0,1
2406,Maria  Liz Rocha,Maria Liz Rocha,270.653.794-73,BR,151,1,3
2407,M. Johnson,Michael Johnson,US29091078,US,691,1,3
2408,Gilberto del tSalmerón,Gilberto del Salmerón,ES41573535,ES,1198,1,6
2409,Bárbara Ramos,Bárbara Ramos,251.355.215-70,BR,337,1,5
2410,Nancy E. MD,Nancy Evans MD,US50876565,US,682,1,2
2411,Itziar Alberdi Lara,Itziar Alberdi Lara,ES75314414,ES,1134,1,3
2412,Bernardo Mota,Bernardo da Mota,872.050.614-97,BR,344,1,2
2413,Sr. George Richardson,George Richardson,GB95564277,GB,878,1,6
2414,enzo gabriel melo,Enzo Gabriel Melo,254.347.962-79,BR,1222,1,3
2415,Gustavo Henrique Rios,Gustavo Henrique Rios,326.773.602-60,BR,24,1,2
2416,Srta. Hadassa rzevedo,Srta. Hadassa Azevedo,549.733.484-34,BR,201,1,6
2417,Pedro H. Camargo,Pedro Henrique Camargo,024.396.009-81,BR,1374,1,4
2418,Davi Silveia,Davi Silveira,319.520.585-27,BR,163,1,3
2419,Rebeca Barzosa,Rebeca Barbosa,254.494.812-60,BR,283,1,4
2420,Anthony Gabriel Machado,Anthony Gabriel Machado,703.506.827-93,BR,1474,1,2
2421,Mr. Billy Thompson,Billy Thompson,US47464994,US,1588,1,3
2422,Gj Rios,Gael Rios,386.290.569-10,BR,1259,1,2
2423,kathryn roberts,Kathryn Roberts,US47912862,US,1661,1,3
2424,mateus duarte,Mateus Duarte,087.406.403-91,BR,219,1,2
2425,Maria Pereira,Maria Pereira,654.206.530-45,BR,1416,1,3
2426,J. Wilson,Joseph Wilson,US27659164,US,750,1,5
2427,Shari Martinez,Shari Martinez,US47728814,US,1694,1,2
2428,Marcelo Cassiano III,Marcelo Cassiano,114.351.906-69,BR,460,1,4
2429,James Combs,James Combs,US79413809,US,1651,1,4
2430,Dr Thomas,Dr Jay Thomas,GB64254032,GB,1823,1,4
2431,R. Nogueira,Rhavi Nogueira,557.120.215-19,BR,1433,1,4
2432,Ísis Barbosa,Ísis Barbosa,129.015.959-32,BR,1349,1,2
2433,Todd MD,Todd Rosales MD,US92150984,US,727,1,2
2434,Nathan-Almeida,Nathan Almeida,182.744.857-08,BR,509,1,2
2435,Rafaela Martins,Rafaela Martins,614.293.968-56,BR,247,1,4
2436,Aimee Hughes,Aimee Hughes,GB13219453,GB,866,1,6
2437,Sherry Woods,Sherry Woods,US26581824,US,717,1,4
2438,Joshua MasseyI I,Joshua Massey II,US44710020,US,1728,1,5
2439,Pedro Cardoso,Pedro Cardoso,838.851.606-07,BR,134,1,2
2440,Mariane Peixoto,Mariane Peixoto,897.962.706-40,BR,1518,1,3
2441,Emanuel Cardoso,Emanuel Cardoso,927.447.239-40,BR,1317,1,2
2442,Molly Rodriguez,Molly Rodriguez,US65049584,US,769,1,5
2443,Maria Flor,Maria Flor Gonçalves,175.355.609-32,BR,235,1,4
2444,T. Santos,Thomas Santos,626.765.861-79,BR,339,1,4
2445,Sofia Pereira,Sofia Pereira,986.430.098-18,BR,454,1,4
2446,Kim,Kim Morrow,US73848982,US,767,1,5
2447,B. Aragão,Beatriz Aragão,247.710.932-48,BR,88,1,4
2448,Karen Carroll,Karen Carroll,US18667288,US,1611,1,2
2449,Robert Nguyen,Robert Nguyen,US71239633,US,1706,1,4
2450,Klaus-D. Schaaf,Klaus-D. Schaaf,DE73798298,DE,1087,1,4
2451,Kimberly Sharp,Kimberly Sharp,US70317234,US,720,1,3
2452,jordan nelson,Jordan Nelson,US22102493,US,1599,1,3
2453,Emanuel d. Costa,Emanuel da Costa,753.269.731-12,BR,294,1,4
2454,M. Fisher,Maria Fisher,US10771825,US,760,1,6
2455,John Bowman,John Bowman,US32228240,US,1719,1,3
2456,Anthony Robinson,Anthony Robinson,US50641862,US,1647,1,3
2457,Miguel Vasconcelos,Miguel Vasconcelos,479.626.793-44,BR,1390,1,2
2458,Adriane Koch B..,Adriane Koch B.A.,DE62602177,DE,1048,1,2
2459,Marcelo Cassiano,Marcelo Cassiano,114.351.906-69,BR,460,1,4
2460,Sher iLopez,Sheri Lopez,US69515970,US,1738,1,4
2461,Amy  Bennett,Amy Bennett,US10451149,US,1750,1,4
2462,Yan Cassiano,Yan Cassiano,964.111.572-38,BR,1325,1,2
2463,ALICIA LI,Alicia Li,US67354434,US,819,1,4
2464,Albert anderson-Turnbull,Albert Anderson-Turnbull,GB59000217,GB,1812,1,4
2465,Olivia Farias,Olivia Farias,650.685.363-47,BR,1546,1,5
2466,Isabella Monteiro,Isabella Monteiro,168.942.104-47,BR,378,1,5
2467,ISABEL MELO,Isabel Melo,620.034.244-20,BR,409,1,5
2468,Sally Williams,Sally Williams,GB36347516,GB,1828,1,3
2469,Rebeca Barbosa,Rebeca Barbosa,254.494.812-60,BR,283,1,4
2470,Melina Leao,Melina Leão,487.282.997-96,BR,490,1,5
2471,Corona Barrera-Pombo,Corona Barrera-Pombo,ES98701999,ES,1163,1,3
2472,Pedro das H. Abreu,Pedro Henrique Abreu,036.971.179-80,BR,159,1,4
2473,Michael Lopez III,Michael Lopez,US32935793,US,733,1,3
2474,Caroline d. Paz,Caroline da Paz,376.108.007-36,BR,1460,1,5
2475,Mrs Lucy Roberts,Mrs Lucy Roberts,GB16824798,GB,1825,1,3
2476,Sandra Simó vazquez,Sandra Simó Vazquez,ES47877483,ES,1196,1,2
2477,Erick Camargo,Erick Camargo,693.084.887-25,BR,436,1,2
2478,Dustin Gallegos,Dustin Gallegos,US67722252,US,578,1,2
2479,Michelle Mosley,Michelle Mosley,US75294279,US,1630,1,2
2480,Levi dah Cunha,Levi da Cunha,244.720.999-34,BR,324,1,3
2481,Tammy Mcdowell,Tammy Mcdowell,US80305568,US,724,1,3
2482,Timothy Brown,Timothy Brown,US58759380,US,1570,1,3
2483,Eloá Vieira,Eloá Vieira,616.711.031-34,BR,1260,1,2
2484,David Russell,David Russell,US57489235,US,1643,1,5
2485,Ana Sophia Marques,Ana Sophia Marques,225.358.414-38,BR,180,1,6
2486,Benicio Montenegro,Benicio Montenegro,627.392.270-94,BR,1504,1,3
2487,Frieda Mnetzel Filho,Frieda Mentzel,DE71147472,DE,1067,1,3
2488,Maria H. Gomes,Maria Helena Gomes,970.246.299-60,BR,355,1,3
2489,A. C. Lopes,Ana Cecília Lopes,132.719.500-52,BR,505,1,5
2490,Joseph Shaw Filho,Joseph Shaw,US71410640,US,647,1,2
2491,Herr Adrian Trpmmler,Herr Adrian Trommler,DE57018904,DE,1023,1,5
2492,Milena Caldeira,Milena Caldeira,473.612.729-41,BR,1542,1,2
2493,Stephen Evans,Stephen Evans,US98480618,US,1701,1,4
2494,Maria Luiza Silveira,Maria Luiza Silveira,990.453.017-42,BR,213,1,6
2495,eduardo da costa,Eduardo da Costa,687.056.856-62,BR,228,1,2
2496,Molly Rodriguez,Molly Rodriguez,US65049584,US,769,1,5
2497,Prof. Sinaida Hermighausen B.Eng.,Prof. Sinaida Hermighausen B.Eng.,DE36379129,DE,1882,1,2
2498,Peudro Miguel Rezende,Pedro Miguel Rezende,089.136.819-95,BR,1432,1,4
2499,Herr Trommler,Herr Adrian Trommler,DE57018904,DE,1023,1,5
2500,E. Marques,Emilly Marques,039.938.237-40,BR,1523,1,2
2501,Barbara Ramos,Bárbara Ramos,251.355.215-70,BR,337,1,5
2502,Rodrigo Nunes,Rodrigo Nunes,425.202.988-56,BR,1521,1,4
2503,Alexander  Davies,Alexander Davies,GB96657974,GB,906,1,4
2504,I. Marques,Isis Marques,891.411.739-34,BR,384,1,3
2505,isabella monteiro,Isabella Monteiro,168.942.104-47,BR,378,1,5
2506,Diana Mitchell-Mahmood,Diana Mitchell-Mahmood,GB14905998,GB,980,1,3
2507,Dylan Thompson,Dylan Thompson,GB84514623,GB,921,1,4
2508,Mariane Novais,Mariane Novais,643.815.614-97,BR,131,1,3
2509,Rhavi Nogueira,Rhavi Nogueira,557.120.215-19,BR,1433,1,4
2510,Maria E. Rocha,Maria Eduarda Rocha,269.848.583-33,BR,406,1,3
2511,DAVID  GRANT,David Grant,US28160554,US,701,1,4
2512,Arthur Gabriel,Arthur Gabriel Viana,271.190.077-24,BR,1487,1,4
2513,Ana do Liz Pimenta,Ana Liz Pimenta,712.938.700-51,BR,291,1,3
2514,Liam Barlow,Liam Barlow,GB75841612,GB,1851,1,4
2515,Luiz Felipe,Luiz Felipe Mendonça,179.797.250-28,BR,1529,1,4
2516,M. Gerald Murphy,Mr Gerald Murphy,GB29232735,GB,975,1,3
2517,Ing. Damian Hermighausen Jr,Ing. Damian Hermighausen,DE51792388,DE,1033,1,4
2518,Pío R. Torrens,Pío Rueda Torrens,ES86129797,ES,1125,1,3
2519,Ian Andrade,Ian Andrade,107.991.183-84,BR,30,1,2
2520,Erika Jackson,Erika Jackson,US39347896,US,1642,1,4
2521,dr stuart campbell,Dr Stuart Campbell,GB29003875,GB,1787,1,2
2522,Dr Allen,Dr Jayne Allen,GB59764655,GB,1781,1,3
2523,Luiz Miguel Oliveira,Luiz Miguel Oliveira,713.315.098-39,BR,18,1,4
2524,Milena,Milena Campos,136.783.777-01,BR,68,1,4
2525,Jody butler,Jody Butler,US61001546,US,1576,1,4
2526,Erick Carvalho,Erick Carvalho,613.972.589-47,BR,1345,1,3
2527,Antônio Teixeira,Antônio Teixeira,138.367.024-10,BR,313,1,3
2528,Thomas Souza,Thomas Souza,688.444.310-69,BR,343,0,1
2529,Daniela Vieira,Daniela Vieira,374.813.698-19,BR,1505,1,3
2530,Gustavo d. Mata,Gustavo da Mata,590.599.293-78,BR,330,1,2
2531,Stephanie bSpears,Stephanie Spears,US67520631,US,1675,1,4
2532,Tina stephens,Tina Stephens,GB19851956,GB,1789,1,5
2533,Tanya Russell,Tanya Russell,US32010905,US,716,1,5
2534,Enrico Nunes,Enrico Nunes,356.519.970-36,BR,1331,1,4
2535,I. Gomes,Igor Gomes,857.865.278-58,BR,200,1,4
2536,Maria Eduarda Rocha,Maria Eduarda Rocha,269.848.583-33,BR,406,1,3
2537,Augusto Sampaio,Augusto Sampaio,642.122.060-81,BR,1435,1,3
2538,pamela parrish,Pamela Parrish,US42737219,US,1725,1,3
2539,D. Atilio Ayala Pozo,Diego Atilio Ayala Pozo,ES60856575,ES,1150,1,2
2540,Maria Sophia Nunes,Maria Sophia Nunes,074.329.271-29,BR,375,1,3
2541,Mrs. Alfred Galvan,Alfred Galvan,US80303981,US,576,1,4
2542,Robert Williams,Robert Williams,US46033338,US,1662,1,2
2543,Rafael Borges,Rafael Borges,245.088.210-09,BR,427,1,2
2544,Dante Novais,Dante Novais,759.017.518-63,BR,286,1,3
2545,P. Caroline Rios,Caroline Rios,758.692.617-96,BR,111,1,2
2546,Pasquale R. B.A.,Pasquale Ritter B.A.,DE94486125,DE,1052,1,3
2547,J. Rcie,Joshua Rice,US39108314,US,764,1,2
2548,Levi Pastor,Levi Pastor,845.227.597-25,BR,1315,1,4
2549,H. Thomas,Hayden Thomas,US55525274,US,1568,1,5
2550,DRA. ZOE DA LUZ,Dra. Zoe da Luz,262.045.053-31,BR,36,1,2
2551,Maria Liz Fernandes,Maria Liz Fernandes,310.060.530-42,BR,1242,1,3
2552,Wendy Salazar,Wendy Salazar,US35598108,US,1626,1,2
2553,P. Martin,Paige Martin,GB26946383,GB,1805,1,2
2554,gustavo Vasconcelos,Gustavo Vasconcelos,754.416.083-29,BR,1454,1,5
2555,Vicenta Pizarro geiró,Vicenta Pizarro Peiró,ES28645088,ES,1158,1,3
2556,Sabina Echevarría-Pineda,Sabina Echevarría-Pineda,ES83085160,ES,1127,1,6
2557,Mr R. Butler,Mr Ronald Butler,GB48545627,GB,842,1,3
2558,B. Montenegro,Benicio Montenegro,627.392.270-94,BR,1504,1,3
2559,Laís Correia,Laís Correia,103.073.877-03,BR,1274,1,5
2560,Mr Perry,Mr Henry Perry,GB51797362,GB,1800,1,2
2561,Gilberto del,Gilberto del Salmerón,ES41573535,ES,1198,1,6
2562,Antonio Aragao,Antônio Aragão,156.728.557-20,BR,1394,1,2
2563,Igor Gomes,Igor Gomes,857.865.278-58,BR,200,1,4
2564,JESSICA KHAN,Jessica Khan,US82191574,US,670,1,3
2565,Ravy Câmara,Ravy Câmara,255.466.590-51,BR,145,1,2
2566,Mrs Laura,Mrs Laura Archer,GB94806492,GB,856,1,2
2567,Aurora Andrade,Aurora Andrade,687.463.734-80,BR,1303,1,4
2568,Chelsea Gill,Chelsea Gill,US87590290,US,792,1,6
2569,Laura Costa,Laura Costa,944.622.240-88,BR,1270,1,3
2570,Margaret Gilbert,Margaret Gilbert,GB70499898,GB,1763,1,4
2571,Thomas Williams,Thomas Williams,US92089782,US,1749,1,3
2572,Ercan Weimhann,Ercan Weihmann,DE55464764,DE,1035,1,4
2573,Ravi Moreira,Ravi Moreira,736.535.054-32,BR,1216,1,2
2574,Isabl Melo,Isabel Melo,620.034.244-20,BR,409,1,5
2575,Theodoro da Cunha,Theodoro da Cunha,128.741.906-96,BR,1412,1,4
2576,Raquel Moura,Raquel Moura,853.686.632-66,BR,494,1,2
2577,Larissa Melo,Larissa Melo,978.819.148-58,BR,279,1,6
2578,Kristina Taylor,Kristina Taylor,US62014008,US,1620,1,2
2579,MERCEDES CASALS ANGLADA,Mercedes Casals Anglada,ES14185545,ES,1197,1,4
2580,DAVI PEREIRA,Davi Pereira,331.552.108-84,BR,1457,1,2
2581,Enrico da Luz,Enrico da Luz,898.905.560-50,BR,1499,1,3
2582,brayan pereira,Brayan Pereira,647.468.723-43,BR,25,1,5
2583,Lawrence Edwards,Lawrence Edwards,US86763742,US,657,1,4
2584,Henrique da Conceição,Henrique da Conceição,103.413.164-75,BR,6,0,1
2585,Stephanie spears,Stephanie Spears,US67520631,US,1675,1,4
2586,Mtaheus Garcia,Matheus Garcia,615.951.484-65,BR,43,1,2
2587,Igor Farias,Igor Farias,205.336.452-57,BR,433,1,4
2588,Mrs. Maysa Fernandes,Maysa Fernandes,711.057.887-64,BR,1516,1,3
2589,Eduarda da Conceicao,Eduarda da Conceição,108.560.544-21,BR,1342,1,3
2590,Ralph Anderson,Ralph Anderson,US42260681,US,558,1,2
2591,Ricky duffy,Ricky Duffy,GB79753731,GB,855,1,3
2592,Jonathan Glass MD,Jonathan Glass MD,US45817693,US,607,1,2
2593,Diane Reyes,Diane Reyes,US82777382,US,566,1,5
2594,Helen,Helen Wright,GB51940463,GB,996,1,5
2595,Heinz-Joachim Spieß,Heinz-Joachim Spieß,DE22470997,DE,1064,0,1
2596,Carolined a Paz,Caroline da Paz,427.010.393-08,BR,331,1,3
2597,José Siqueira,José Siqueira,560.480.635-81,BR,1204,1,5
2598,Nicola Gould,Nicola Gould,GB22989645,GB,1771,1,2
2599,J. Hill,Joseph Hill,US19082067,US,818,1,2
2600,Dr-Christopher Carter,Dr Christopher Carter,GB54652703,GB,1880,1,2
2601,Rcihard Taylor,Richard Taylor,GB55520266,GB,932,1,6
2602,Jennifer Myers,Jennifer Myers,US21905349,US,1726,1,3
2603,Erick Costa,Erick Costa,775.170.166-08,BR,397,1,3
2604,Ana Andrade,Ana Andrade,478.444.534-24,BR,1356,1,2
2605,Nicole Young,Nicole Young,US23733848,US,1591,1,3
2606,Mr M. Conway,Mr Mark Conway,GB55706698,GB,1796,1,3
2607,ALEXIS HARRIS,Alexis Harris,US20657547,US,771,1,3
2608,James Watson,James Watson,GB38499515,GB,879,0,1
2609,Jessica Smith,Jessica Smith,US40218232,US,1678,1,2
2610,Benício Borges,Benício Borges,858.544.715-13,BR,1509,1,2
2611,Nicole Vasconcelos,Nicole Vasconcelos,544.395.192-77,BR,1526,1,4
2612,Allvson Spencer,Allison Spencer,US64839908,US,634,1,4
2613,Dr I. Gilbert,Dr Irene Gilbert,GB85825317,GB,919,1,3
2614,Michael Sanley,Michael Stanley,US76231992,US,762,1,3
2615,Dr Duncan Wilson,Dr Duncan Wilson,GB52478375,GB,845,1,6
2616,ALCIDES DEL AYUSO,Alcides del Ayuso,ES58216998,ES,1194,1,4
2617,E. Sá,Emanuel Sá,762.202.341-32,BR,486,1,2
2618,O. Sauer,Oxana Sauer,DE81503899,DE,1107,1,6
2619,Pedro Henrique Pastor,Pedro Henrique Pastor,181.022.031-73,BR,512,1,2
2620,Davi Pereira,Davi Pereira,331.552.108-84,BR,1457,1,2
2621,Dr Justin lark,Dr Justin Clark,GB56929234,GB,876,1,3
2622,L. Gustavo Vasconcelos,Luiz Gustavo Vasconcelos,188.355.231-24,BR,138,1,4
2623,Tina Ballard,Tina Ballard,US34008676,US,707,1,2
2624,Diego da Rocha Neto,Diego da Rocha,649.382.046-68,BR,1234,1,3
2625,Srta. Giovanna Pires,Srta. Giovanna Pires,627.136.111-55,BR,292,1,4
2626,Davi Andrade,Davi Andrade,898.136.748-54,BR,1407,1,5
2627,Natalia Casa irande,Natália Casa Grande,164.005.242-78,BR,34,1,2
2628,Luiz Gustavo Vasconcelos,Luiz Gustavo Vasconcelos,188.355.231-24,BR,138,1,4
2629,Gabriela  Leão,Gabriela Leão,612.490.652-86,BR,1207,1,4
2630,Benjamin,Benjamin Porto,451.838.258-11,BR,1227,1,3
2631,Bryan Parker,Bryan Parker,US31759927,US,738,1,3
2632,Bernarda Andres,Bernarda Zamora Andres,ES10113187,ES,1192,1,5
2633,Noah Fogaça,Noah Fogaça,818.451.848-94,BR,466,1,2
2634,Mr Ronald Butler,Mr Ronald Butler,GB48545627,GB,842,1,3
2635,Sarah King,Sarah King,US75759022,US,645,1,4
2636,B. Hester,Barbara Hester,US79273350,US,675,1,3
2637,Julie Dominguez,Julie Dominguez,US95476210,US,597,1,2
2638,Antonino Gumprich,Antonino Gumprich,DE57169588,DE,1089,1,3
2639,BRAYAN PEREIRA,Brayan Pereira,647.468.723-43,BR,25,1,5
2640,I. jredy Matthäi,Ing. Fredy Matthäi,DE91126594,DE,1095,1,4
2641,Dieog Pereira,Diego Pereira,278.610.940-01,BR,1367,1,4
2642,Owen Kely,Owen Kelly,GB11516293,GB,880,1,3
2643,Mr Baker,Mr Bernard Baker,GB33825832,GB,1802,1,4
2644,Emanuel Sá,Emanuel Sá,762.202.341-32,BR,486,1,2
2645,Mr-Kieran Potter,Mr Kieran Potter,GB92585240,GB,871,1,3
2646,Monica iller,Monica Miller,US91282861,US,608,1,3
2647,Bernarda Z. Andres,Bernarda Zamora Andres,ES10113187,ES,1192,1,5
2648,Maria Luísa da Mota,Maria Luísa da Mota,112.880.133-61,BR,421,0,1
2649,Kaique Alves,Kaique Alves,135.346.554-94,BR,371,1,2
2650,Justin Jackson,Justin Jackson,US50633225,US,1563,1,3
2651,T. Tomlinson-Hopkins,Trevor Tomlinson-Hopkins,GB23740579,GB,1020,1,3
2652,José d. Conceição,José da Conceição,420.431.127-54,BR,1495,1,4
2653,Ms Amyn Browne,Ms Amy Browne,GB10513475,GB,1780,1,3
2654,Dra. Isabelly Caleeira,Dra. Isabelly Caldeira,693.785.477-72,BR,237,1,3
2655,Ana Livia Rios,Ana Lívia Rios,067.065.405-15,BR,162,1,5
2656,Virginia-Etzler,Virginia Etzler,DE58359584,DE,1884,1,3
2657,João Marques,João Marques,004.003.965-72,BR,1276,1,5
2658,Edward Nash,Edward Nash,US86476158,US,1722,1,4
2659,alexandre jesus,Alexandre Jesus,899.940.438-98,BR,296,1,2
2660,Karl Branch,Karl Branch,US28058430,US,824,1,3
2661,Katherina Zorbach,Katherina Zorbach,DE63796676,DE,1109,1,5
2662,EVELYN VASCONCELOS,Evelyn Vasconcelos,286.852.897-55,BR,518,1,3
2663,Dr James Jones,Dr James Jones,GB87576948,GB,1854,1,3
2664,alex mason-payne,Alex Mason-Payne,GB94039295,GB,1822,1,4
2665,Gordon Fletcher,Gordon Fletcher,GB54522609,GB,926,1,3
2666,Pedro Sousa,Pedro Sousa,493.759.738-32,BR,311,1,2
2667,Dr Denis Rees,Dr Denis Rees,GB95982334,GB,881,1,4
2668,Larissa Melo,Larissa Melo,978.819.148-58,BR,279,1,6
2669,yan marques,Yan Marques,806.209.034-53,BR,1480,1,4
2670,Mariana Cunha,Mariana Cunha,716.572.628-49,BR,64,1,5
2671,Kevin Albuquerque,Kevin Albuquerque,341.252.866-92,BR,274,1,3
2672,Shelley Cook,Shelley Cook,US30361927,US,546,1,3
2673,Sr. Ana Lívia Teixeira,Ana Lívia Teixeira,092.327.193-74,BR,60,1,2
2674,Lorena Nunes,Lorena Nunes,520.643.611-03,BR,290,1,4
2675,K. Bailey,Kathleen Bailey,GB93947919,GB,868,1,4
2676,Gilberto del,Gilberto del Salmerón,ES41573535,ES,1198,1,6
2677,André Teixeira,André Teixeira,238.849.696-53,BR,10,1,3
2678,Mr I. Shaw,Mr Ian Shaw,GB70829712,GB,1764,1,3
2679,Gustavo Henrique Novais,Gustavo Henrique Novais,609.032.240-42,BR,1236,1,2
2680,Maria Luísa-Aragão,Maria Luísa Aragão,880.768.031-79,BR,1329,1,3
2681,yuri da conceição,Yuri da Conceição,685.574.443-13,BR,70,1,2
2682,Mr Declan  Gilbert,Mr Declan Gilbert,GB15019076,GB,960,1,4
2683,Mike Jacob,Mike Jacob,DE99279031,DE,1080,0,1
2684,Frau Insa Schmidtke,Frau Insa Schmidtke,DE37726346,DE,1021,1,2
2685,davi Lucca Nogueira,Davi Lucca Nogueira,283.411.080-99,BR,435,1,4
2686,Vincent Reynolds,Vincent Reynolds,US18876667,US,641,1,3
2687,Rosie Harris,Rosie Harris,GB87194344,GB,848,1,3
2688,Otto Ribeiro,Otto Ribeiro,712.368.516-04,BR,107,1,2
2689,Colin Birch,Colin Birch,GB94181424,GB,910,1,6
2690,S. Thomas,Stewart Thomas,GB10822924,GB,891,1,4
2691,James  Watson,James Watson,US73191967,US,823,1,4
2692,Dipl.-Ing. H. S.,Dipl.-Ing. Hans-Erich Schäfer MBA.,DE89558393,DE,1051,1,6
2693,Heitor Câmara,Heitor Câmara,259.077.982-71,BR,1372,1,3
2694,João Gabriel Sampaio,João Gabriel Sampaio,763.655.647-29,BR,477,0,1
2695,Mrs Hilton,Mrs Michelle Hilton,GB83818891,GB,889,1,5
2696,Mariane Carvalho,Mariane Carvalho,398.225.871-39,BR,217,1,2
2697,Sra. Juliana Duarte,Juliana Duarte,218.501.631-59,BR,248,1,3
2698,Sofia-Cunha,Sofia Cunha,553.942.373-33,BR,470,1,3
2699,miguel farias,Miguel Farias,442.978.465-93,BR,1507,1,3
2700,Bryan Parker,Bryan Parker,US31759927,US,738,1,3
2701,Amber Combs,Amber Combs,US19750722,US,1712,1,3
2702,Kiara Little,Kiara Little,US43565477,US,713,1,3
2703,L. Perry,Lisa Perry,US51347409,US,743,1,4
2704,dra. amanda novaes,Dra. Amanda Novaes,408.914.322-53,BR,1461,1,4
2705,Alexander Davies,Alexander Davies,GB96657974,GB,906,1,4
2706,Emma Ward,Emma Ward,GB56973016,GB,1813,1,2
2707,Ana Beatriz Rodrigues,Ana Beatriz Rodrigues,959.296.694-56,BR,1483,1,2
2708,Alexander Landry  MD,Alexander Landry MD,US71324136,US,666,1,3
2709,K. Molina,Kyle Molina,US26598415,US,1609,1,4
2710,Liam Collins,Liam Collins,GB35978571,GB,863,0,1
2711,Julia Melo,Julia Melo,374.370.642-04,BR,1539,1,2
2712,Pedro Miguel da Conceição,Pedro Miguel da Conceição,291.605.563-82,BR,1245,1,4
2713,otto Gomes,Otto Gomes,280.483.279-78,BR,1403,1,4
2714,Antonella Porto,Antonella Porto,209.536.141-54,BR,1395,1,2
2715,Danny Cunningham,Danny Cunningham,US61297082,US,1713,1,2
2716,sabrina ward,Sabrina Ward,US54409799,US,1689,1,4
2717,Maria Helena  Mendes,Maria Helena Mendes,712.082.677-34,BR,206,1,2
2718,joão gabriel da mota,João Gabriel da Mota,117.113.156-53,BR,1297,1,3
2719,MR ELLIOT JONES,Mr Elliot Jones,GB55357116,GB,902,1,5
2720,Lance Stephenson,Lance Stephenson,US29652868,US,1605,1,3
2721,Encarna Mora Cerezo,Encarna Mora Cerezo,ES68432185,ES,1124,1,4
2722,Yasmin Dias,Yasmin Dias,674.190.316-05,BR,1508,1,5
2723,Maristela Lourdes Rivas Capdevila,Maristela Lourdes Rivas Capdevila,ES50229795,ES,1175,1,3
2724,Mirella Fernandes,Mirella Fernandes,558.771.694-72,BR,483,1,5
2725,Dra. Aurora Pastor,Dra. Aurora Pastor,351.161.559-40,BR,4,1,3
2726,Sra. Kelly Edwards,Kelly Edwards,US25189633,US,697,1,4
2727,Liam Bargow Filho,Liam Barlow,GB75841612,GB,1851,1,4
2728,Larissa Melo,Larissa Melo,978.819.148-58,BR,279,1,6
2729,Dylan Thompson,Dylan Thompson,GB84514623,GB,921,1,4
2730,Srta. Lara Cmpos,Srta. Luara Campos,140.105.123-82,BR,268,1,3
2731,YASMIN ALVES,Yasmin Alves,279.568.783-39,BR,215,1,6
2732,Pedro Lucas Sa,Pedro Lucas Sá,094.161.047-76,BR,1250,1,4
2733,JOAO VITOR ALMEIDA,João Vitor Almeida,894.570.119-77,BR,1541,1,3
2734,CHELSEA GILL,Chelsea Gill,US87590290,US,792,1,6
2735,Meghan Cisneros,Meghan Cisneros,US58219240,US,616,1,3
2736,Maria Helena Cavalcante,Maria Helena Cavalcante,357.318.020-34,BR,1304,1,3
2737,Srta. Liz Araújo,Srta. Liz Araújo,229.976.418-83,BR,1482,1,2
2738,Andre Gonzalez,Andre Gonzalez,US51305349,US,1581,1,3
2739,Lynda Fletcher,Lynda Fletcher,GB34876272,GB,1794,1,3
2740,T. Wheeler,Tracey Wheeler,GB98447373,GB,995,1,2
2741,Ms S. West,Ms Shirley West,GB35529779,GB,969,1,2
2742,Ana Liz Pimenta,Ana Liz Pimenta,712.938.700-51,BR,291,1,3
2743,Laura Garza,Laura Garza,US76816240,US,1665,1,4
2744,Ana Costa,Ana Sophia da Costa,150.011.990-62,BR,1352,1,4
2745,JOEL FROST,Joel Frost,GB67318164,GB,843,1,5
2746,laura da Conceição,Laura da Conceição,965.207.446-66,BR,368,1,2
2747,Hadassa Ramos,Hadassa Ramos,968.814.353-68,BR,428,1,5
2748,Chelsea Webb,Chelsea Webb,US87359986,US,1745,1,3
2749,Miguel Guerra,Miguel Guerra,093.262.287-49,BR,1275,1,2
2750,Ana Beatriz,Ana Beatriz Alves,781.618.495-93,BR,5,1,2
2751,Alexandre Fernandes,Alexandre Fernandes,278.484.889-66,BR,1419,1,4
2752,Maya Pereira,Maya Pereira,361.530.515-22,BR,156,1,4
2753,Caroline Richardson,Caroline Richardson,GB27760879,GB,1774,1,2
2754,Andrea O'Sullivan,Andrea O'Sullivan,GB31138757,GB,1013,1,2
2755,C. Weston-Bond,Clare Weston-Bond,GB53067834,GB,1002,1,2
2756,Isabelly Azevedo,Isabelly Azevedo,339.699.786-08,BR,1380,1,2
2757,Brenda Wall,Brenda Wall,US40499237,US,1742,1,2
2758,Maysa Fernandes,Maysa Fernandes,711.057.887-64,BR,1516,1,3
2759,Marie Skinner,Marie Skinner,GB45277027,GB,1830,1,3
2760,Bruna Rodrigus,Bruna Rodrigues,773.872.148-95,BR,46,1,3
2761,Rodrigo Nunes,Rodrigo Nunes,425.202.988-56,BR,1521,1,4
2762,Christie Perez,Christie Perez,US56076274,US,1704,1,2
2763,Nicolas Rezende,Nicolas Rezende,610.357.972-79,BR,361,1,4
2764,Geraldo A. Roma,Geraldo Acevedo Roma,ES76343171,ES,1152,1,5
2765,Ian Câmara,Ian Câmara,254.629.148-65,BR,147,0,1
2766,MARIANA CUNHA,Mariana Cunha,716.572.628-49,BR,64,1,5
2767,Jillian Mckinney,Jillian Mckinney,US65097419,US,1707,1,3
2768,Dra. Raquel Cassiano,Dra. Raquel Cassiano,459.615.865-78,BR,96,0,1
2769,srta. liz  guerra,Srta. Liz Guerra,275.705.964-01,BR,169,1,3
2770,Mariane Vieira,Mariane Vieira,148.121.192-55,BR,1388,1,2
2771,Robert Cole,Robert Cole,US58948680,US,1699,1,4
2772,Sean  Clay,Sean Clay,US38164968,US,831,1,6
2773,Joseph Norris,Joseph Norris,US68603438,US,1635,1,4
2774,Letícia-Pastor,Letícia Pastor,063.242.415-41,BR,289,1,6
2775,André Teixeira,André Teixeira,238.849.696-53,BR,10,1,3
2776,Mr  Roger Turnbull,Mr Roger Turnbull,GB97067291,GB,1807,1,2
2777,Leonardo Caldeira,Leonardo Caldeira,331.739.363-85,BR,233,1,2
2778,Chelsea Gill,Chelsea Gill,US87590290,US,792,1,6
2779,Pedro Henrique Mendonça,Pedro Henrique Mendonça,296.685.161-22,BR,211,1,2
2780,Angelica Parker,Angelica Parker,US46219821,US,636,1,3
2781,C. Power-Stone,Christine Power-Stone,GB46439766,GB,946,1,6
2782,Mr Leigh Hayes,Mr Leigh Hayes,GB82170808,GB,1795,1,2
2783,Mr Robert Pearce,Mr Robert Pearce,GB70653840,GB,952,1,3
2784,Gustavo Henriqu Novais,Gustavo Henrique Novais,609.032.240-42,BR,1236,1,2
2785,J. Hall,John Hall,US76450846,US,1638,1,4
2786,Brandon Gregory,Brandon Gregory,US47606981,US,544,0,1
2787,georgia robinson,Georgia Robinson,GB39009803,GB,954,1,5
2788,AnnieRöhrdanz,Annie Röhrdanz,DE67239263,DE,1047,1,2
2789,ERIC THOMAS,Eric Thomas,US93183589,US,778,1,3
2790,Maria Luísa,Maria Luísa Pinto,329.212.779-97,BR,139,1,4
2791,Dennis Richardson,Dennis Richardson,GB81708931,GB,935,0,1
2792,Dr Jay Thomas,Dr Jay Thomas,GB64254032,GB,1823,1,4
2793,Jan-Peter Steinberg,Jan-Peter Steinberg,DE16772091,DE,1042,1,4
2794,Jade Albuquerque,Jade Albuquerque,434.596.111-72,BR,1360,1,2
2795,João Guilherme Vargas,João Guilherme Vargas,578.729.825-95,BR,194,0,1
2796,Kyle Molina,Kyle Molina,US26598415,US,1609,1,4
2797,H. Ramos,Hadassa Ramos,968.814.353-68,BR,428,1,5
2798,PIETRO PASTOR,Pietro Pastor,413.953.767-24,BR,9,1,2
2799,Srta. Helena Lopes,Srta. Helena Lopes,486.959.463-68,BR,456,1,2
2800,JOEL FROST,Joel Frost,GB67318164,GB,843,1,5
2801,ANA S. D. CONCEIÇÃO,Ana Sophia da Conceição,304.287.952-17,BR,1417,1,3
2802,Melissa Barbosa,Melissa Barbosa,826.334.220-44,BR,1338,1,5
2803,Charlene Blake DVM,Charlene Blake DVM,US77762934,US,1735,1,3
2804,Tony Perkins,Tony Perkins,GB46726921,GB,1014,0,1
2805,Emanuella Cardoso,Emanuella Cardoso,367.303.718-37,BR,501,0,1
2806,Penny,Penny Bowman,US37455861,US,640,1,2
2807,Virginia Etzler,Virginia Etzler,DE58359584,DE,1884,1,3
2808,Daniel Cross,Daniel Cross,US24290145,US,1720,1,2
2809,MsdHayley Miles,Ms Hayley Miles,GB35486903,GB,1790,1,5
2810,Heidelinde Peukert,Heidelinde Peukert,DE34609232,DE,1079,1,3
2811,Agatha da,Agatha da Rosa,658.202.970-21,BR,170,1,3
2812,GUSTAVO HENRIQUE SILVA,Gustavo Henrique Silva,945.198.327-31,BR,125,1,4
2813,Felipe Moraes,Felipe Moraes,863.871.276-50,BR,1490,1,3
2814,Erick Vargas,Erick Vargas,059.303.663-39,BR,1494,1,3
2815,Mr Ben-Patel,Mr Ben Patel,GB54800838,GB,875,1,5
2816,Prof. pedro henrique abreu,Pedro Henrique Abreu,036.971.179-80,BR,159,1,4
2817,Mr S. Holmes,Mr Sean Holmes,GB83517780,GB,1847,1,3
2818,Rafael Duarte,Rafael Duarte,065.180.170-46,BR,220,1,3
2819,J. Taylor,Jasmine Taylor,US41450411,US,1650,1,5
2820,Antôno Alves,Antônio Alves,358.491.840-05,BR,1371,1,2
2821,Rhys Owen,Rhys Owen,GB69205536,GB,1009,1,2
2822,R. Cooper,Richard Cooper,US65571528,US,593,1,3
2823,Alice Melo,Alice Melo,583.719.884-58,BR,1549,1,2
2824,Felipe Moraes,Felipe Moraes,863.871.276-50,BR,1490,1,3
2825,Leticia Nascimento,Letícia Nascimento,304.508.583-77,BR,1525,1,5
2826,Robert George,Robert George,US31698875,US,1589,1,5
2827,isabelly marques,Isabelly Marques,526.218.159-97,BR,341,1,3
2828,Marina Cirino,Marina Cirino,408.714.427-50,BR,1479,1,3
2829,A. Jordi Carlos Mendez,Apolinar Jordi Carlos Mendez,ES18252004,ES,1155,1,3
2830,Jose Parrish,Jose Parrish,US10250251,US,1603,1,2
2831,Allana Almeida,Allana Almeida,943.680.205-72,BR,1397,1,3
2832,Lorenzo Vargas,Lorenzo Vargas,389.193.579-62,BR,1353,1,3
2833,Aaron-Arnold,Aaron Arnold,US60860378,US,817,1,5
2834,Denise  Hooper,Denise Hooper,GB93610257,GB,1017,1,3
2835,Tammy Boone,Tammy Boone,US29511823,US,789,1,3
2836,Breno Cavalcanti,Breno Cavalcanti,888.992.107-52,BR,522,0,1
2837,Hannah Everett,Hannah Everett,US92820305,US,644,1,2
2838,Erick Costa,Erick Costa,775.170.166-08,BR,397,1,3
2839,Lor Ingram,Lori Ingram,US65197277,US,594,1,5
2840,Mrs. Kelly Edwards,Kelly Edwards,US25189633,US,697,1,4
2841,L. Almeida,Lorenzo Almeida,927.503.731-45,BR,439,1,2
2842,Anthony Pacheco,Anthony Pacheco,242.888.133-83,BR,1240,1,2
2843,Breno Ramos,Breno Ramos,559.042.597-92,BR,532,1,5
2844,Catarina d. Paz,Catarina da Paz,829.052.040-68,BR,1485,1,5
2845,Dr Elliott Anderson,Dr Elliott Anderson,GB70896625,GB,1770,1,3
2846,Henner Jäntsch MBA.,Henner Jäntsch MBA.,DE40037183,DE,1073,1,2
2847,Agatha  Cavalcanti,Agatha Cavalcanti,417.992.777-21,BR,1553,1,4
2848,Gael Henrique Cardoso,Gael Henrique Cardoso,928.748.548-28,BR,1531,1,2
2849,JOSÉ M. MENDES,José Miguel Mendes,113.055.488-51,BR,400,1,3
2850,L. Borges,Lívia Borges,313.237.058-95,BR,176,1,3
2851,Maria Luiza Silveira,Maria Luiza Silveira,990.453.017-42,BR,213,1,6
2852,Maria Luísa Duarte,Maria Luísa Duarte,548.687.403-45,BR,165,1,4
2853,Sra. Vinicius Teixeira,Vinicius Teixeira,857.984.321-21,BR,1475,1,4
2854,Jamie Baird,Jamie Baird,US13343647,US,706,1,6
2855,João Guilherme Macedo,João Guilherme Macedo,470.551.694-09,BR,196,1,3
2856,Hellena-Abreu,Hellena Abreu,518.233.749-89,BR,71,1,2
2857,raul sales,Raul Sales,620.959.351-86,BR,510,1,4
2858,Maria Brown,Maria Brown,US58343701,US,811,1,3
2859,C. Silveira,Caroline Silveira,869.993.867-74,BR,76,1,4
2860,Maya Dias,Maya Dias,304.532.638-99,BR,1519,1,5
2861,Joseph Shaw,Joseph Shaw,US71410640,US,647,1,2
2862,Zachary Michael,Zachary Michael,US76790446,US,757,1,2
2863,Sr. Jody Butler,Jody Butler,US61001546,US,1576,1,4
2864,Arthur Lima,Arthur Lima,062.342.603-14,BR,1552,1,2
2865,Caroline Carvalho,Caroline Carvalho,895.997.758-07,BR,1459,1,2
2866,Leticia Nascimento,Letícia Nascimento,304.508.583-77,BR,1525,1,5
2867,Sra. Lucca Camargo,Lucca Camargo,027.261.493-31,BR,401,1,3
2868,Anna Liz Castro,Anna Liz Castro,211.293.828-96,BR,1313,1,4
2869,Fernanda Cassiano Filho,Fernanda Cassiano,036.690.967-05,BR,54,1,3
2870,Renan Ramos,Renan Ramos,756.924.593-75,BR,258,1,3
2871,Sharon Sosa,Sharon Sosa,US60777144,US,1721,1,2
2872,KRISTA MARTINEZ,Krista Martinez,US53606752,US,646,1,4
2873,Nicholas Carter,Nicholas Carter,GB25790828,GB,1010,1,4
2874,Peter Davis,Peter Davis,GB36080360,GB,1840,1,4
2875,Brend aBailey,Brenda Bailey,US55873760,US,547,1,2
2876,Aílcia Teixeira,Alícia Teixeira,933.083.301-65,BR,205,1,3
2877,JOAQUIM MELO,Joaquim Melo,892.268.018-24,BR,179,1,2
2878,Levi Pastor,Levi Pastor,845.227.597-25,BR,1315,1,4
2879,Geraldo Acevedo Roma,Geraldo Acevedo Roma,ES76343171,ES,1152,1,5
2880,Yuri Albuquerque,Yuri Albuquerque,680.443.699-57,BR,45,1,4
2881,Otávio Fernandes,Otávio Fernandes,287.101.226-91,BR,11,1,3
2882,Dra. H. Garcia,Dra. Helena Garcia,061.593.998-24,BR,482,1,2
2883,Christine Noack,Christine Noack,DE31343341,DE,1116,0,1
2884,Emanuella Sampaio,Emanuella Sampaio,457.202.459-43,BR,1300,1,2
2885,André Teixeura,André Teixeira,238.849.696-53,BR,10,1,3
2886,isabel vasconcelos,Isabel Vasconcelos,986.162.299-91,BR,353,1,4
2887,Candelas Jordán Botella,Candelas Jordán Botella,ES89210454,ES,1200,1,4
2888,Cheryl Burns,Cheryl Burns,US98109229,US,1573,1,4
2889,Robin Parker-Dixon,Robin Parker-Dixon,GB26877601,GB,1879,1,2
2890,E. Pereira,Erick Pereira,082.404.335-04,BR,521,1,3
2891,William Jones,William Jones,US52627226,US,589,1,3
2892,ECKART KÜHNERT B.ENG.,Eckart Kühnert B.Eng.,DE18773168,DE,1086,0,1
2893,Henry Cassiano II,Henry Cassiano,471.640.827-40,BR,1478,1,4
2894,Joseph Norris,Joseph Norris,US68603438,US,1635,1,4
2895,SAMUEL TURNER,Samuel Turner,US17390556,US,785,1,3
2896,Dora Esther Bautista Bonet,Dora Esther Bautista Bonet,ES36261929,ES,1172,0,1
2897,Mrs Lucy Roberts,Mrs Lucy Roberts,GB16824798,GB,1825,1,3
2898,Mateus Mota,Mateus da Mota,651.333.872-62,BR,22,1,3
2899,Bryan Cunningham,Bryan Cunningham,GB12512345,GB,923,1,5
2900,Ben Jackson,Ben Jackson,GB74781956,GB,966,1,4
2901,Heather Avery,Heather Avery,US61036906,US,1610,1,4
2902,Rachael Dawson Jr.,Rachael Dawson,GB48462422,GB,1005,1,4
2903,Evelyn Silva,Evelyn Silva,424.981.829-92,BR,181,0,1
2904,David Roberts,David Roberts,US24160152,US,1723,1,4
2905,Barbara Ramos Jr,Bárbara Ramos,251.355.215-70,BR,337,1,5
2906,Deborah Reeves,Deborah Reeves,GB93650413,GB,849,1,6
2907,Christopher Morris,Christopher Morris,US68959861,US,643,1,6
2908,Laura Vasconcelos,Laura Vasconcelos,169.797.296-59,BR,391,1,4
2909,Bella Castro,Bella Castro,678.831.712-10,BR,320,1,4
2910,Maria Henry,Maria Henry,US33812810,US,808,0,1
2911,L. Edwards,Lawrence Edwards,US86763742,US,657,1,4
2912,R. Novais,Rebeca Novais,371.240.659-65,BR,257,1,4
2913,ELIZABETH JOHNSON,Elizabeth Johnson,US21562260,US,1617,1,2
2914,M. Cecília Câmara,Maria Cecília Câmara,563.421.607-33,BR,38,1,4
2915,Lewis Frost,Lewis Frost,GB48177139,GB,1873,1,2
2916,Kara Boyer,Kara Boyer,US99150030,US,1640,1,4
2917,Darryl Woods,Darryl Woods,US85030383,US,1631,1,3
2918,Ana Cecília,Ana Cecília Machado,240.514.770-53,BR,534,1,3
2919,Aurora-Andrade,Aurora Andrade,687.463.734-80,BR,1303,1,4
2920,Matthew Schwartz,Matthew Schwartz,US30144703,US,737,1,3
2921,Nathan Sales,Nathan Sales,741.672.434-26,BR,261,0,1
2922,Heloísa-Cavalcanti,Heloísa Cavalcanti,745.651.980-37,BR,1328,1,2
2923,Yuri Barbosa,Yuri Barbosa,196.565.234-13,BR,295,1,3
2924,Berend Hentschel B.A.,Berend Hentschel B.A.,DE71870997,DE,1108,1,2
2925,Melanie Parsons,Melanie Parsons,GB52346074,GB,920,1,2
2926,Jason Rhodes,Jason Rhodes,US67239162,US,561,1,2
2927,Maria Rogers,Maria Rogers,US16795002,US,1740,1,3
2928,Yuri Albuquerque,Yuri Albuquerque,680.443.699-57,BR,45,1,4
2929,Rosalinde E. B.Sc.,Rosalinde Eckbauer B.Sc.,DE74243595,DE,1090,1,4
2930,Ayla Freitas,Ayla Freitas,866.531.592-92,BR,1341,1,5
2931,Molly Rodriguez,Molly Rodriguez,US65049584,US,769,1,5
2932,M. Teixeira,Melina Teixeira,803.965.223-95,BR,329,1,4
2933,Sra. Mr Gerald Kaur,Mr Gerald Kaur,GB52211394,GB,944,0,1
2934,Aneglica Parker,Angelica Parker,US46219821,US,636,1,3
2935,S. Dussen van,Silja Dussen van,DE29289997,DE,1074,1,3
2936,Hassan Gute-Seifert,Hassan Gute-Seifert,DE23815327,DE,1099,1,4
2937,H. Valentine,Holly Valentine,US70286467,US,565,1,3
2938,Anpíbal Hector Arana Vallés,Aníbal Hector Arana Vallés,ES81303949,ES,1166,1,4
2939,Nathan Cooper,Nathan Cooper,US32063239,US,1681,1,2
2940,Pedro Henrique Camargo,Pedro Henrique Camargo,024.396.009-81,BR,1374,1,4
2941,Maria Fernanda,Maria Fernanda Caldeira,799.684.608-10,BR,408,1,2
2942,mr robert pearce,Mr Robert Pearce,GB70653840,GB,952,1,3
2943,Vanesa del Reig,Vanesa del Reig,ES68348074,ES,1178,1,4
2944,Asafe Cunha,Asafe Cunha,092.368.731-05,BR,1543,1,4
2945,Michael Morrison,Michael Morrison,US99522760,US,791,1,2
2946,Peter  Davis,Peter Davis,GB36080360,GB,1840,1,4
2947,Pamela Holt MD,Pamela Holt MD,US48022533,US,1692,1,2
2948,Jonathan Griffiths,Jonathan Griffiths,GB80164897,GB,1841,1,4
2949,Angela Jones,Angela Jones,US32809970,US,1637,1,2
2950,Gael Henrique Machado,Gael Henrique Machado,751.627.765-79,BR,1365,1,4
2951,Sharon Rhodes,Sharon Rhodes,GB76426435,GB,1831,1,3
2952,Michael kBowers,Michael Bowers,US45913848,US,1566,1,3
2953,Eugenio Tenorio Flores,Eugenio Tenorio Flores,ES96568973,ES,1153,1,2
2954,B. Carvalho,Bruna Carvalho,347.212.281-60,BR,413,0,1
2955,Margaret Gilbert,Margaret Gilbert,GB70499898,GB,1763,1,4
2956,Vitor H. Andrade,Vitor Hugo Andrade,085.899.441-71,BR,366,1,3
2957,Crystal Johnson,Crystal Johnson,US59268951,US,1727,1,2
2958,LARRY HARRIS,Larry Harris,US16580878,US,797,1,4
2959,Carole Clark,Carole Clark,GB95146356,GB,1806,1,3
2960,JerryB lake,Jerry Blake,US47962395,US,1744,1,2
2961,GRAHAM POWELL,Graham Powell,GB27269100,GB,1829,1,2
2962,C. Blake,Charlene Blake DVM,US77762934,US,1735,1,3
2963,Chelsea Donnelly,Chelsea Donnelly,GB38267755,GB,1827,1,5
2964,Jan-eter Steinberg,Jan-Peter Steinberg,DE16772091,DE,1042,1,4
2965,Dr. Sandra Rodgers,Sandra Rodgers,US21783647,US,551,1,5
2966,Héctor Bermudez Rozas,Héctor Bermudez Rozas,ES87568641,ES,1170,0,1
2967,STEVEN STONE-WARD,Steven Stone-Ward,GB54360949,GB,901,1,4
2968,L. Pimenta,Liz Pimenta,766.177.115-92,BR,119,1,3
2969,Andrew Harper,Andrew Harper,US90693921,US,772,1,3
2970,Ryan Rosales,Ryan Rosales,US28599426,US,570,1,4
2971,ISABELLY CUNHA,Isabelly Cunha,753.658.632-20,BR,1383,1,2
2972,Anneli Scheel-rosenow,Anneli Scheel-Rosenow,DE27689263,DE,1063,1,2
2973,mariane ribeiro,Mariane Ribeiro,509.977.008-86,BR,240,1,4
2974,Ana C. Araujo,Ana Carolina Araújo,465.911.665-53,BR,531,1,6
2975,Jose da Conceicao,José da Conceição,420.431.127-54,BR,1495,1,4
2976,Maria Fernanda Caldeira,Maria Fernanda Caldeira,799.684.608-10,BR,408,1,2
2977,Anna Liz,Anna Liz Peixoto,445.187.053-49,BR,310,1,2
2978,Laura,Laura Vasconcelos,169.797.296-59,BR,391,1,4
2979,Rafael Souza,Rafael Souza,604.506.734-65,BR,1392,1,2
2980,Janos Eimer,Janos Eimer,DE86207390,DE,1062,0,1
2981,C. Palacios Godoy,Carmelita Palacios Godoy,ES55929418,ES,1126,1,4
2982,Rebeca Novais,Rebeca Novais,371.240.659-65,BR,257,1,4
2983,Barbara-Hester,Barbara Hester,US79273350,US,675,1,3
2984,Vilma Gámez,Vilma Muñoz Gámez,ES11089747,ES,1182,1,4
2985,James Watson,James Watson,US73191967,US,823,1,4
2986,Darren,Darren Swift,GB53789701,GB,1862,1,5
2987,Bonifacio del Salazar,Bonifacio del Salazar,ES27120235,ES,1186,1,2
2988,G. Williams,Glenn Williams,GB79870757,GB,994,1,3
2989,Luísa Brito,Luísa Brito,137.367.850-82,BR,358,1,3
2990,Aylla Barbosa,Aylla Barbosa,019.583.356-63,BR,1404,1,2
2991,Brenda Wright,Brenda Wright,US37750491,US,568,1,3
2992,Luísa Alves II,Luísa Alves,834.735.977-46,BR,152,1,2
2993,Gael Henrique Machado,Gael Henrique Machado,751.627.765-79,BR,1365,1,4
2994,Sarah Obrien,Sarah Obrien,US59546934,US,1621,1,2
2995,Valentina,Valentina Barros,109.678.994-05,BR,513,1,3
2996,J. Webb,Jane Webb,GB15909601,GB,987,1,4
2997,Sra. Emanuel Sá,Emanuel Sá,499.023.039-53,BR,1406,1,3
2998,Dr. Pedro Henrique Abreu,Pedro Henrique Abreu,036.971.179-80,BR,159,1,4
2999,Yasmin da Luz,Yasmin da Luz,566.844.537-85,BR,1462,1,2
3000,Arthur Gabriel Araujo,Arthur Gabriel Araújo,615.073.717-43,BR,1272,1,4
3001,Geraldinke Cox,Geraldine Cox,GB55206827,GB,1839,1,3
3002,Bernardo Montenegro,Bernardo Montenegro,477.591.009-12,BR,1252,1,5
3003,Lance Simmons,Lance Simmons,US40992396,US,611,1,5
3004,Alexandre d. Mota,Alexandre da Mota,775.478.129-14,BR,434,1,2
3005,Paul Williams-Fox,Paul Williams-Fox,GB67933959,GB,1761,1,2
3006,Beatriz Aragão,Beatriz Aragão,247.710.932-48,BR,88,1,4
3007,Isadora Barbosa,Isadora Barbosa,038.597.703-48,BR,87,1,3
3008,Pedro Miguel,Pedro Miguel Rezende,089.136.819-95,BR,1432,1,4
3009,Davi Andrde,Davi Andrade,898.136.748-54,BR,1407,1,5
3010,Tracy  Morton,Tracy Morton,GB71905171,GB,1869,1,2
3011,Liz Viana,Liz Viana,220.022.793-61,BR,1547,1,4
3012,Timothy Edwards,Timothy Edwards,US17809403,US,834,1,5
3013,Gregrory Ross,Gregory Ross,US90261410,US,1743,1,3
3014,Vitor Dias,Vitor Dias,372.170.042-95,BR,1443,1,3
3015,Gustavo Henrique da Mota,Gustavo Henrique da Mota,344.565.624-52,BR,1280,1,2
3016,João P. Novais,João Pedro Novais,874.050.629-84,BR,1318,1,2
3017,Breno Melo,Breno Melo,855.241.406-02,BR,362,1,3
3018,Jayne Smth,Jayne Smith,GB54872013,GB,1814,1,2
3019,Raymond Hartley,Raymond Hartley,GB25744170,GB,1791,1,3
3020,Diogo da Cunha,Diogo da Cunha,684.577.600-49,BR,520,1,4
3021,Kelly Barnes,Kelly Barnes,US40686002,US,1606,1,3
3022,A. Farias,Alexandre Farias,675.254.599-10,BR,129,1,4
3023,Bruno Barros,Bruno Barros,708.053.100-33,BR,59,0,1
3024,O. da Conceição,Oliver da Conceição,151.065.025-55,BR,1295,1,3
3025,Yuri Barbosa,Yuri Barbosa,196.565.234-13,BR,295,1,3
3026,H. Martins,Henrique Martins,866.882.634-35,BR,230,1,4
3027,Dra. Isadora Gomes,Dra. Isadora Gomes,914.499.337-78,BR,1249,1,2
3028,MELINA ROCHA,Melina Rocha,027.868.144-73,BR,173,1,5
3029,MARIA CECÍLIA PINTO,Maria Cecília Pinto,078.593.213-34,BR,328,1,3
3030,Nicolas Correia,Nicolas Correia,104.249.471-79,BR,1396,1,3
3031,Pietra Ramos,Pietra Ramos,230.225.238-72,BR,1548,1,2
3032,Dra. Helena Vieira,Dra. Helena Vieira,303.748.625-70,BR,1208,1,2
3033,Andrea-Orr,Andrea Orr,US17224928,US,1604,1,3
3034,Paul Moore,Paul Moore,US36302991,US,1670,1,4
3035,Chhema Llorens Quintana,Chema Llorens Quintana,ES21983952,ES,1180,1,2
3036,Joseph Williams,Joseph Williams,US80416822,US,830,1,4
3037,Nicole-Marshall,Nicole Marshall,US28730548,US,1601,1,2
3038,Renan rios,Renan Rios,462.873.342-70,BR,229,0,1
3039,Amy Kelley,Amy Kelley,US34252610,US,748,1,3
3040,Caleb d. Rocha,Caleb da Rocha,519.398.280-73,BR,260,1,2
3041,Maria Luísa,Maria Luísa Farias,437.575.844-19,BR,202,1,4
3042,Pedro Miguel erreira,Pedro Miguel Ferreira,046.184.992-61,BR,383,1,3
3043,Clive Wood,Clive Wood,GB16192775,GB,992,0,1
3044,Joseph Ochoa,Joseph Ochoa,US49303341,US,822,1,2
3045,Dioio Alves,Diogo Alves,691.251.778-52,BR,178,1,3
3046,Danilo Silveira,Danilo Silveira,530.346.191-82,BR,1301,1,2
3047,BRENO RAMOS,Breno Ramos,559.042.597-92,BR,532,1,5
3048,Sheila Edwards,Sheila Edwards,US82506980,US,1564,1,2
3049,Louis Martin,Louis Martin,US63424009,US,681,1,3
3050,João Barbsoa,João Barbosa,317.387.213-87,BR,1385,1,3
3051,Josh Walton,Josh Walton,GB11272491,GB,1872,1,2
3052,Erin Reynolds,Erin Reynolds,US68990340,US,1641,1,3
3053,Anna Liz Novase Neto,Anna Liz Novaes,896.383.465-78,BR,17,1,4
3054,Karolin Bolnbach,Karolin Bolnbach,DE87052108,DE,1029,1,2
3055,Julie Herrera,Julie Herrera,US79619091,US,669,1,5
3056,Pedro Miguel Rezende,Pedro Miguel Rezende,089.136.819-95,BR,1432,1,4
3057,ANA CECÍLIA LOPES,Ana Cecília Lopes,132.719.500-52,BR,505,1,5
3058,Esther Pinto,Esther Pinto,089.935.889-16,BR,393,1,3
3059,Pedro Henrique Abreu,Pedro Henrique Abreu,862.058.534-51,BR,1332,1,2
3060,Jeremy Greene,Jeremy Greene,US47814203,US,1586,1,3
3061,Curtit Taylor,Curtis Taylor,US14325777,US,633,1,3
3062,Maitê Costa,Maitê Costa,358.283.959-81,BR,1258,1,3
3063,Julia Viana,Julia Viana,576.627.028-95,BR,94,1,2
3064,Luiz Montenegro,Luiz Gustavo Montenegro,864.168.622-78,BR,529,1,5
3065,João V. Campos,João Vitor Campos,812.689.928-53,BR,1319,1,3
3066,Mr Elliot Jones Neto,Mr Elliot Jones,GB55357116,GB,902,1,5
3067,HeatherBrown,Heather Brown,US88921275,US,1652,1,3
3068,Maria Flor Marques,Maria Flor Marques,206.163.294-51,BR,351,0,1
3069,Diego ereira,Diego Pereira,278.610.940-01,BR,1367,1,4
3070,Aimee Hguhes,Aimee Hughes,GB13219453,GB,866,1,6
3071,Lisa Perry,Lisa Perry,US51347409,US,743,1,4
3072,Eloah Moraes,Eloah Moraes,858.452.851-84,BR,1266,1,4
3073,D. Lopez,David Lopez,US60825385,US,729,1,5
3074,Melina da Costa,Melina da Costa,024.819.346-67,BR,423,0,1
3075,Milena Campos,Milena Campos,136.783.777-01,BR,68,1,4
3076,Prof. Giovanni Walter B.eng.,Prof. Giovanni Walter B.Eng.,DE42021033,DE,1112,1,4
3077,Brandon Begum-Lord,Brandon Begum-Lord,GB30039365,GB,929,1,3
3078,Breno Moraes,Breno Moraes,811.386.338-39,BR,516,1,5
3079,Andrea Suarez,Andrea Suarez,US27203192,US,1691,1,3
3080,Eric Newton-Hodgson,Eric Newton-Hodgson,GB73686372,GB,904,0,1
3081,Pasquale Ritter B.A.,Pasquale Ritter B.A.,DE94486125,DE,1052,1,3
3082,J. Anderson,Jordan Anderson,GB76805681,GB,857,1,5
3083,João M. Monteiro,João Miguel Monteiro,507.753.637-66,BR,1387,1,4
3084,Gabriel Carvalho,Gabriel Carvalho,671.315.780-09,BR,1534,1,3
3085,Jacqeuline Singh,Jacqueline Singh,GB11724379,GB,1768,1,3
3086,Rickey Li,Rickey Li,US28422816,US,550,1,3
3087,Robert Duncan,Robert Duncan,US37174691,US,1703,1,3
3088,Prof. Bárbara Ramos,Bárbara Ramos,251.355.215-70,BR,337,1,5
3089,antonie beyer,Antonie Beyer,DE81603135,DE,1059,1,5
3090,Josué Vieira III,Josué Vieira,124.499.597-34,BR,1510,1,3
3091,Jonathan Jacobson,Jonathan Jacobson,US29408873,US,739,1,3
3092,Ronald  Rogers,Ronald Rogers,US23351730,US,1710,1,3
3093,Kara Boyer,Kara Boyer,US99150030,US,1640,1,4
3094,Christopher Chan MD,Christopher Chan MD,US93664545,US,1667,1,2
3095,Klaus-D. Schaaf,Klaus-D. Schaaf,DE73798298,DE,1087,1,4
3096,Gustavo Pires,Gustavo Henrique Pires,467.131.186-95,BR,1436,1,4
3097,Brian Fitzgerald,Brian Fitzgerald,US97183615,US,623,1,2
3098,Bryan Borges,Bryan Borges,309.883.920-53,BR,462,0,1
3099,Matthew Lane,Matthew Lane,US74995812,US,1569,1,2
3100,angel gordon,Angel Gordon,US84853354,US,673,1,2
3101,christopher Morris,Christopher Morris,US68959861,US,643,1,6
3102,David York,David York,US18976711,US,1633,1,3
3103,Hayden Thomas,Hayden Thomas,US55525274,US,1568,1,5
3104,Francis-Williams-Barnes,Francis Williams-Barnes,GB66782149,GB,1808,1,5
3105,Dale Connor,Dale Connor,GB12484578,GB,1803,1,2
3106,Dra. Beatriz Siqueira,Dra. Beatriz Siqueira,247.914.942-02,BR,1446,1,2
3107,Yasmin-Alves,Yasmin Alves,279.568.783-39,BR,215,1,6
3108,A. S. Marques,Ana Sophia Marques,225.358.414-38,BR,180,1,6
3109,Ben Jackson,Ben Jackson,GB74781956,GB,966,1,4
3110,Mark Cox,Mark Cox,US13501001,US,615,0,1
3111,Dean  Donovan,Dean Donovan,US98707799,US,804,1,3
3112,Maria  Helena Cavalcante,Maria Helena Cavalcante,357.318.020-34,BR,1304,1,3
3113,STEWART GRAY,Stewart Gray,GB41395944,GB,1837,1,2
3114,Michael Bell,Michael Bell,US34454271,US,1644,1,2
3115,Christine,Christine Power-Stone,GB46439766,GB,946,1,6
3116,Ana Julia Rocha,Ana Julia Rocha,611.178.006-81,BR,487,1,4
3117,Stephen Evans,Stephen Evans,US98480618,US,1701,1,4
3118,Heloisa Novais,Heloísa Novais,712.903.645-52,BR,1293,1,4
3119,Wendy Salazar,Wendy Salazar,US35598108,US,1626,1,2
3120,E. Weihmann,Ercan Weihmann,DE55464764,DE,1035,1,4
3121,Maya Dias,Maya Dias,304.532.638-99,BR,1519,1,5
3122,Mariana Silveira,Mariana Silveira,769.735.779-07,BR,467,0,1
3123,R. Cooper,Rhys Cooper,GB45711004,GB,1810,1,5
3124,Jacqueline Singh,Jacqueline Singh,GB11724379,GB,1768,1,3
3125,Lope Barrio-Corbacho,Lope Barrio-Corbacho,ES10024741,ES,1161,1,4
3126,Daniela Leão,Daniela Leão,930.561.648-40,BR,419,1,2
3127,Robert Jackson,Robert Jackson,US71114408,US,809,1,3
3128,Scott Carlson,Scott Carlson,US44726470,US,1627,1,4
3129,P. Lucas Azevedo,Pedro Lucas Azevedo,906.048.058-92,BR,526,1,6
3130,Andrew Powers,Andrew Powers,US56516631,US,1664,1,3
3131,Robert Arnold,Robert Arnold,US12015179,US,635,1,3
3132,Leandro Ribeiro,Leandro Ribeiro,617.979.688-68,BR,262,1,2
3133,mirella freitas,Mirella Freitas,886.153.355-54,BR,417,1,5
3134,Maria Sophia,Maria Sophia Silveira,013.366.867-54,BR,1492,1,2
3135,Dra. Maria Vitória,Dra. Maria Vitória Martins,886.596.413-52,BR,1268,1,5
3136,Timothy Brwon,Timothy Brown,US58759380,US,1570,1,3
3137,Cauê Albuquerque II,Cauê Albuquerque,015.582.342-91,BR,1399,1,3
3138,Jason eBck,Jason Beck,US34714210,US,588,1,3
3139,Agatha Cavalcanti,Agatha Cavalcanti,417.992.777-21,BR,1553,1,4
3140,Margaret Law,Margaret Law,GB16266393,GB,1819,1,4
3141,Danny Cunningham,Danny Cunningham,US61297082,US,1713,1,2
3142,YURI ALBUQUERQUE,Yuri Albuquerque,680.443.699-57,BR,45,1,4
3143,Leslie Dennis,Leslie Dennis,US75507808,US,1614,1,2
3144,Yaskin da,Yasmin da Mota,879.717.073-15,BR,1288,1,2
3145,Reyes Sanchez Duran,Reyes Sanchez Duran,ES62342586,ES,1168,1,4
3146,Jodi-Roach,Jodi Roach,US75960711,US,627,1,4
3147,Dr L. Watkins,Dr Liam Watkins,GB77879264,GB,1835,1,3
3148,benjamim da cunha,Benjamim da Cunha,517.133.959-62,BR,281,1,5
3149,Srta. Isabela Castro,Srta. Isabela Castro,995.527.177-44,BR,140,0,1
3150,Zoe Mendes,Zoe Mendes,687.937.416-08,BR,349,1,3
3151,M. Rodrigues,Melissa Rodrigues,931.572.791-94,BR,524,1,3
3152,Sr. Kunigunde Ziegert,Kunigunde Ziegert,DE34022690,DE,1049,1,3
3153,Pío Benavides Buendía,Pío Benavides Buendía,ES51343854,ES,1144,1,3
3154,Diego Pereira,Diego Pereira,278.610.940-01,BR,1367,1,4
3155,Calebe Ribeiro,Calebe Ribeiro,740.344.713-49,BR,79,1,2
3156,Joxn Bowman,John Bowman,US32228240,US,1719,1,3
3157,Vitor-Gabriel Campos,Vitor Gabriel Campos,866.934.654-72,BR,405,1,6
3158,Mr WaynePrice,Mr Wayne Price,GB93896357,GB,1848,1,3
3159,Lawrence Edwwrds,Lawrence Edwards,US86763742,US,657,1,4
3160,Kelly Hammond DVM,Kelly Hammond DVM,US65437830,US,637,1,3
3161,Pedro H. Porto,Pedro Henrique Porto,127.756.185-37,BR,317,1,2
3162,DIOGO SIQUEIRA,Diogo Siqueira,617.812.374-88,BR,1426,1,3
3163,Lewis Frost,Lewis Frost,GB48177139,GB,1873,1,2
3164,Srta. Luara Lima,Srta. Luara Lima,890.260.127-96,BR,459,1,3
3165,Derek Walsh,Derek Walsh,GB79276026,GB,977,1,4
3166,Aimee Hughes,Aimee Hughes,GB13219453,GB,866,1,6
3167,H. Adrian Trommler,Herr Adrian Trommler,DE57018904,DE,1023,1,5
3168,Lynda Fletcher,Lynda Fletcher,GB34876272,GB,1794,1,3
3169,Anna Liz,Anna Liz Castro,211.293.828-96,BR,1313,1,4
3170,Srta. Liz Guerra,Srta. Liz Guerra,275.705.964-01,BR,169,1,3
3171,Nicola Gould,Nicola Gould,GB22989645,GB,1771,1,2
3172,Ann Ortmann,Ann Ortmann,DE19562056,DE,1032,1,2
3173,Ronald Rogers,Ronald Rogers,US23351730,US,1710,1,3
3174,Aaron Miller,Aaron Miller,US98077934,US,580,1,2
3175,Pedro,Pedro Miguel da Conceição,291.605.563-82,BR,1245,1,4
3176,Frau Annika Hotl MBA.,Frau Annika Holt MBA.,DE78175850,DE,1098,1,2
3177,Mr Louis,Mr Louis Cooper,GB35843038,GB,1004,1,6
3178,Prof. Harrri Thies B.Eng.,Prof. Harri Thies B.Eng.,DE20542212,DE,1060,1,5
3179,D. Jemma Bathes,Dr Jemma Bates,GB51973160,GB,1817,1,3
3180,Antony Baker-Coyles,Antony Baker-Coles,GB30679969,GB,968,1,3
3181,Gregorio oTrralba-Suárez,Gregorio Torralba-Suárez,ES56206415,ES,1179,1,3
3182,Sara Porto,Sara Porto,130.596.925-11,BR,1476,1,4
3183,Jose Crawford,Jose Crawford,US33924094,US,800,1,2
3184,João Guilherme,João Guilherme Macedo,470.551.694-09,BR,196,1,3
3185,Lope Barrio-Corbacho,Lope Barrio-Corbacho,ES10024741,ES,1161,1,4
3186,M. Wang,Marilyn Wang,US91594977,US,652,1,3
3187,Davi Lucas,Davi Lucas Montenegro,471.324.754-69,BR,357,1,4
3188,Lance Simmons,Lance Simmons,US40992396,US,611,1,5
3189,Dra. L. Macedo,Dra. Laura Macedo,079.252.419-13,BR,306,1,2
3190,ISAQUE OLIVEIRA,Isaque Oliveira,168.685.487-09,BR,352,1,2
3191,Krista Martinez,Krista Martinez,US53606752,US,646,1,4
3192,Winfried  Kühnert,Winfried Kühnert,DE61485872,DE,1044,1,2
3193,Tammy Lowe,Tammy Lowe,US46203468,US,1658,1,2
3194,Mohammad Young-Power,Mohammad Young-Power,GB82070563,GB,912,1,3
3195,Amy Kelley,Amy Kelley,US34252610,US,748,1,3
3196,FRENANDO ANDRADE,Fernando Andrade,624.843.700-53,BR,1244,1,3
3197,Yan Lima,Yan Lima,600.165.053-42,BR,1532,1,2
3198,K. Sims,Kevin Sims,US43958659,US,1648,1,3
3199,Dr B. Dobson,Dr Bryan Dobson,GB48787922,GB,1877,1,4
3200,Kara Boyer,Kara Boyer,US99150030,US,1640,1,4
3201,Mrs. Bella Albuquerque,Bella Albuquerque,903.404.384-27,BR,278,1,3
3202,Juan Almeida,Juan Almeida,045.561.100-22,BR,388,1,3
3203,James Combs,James Combs,US79413809,US,1651,1,4
3204,Pedro Miguel Ferreira,Pedro Miguel Ferreira,046.184.992-61,BR,383,1,3
3205,Kenneth Morris,Kenneth Morris,US96338760,US,1756,1,3
3206,Robert  Arnold,Robert Arnold,US12015179,US,635,1,3
3207,Ana Julia Rocha,Ana Julia Rocha,611.178.006-81,BR,487,1,4
3208,dra. Carolina Da Mota,Dra. Carolina da Mota,966.278.282-74,BR,275,1,3
3209,Gabriel Carvalo,Gabriel Carvalho,671.315.780-09,BR,1534,1,3
3210,A. Clara Dias,Ana Clara Dias,191.485.646-79,BR,354,1,2
3211,B. Huang,Brandi Huang,US99041525,US,1655,1,4
3212,Danielle Morton,Danielle Morton,GB55816776,GB,894,0,1
3213,L. Viiera,Luan Vieira,717.099.917-38,BR,372,1,4
3214,Rebecca White,Rebecca White,US46671472,US,1594,1,3
3215,William Gould,William Gould,US40992534,US,614,0,1
3216,Ing. Damian Hermighausen,Ing. Damian Hermighausen,DE51792388,DE,1033,1,4
3217,M. Almeida,Miguel Almeida,533.443.989-17,BR,1316,1,3
3218,Breno melo,Breno Melo,855.241.406-02,BR,362,1,3
3219,dominic harris-holloway,Dominic Harris-Holloway,GB36918105,GB,1003,1,5
3220,Isabel da Luz,Isabel da Luz,684.866.618-89,BR,300,0,1
3221,Zoe Rodrigues,Zoe Rodrigues,893.246.095-39,BR,160,1,2
3222,Domitila Campoy Abella,Domitila Campoy Abella,ES89478790,ES,1136,0,1
3223,Gundolf Lorch,Gundolf Lorch,DE48019546,DE,1028,1,3
3224,Ana-Cecília Lopes,Ana Cecília Lopes,132.719.500-52,BR,505,1,5
3225,Kyle Molina,Kyle Molina,US26598415,US,1609,1,4
3226,Dr Gareth Lowe,Dr Gareth Lowe,GB31215214,GB,1874,1,2
3227,TIMM RUPPERSBERGER,Timm Ruppersberger,DE92310750,DE,1034,1,4
3228,Bella Casto,Bella Castro,678.831.712-10,BR,320,1,4
3229,Davi  Lucca Nogueira,Davi Lucca Nogueira,283.411.080-99,BR,435,1,4
3230,Mr Ben Patel,Mr Ben Patel,GB54800838,GB,875,1,5
3231,Kriemhild Weiß b.a.,Kriemhild Weiß B.A.,DE70838623,DE,1083,1,4
3232,Katherina Zorbach,Katherina Zorbach,DE63796676,DE,1109,1,5
3233,Lori Ingarm,Lori Ingram,US65197277,US,594,1,5
3234,A. Nunes,Alana Nunes,277.727.879-94,BR,1287,1,3
3235,Ryan Rosales,Ryan Rosales,US28599426,US,570,1,4
3236,Brent Hernandez,Brent Hernandez,US18714202,US,821,0,1
3237,LUIZ OTÁVIO CAMARGO,Luiz Otávio Camargo,420.554.113-85,BR,1362,1,5
3238,João Felipe Azevedo,João Felipe Azevedo,251.354.278-49,BR,31,0,1
3239,Sofa Cunha,Sofia Cunha,553.942.373-33,BR,470,1,3
3240,agatha albuquerque,Ágatha Albuquerque,086.131.712-74,BR,89,1,4
3241,Amanad Novais,Amanda Novais,255.341.928-32,BR,7,1,3
3242,JENNIFER SIMPSON DVM,Jennifer Simpson DVM,US21449650,US,723,1,2
3243,Michaela Rust,Michaela Rust,DE42859865,DE,1030,0,1
3244,Christine Power-Stone,Christine Power-Stone,GB46439766,GB,946,1,6
3245,Mrs. Connie Turner,Connie Turner,US94374018,US,779,1,3
3246,Heloisa Fernandes,Heloísa Fernandes,444.147.360-75,BR,1512,1,3
3247,BRYAN ABTEU,Bryan Abreu,768.408.371-22,BR,1423,1,4
3248,Robert Bailey,Robert Bailey,US52355818,US,1717,1,2
3249,Letícia Freitas,Letícia Freitas,802.715.825-80,BR,1273,1,3
3250,Ravi-Lucca Cardzso,Ravi Lucca Cardoso,684.145.933-27,BR,214,1,4
3251,EmmaO wens,Emma Owens,US80495248,US,660,1,4
3252,andré garcia,André Garcia,229.060.058-38,BR,1225,1,2
3253,Luiz-Gustavo Caldeira,Luiz Gustavo Caldeira,043.416.518-27,BR,469,1,4
3254,Stella Mendonça,Stella Mendonça,855.542.663-53,BR,1524,1,2
3255,Dr Patricia Wood,Dr Patricia Wood,GB34146739,GB,859,1,2
3256,BEATRIZ ABREU,Beatriz Abreu,620.547.600-64,BR,1456,1,2
3257,Yasmin Garcia,Yasmin Garcia,574.374.896-91,BR,365,1,3
3258,Luan Pimenta,Luan Pimenta,438.057.198-38,BR,410,1,2
3259,Augusto  Vargas,Augusto Vargas,110.813.655-15,BR,1536,1,5
3260,catarina Martins,Catarina Martins,787.747.016-87,BR,188,1,2
3261,Isadora Campos,Isadora Campos,469.632.595-32,BR,187,0,1
3262,Edelgard Bruder,Edelgard Bruder,DE51660066,DE,1068,1,2
3263,Rytan Cunha,Ryan Cunha,719.022.941-31,BR,75,1,4
3264,Pedro Lucas Aaevedo,Pedro Lucas Azevedo,906.048.058-92,BR,526,1,6
3265,D. Patricia Hart,Dr Patricia Hart,GB25362614,GB,1015,1,5
3266,B. Alves,Brenda Alves,104.332.181-96,BR,1,1,2
3267,Isaque Moura,Isaque Moura,362.309.005-06,BR,1350,1,2
3268,Meghan Cisneros,Meghan Cisneros,US58219240,US,616,1,3
3269,Edward Nash,Edward Nash,US86476158,US,1722,1,4
3270,C. da Paz,Caroline da Paz,376.108.007-36,BR,1460,1,5
3271,Alexandre Fernandes,Alexandre Fernandes,278.484.889-66,BR,1419,1,4
3272,Lindsey Green,Lindsey Green,GB71655384,GB,981,1,2
3273,Caio da Mota,Caio da Mota,996.504.773-58,BR,249,1,2
3274,Davi Andrade,Davi Andrade,898.136.748-54,BR,1407,1,5
3275,Mirguel Novais,Miguel Novais,798.270.808-69,BR,403,1,4
3276,Alexandre Camargo,Alexandre Camargo,895.352.058-33,BR,1263,1,4
3277,Pedro da Rocha,Pedro da Rocha,266.114.844-24,BR,1255,1,2
3278,Tanya Russell Filho,Tanya Russell,US32010905,US,716,1,5
3279,Ada Lange-Barth,Ada Lange-Barth,DE69839130,DE,1053,1,2
3280,Lor-iSimmons,Lori Simmons,US37868647,US,781,1,6
3281,L. Simmons,Lance Simmons,US40992396,US,611,1,5
3282,Rodrigo Cunha,Rodrigo Cunha,683.784.566-45,BR,1410,1,3
3283,DUNCAN MORGAN,Duncan Morgan,GB16105858,GB,874,1,3
3284,Ian Andrade,Ian Andrade,107.991.183-84,BR,30,1,2
3285,Evelyn Williams,Evelyn Williams,US50714693,US,595,1,2
3286,Herique da Rosa,Henrique da Rosa,568.496.740-00,BR,1430,1,4
3287,A. Combs,Amber Combs,US19750722,US,1712,1,3
3288,Susi Mälzer-Hertrampf,Susi Mälzer-Hertrampf,DE59500071,DE,1883,1,3
3289,Kim Erickson,Kim Erickson,US48374806,US,683,1,6
3290,Danilo Farias,Danilo Farias,176.347.580-28,BR,1285,1,2
3291,Kathryn Mccann,Kathryn Mccann,US74916146,US,840,1,4
3292,Mary Marshall,Mary Marshall,GB36359023,GB,1773,1,2
3293,Alfred Galvan,Alfred Galvan,US80303981,US,576,1,4
3294,BENICIO PEREIRA,Benicio Pereira,674.676.212-02,BR,390,1,6
3295,Kamilly Novais,Kamilly Novais,604.661.839-82,BR,254,1,2
3296,Larry Jones III,Larry Jones,US83024777,US,1695,1,4
3297,Maria L. Aragão,Maria Luísa Aragão,880.768.031-79,BR,1329,1,3
3298,Lauren Villanueva,Lauren Villanueva,US67966814,US,1709,1,3
3299,Luiz Gustavo Castro,Luiz Gustavo Castro,987.091.799-95,BR,1321,1,2
3300,S. Rhodes,Sharon Rhodes,GB76426435,GB,1831,1,3
3301,laura cirino,Laura Cirino,479.038.082-15,BR,1400,1,3
3302,G. Bevan-Holmes,Garry Bevan-Holmes,GB63156840,GB,895,1,3
3303,Jonathan-Jacobson,Jonathan Jacobson,US29408873,US,739,1,3
3304,J. Wong,John Wong,US81470374,US,1615,1,4
3305,Igor da Paz,Igor da Paz,180.552.696-58,BR,298,1,3
3306,Srta. G. Pires,Srta. Giovanna Pires,627.136.111-55,BR,292,1,4
3307,R. Sales,Raul Sales,620.959.351-86,BR,510,1,4
3308,Riley Bryant,Riley Bryant,US19101846,US,584,1,2
3309,Pedro-Fonseca,Pedro Fonseca,156.793.341-01,BR,243,1,4
3310,jason butcher,Jason Butcher,GB74625235,GB,908,1,5
3311,Sara Patel,Sara Patel,GB76743663,GB,1779,1,3
3312,C. Birch,Colin Birch,GB94181424,GB,910,1,6
3313,Melina Rocha,Melina Rocha,027.868.144-73,BR,173,1,5
3314,V. Silva,Veronica Silva,US32345453,US,685,1,3
3315,ELOAH MORAES,Eloah Moraes,858.452.851-84,BR,1266,1,4
3316,Mr Bernard Baker,Mr Bernard Baker,GB33825832,GB,1802,1,4
3317,Caroline Ramos,Caroline Ramos,697.928.691-38,BR,1472,1,2
3318,Letícia Porto,Letícia Porto,362.316.658-76,BR,53,1,2
3319,Sabine Tlustek,Sabine Tlustek,DE44635255,DE,1076,1,2
3320,Mariane Vieira,Mariane Vieira,148.121.192-55,BR,1388,1,2
3321,Jasmine,Jasmine Beltran,US92805158,US,606,1,2
3322,Jordran Anderson,Jordan Anderson,GB76805681,GB,857,1,5
3323,E. Mendez,Elizabeth Mendez,US16886777,US,741,1,3
3324,J. Steinberg,Jan-Peter Steinberg,DE16772091,DE,1042,1,4
3325,Stella Rocha,Stella Rocha,710.905.643-44,BR,1348,1,3
3326,Martirio Tolosa Anguita,Martirio Tolosa Anguita,ES64464708,ES,1145,0,1
3327,Margaret Smith,Margaret Smith,US52560756,US,1672,1,2
3328,L. Nascimento,Letícia Nascimento,304.508.583-77,BR,1525,1,5
3329,Joseph Howard,Joseph Howard,US65963010,US,799,1,2
3330,Carly Cooper,Carly Cooper,GB57458790,GB,927,1,4
3331,Jessica Jones,Jessica Jones,US26969885,US,1582,1,3
3332,Aaron Arnold,Aaron Arnold,US60860378,US,817,1,5
3333,Michelle Mosley,Michelle Mosley,US75294279,US,1630,1,2
3334,Robert Morgan,Robert Morgan,US94644215,US,676,0,1
3335,Shelly Spencer,Shelly Spencer,US97573396,US,569,1,6
3336,Robin Parker-Dixon,Robin Parker-Dixon,GB26877601,GB,1879,1,2
3337,Scott Phillips,Scott Phillips,US27207710,US,1747,1,4
3338,Sr. Shane Jackson,Shane Jackson,GB51308532,GB,886,1,4
3339,Quique-O. M. Castejón,Quique Omar Mariño Castejón,ES41696096,ES,1128,1,2
3340,K. Robertson,Kathleen Robertson,US70614013,US,665,1,4
3341,MATEUS ABREU,Mateus Abreu,867.533.963-60,BR,93,1,3
3342,SIGLINDE WALTER-VOGT,Siglinde Walter-Vogt,DE51935074,DE,1056,1,2
3343,Dra. Nicole,Dra. Nicole Aragão,153.714.732-10,BR,186,1,5
3344,Alfred Galvan,Alfred Galvan,US80303981,US,576,1,4
3345,Pedro Camargo,Pedro Henrique Camargo,024.396.009-81,BR,1374,1,4
3346,Claudio Recio,Claudio Recio,ES24595457,ES,1148,1,3
3347,Srta. Maya Pimenta,Srta. Maya Pimenta,817.322.515-84,BR,1344,1,4
3348,Matthew Lane,Matthew Lane,US74995812,US,1569,1,2
3349,Dra. Maria Julia,Dra. Maria Julia Leão,428.471.664-94,BR,1278,1,4
3350,FERNANDO CASA GRANDE,Fernando Casa Grande,270.267.288-57,BR,479,1,4
3351,José Almeida,José Almeida,146.033.301-71,BR,1535,1,2
3352,T. Johnson,Timothy Johnson,US76926628,US,758,1,4
3353,Willaim Evans,William Evans,US62756521,US,702,1,2
3354,Vitor Caldeira,Vitor Caldeira,950.512.833-00,BR,1389,1,2
3355,Francisco Santos,Francisco Santos,728.716.422-90,BR,1545,1,4
3356,Francisco Javier Domínguez Perez,Francisco Javier Domínguez Perez,ES33645674,ES,1143,1,2
3357,Ryan Wiley,Ryan Wiley,US46833490,US,1741,1,2
3358,Leknardo Martins,Leonardo Martins,376.938.983-31,BR,530,1,3
3359,Prof. C. Vasconcelos,Caio Vasconcelos,189.324.495-07,BR,1424,1,3
3360,Bernardo Rocha,Bernardo Rocha,406.409.097-43,BR,103,1,2
3361,Christina David,Christina David,US41769162,US,1577,1,3
3362,mr gerard warner,Mr Gerard Warner,GB65559839,GB,915,1,2
3363,valentim nascimento,Valentim Nascimento,434.031.741-62,BR,1439,1,5
3364,Esther das Neves,Esther das Neves,273.875.152-44,BR,1307,1,2
3365,Fernanda Lima,Fernanda Lima,241.418.328-56,BR,301,1,2
3366,Maria Isis Lseão,Maria Isis Leão,440.984.351-25,BR,1243,1,2
3367,João Gabriel Macedo,João Gabriel Macedo,149.216.433-47,BR,488,1,5
3368,C. Donnely,Carly Donnelly,GB37125189,GB,961,1,6
3369,Sra. Agatha Camargo,Agatha Camargo,399.727.146-45,BR,1533,1,3
3370,Davi Lucas Montenegro,Davi Lucas Montenegro,471.324.754-69,BR,357,1,4
3371,Ana Carolina Araújo,Ana Carolina Araújo,465.911.665-53,BR,531,1,6
3372,Bianca da Costa,Bianca da Costa,530.011.972-18,BR,386,1,2
3373,Ismael Galván,Ismael Galván,ES18376603,ES,1188,1,2
3374,Stephanie Elliott,Stephanie Elliott,US92148463,US,833,1,5
3375,M. HAYLEY MILES,Ms Hayley Miles,GB35486903,GB,1790,1,5
3376,Davi Silveira,Davi Silveira,319.520.585-27,BR,163,1,3
3377,Otto Gomes,Otto Gomes,280.483.279-78,BR,1403,1,4
3378,Shelly Spencer,Shelly Spencer,US97573396,US,569,1,6
3379,luiz otávio pastor,Luiz Otávio Pastor,834.286.397-87,BR,1554,1,3
3380,ARTHUR BORGES,Arthur Borges,717.545.588-45,BR,481,1,3
3381,Miguel Albuquerque,Miguel Albuquerque,782.922.169-95,BR,404,1,2
3382,Apolinar Jordi Carlos Mendez,Apolinar Jordi Carlos Mendez,ES18252004,ES,1155,1,3
3383,Nicholas Jones,Nicholas Jones,US47186960,US,1711,1,3
3384,Evelyn Martinez,Evelyn Martinez,US13516265,US,604,1,2
3385,brenda da paz,Brenda da Paz,807.740.649-30,BR,493,1,3
3386,N. Correia,Nicolas Correia,104.249.471-79,BR,1396,1,3
3387,Dra. Maria Vitória Martins,Dra. Maria Vitória Martins,886.596.413-52,BR,1268,1,5
3388,Vicente da Rosa,Vicente da Rosa,992.280.920-24,BR,446,1,3
3389,Arthur Borges,Arthur Borges,717.545.588-45,BR,481,1,3
3390,Mateus Almeida,Mateus Almeida,900.664.956-18,BR,1368,1,3
3391,Fernanda Vasconcelos,Fernanda Vasconcelos,364.722.900-20,BR,1299,1,3
3392,Maya Pereira,Maya Pereira,361.530.515-22,BR,156,1,4
3393,Lori  Simmons,Lori Simmons,US37868647,US,781,1,6
3394,Dr T. Cook,Dr Teresa Cook,GB48800598,GB,1876,1,2
3395,J. Anderson,Jordan Anderson,GB76805681,GB,857,1,5
3396,Clara Gomes,Clara Gomes,062.962.015-33,BR,342,1,4
3397,Vilma Gámez,Vilma Muñoz Gámez,ES11089747,ES,1182,1,4
3398,Joseph Williams,Joseph Williams,US80416822,US,830,1,4
3399,J. Miguel Mendes,José Miguel Mendes,113.055.488-51,BR,400,1,3
3400,Luiz Henrique Vieira,Luiz Henrique Vieira,803.928.272-29,BR,438,1,2
3401,J. Rhodes,Jason Rhodes,US67239162,US,561,1,2
3402,Agatha Silveira,Agatha Silveira,278.895.798-68,BR,50,1,4
3403,Ana Carolina Cardoso,Ana Carolina Cardoso,565.181.162-96,BR,1470,1,2
3404,June Khan,June Khan,GB60363964,GB,933,1,3
3405,Maria Lima,Maria Liz Lima,772.369.292-98,BR,448,1,5
3406,K. Bailey,Kathleen Bailey,GB93947919,GB,868,1,4
3407,Lancex Simpons,Lance Simmons,US40992396,US,611,1,5
3408,Daniel Barbosa,Daniel Barbosa,840.369.003-43,BR,132,1,5
3409,Lauren Jackson,Lauren Jackson,US17321129,US,689,1,6
3410,Rodrigo-Pires,Rodrigo Pires,272.858.128-31,BR,1502,1,3
3411,Lucca Cunha,Lucca Cunha,668.813.459-57,BR,1241,1,3
3412,S. Siqueira,Stephany Siqueira,148.631.027-12,BR,1309,1,4
3413,Andr? Costela,André Costela,973.502.080-21,BR,497,1,2
3414,Owen Kelly,Owen Kelly,GB11516293,GB,880,1,3
3415,Sr. Zachary Mendoza,Zachary Mendoza,US21771255,US,796,1,2
3416,Ms Sandrfa Ward,Ms Sandra Ward,GB64140800,GB,1863,1,4
3417,Lavinia Fonseca,Lavínia Fonseca,931.486.925-83,BR,1444,1,3
3418,Mr Daniel Spencer,Mr Daniel Spencer,GB51655640,GB,973,1,4
3419,Laís  Novaes,Laís Novaes,054.156.676-52,BR,166,1,5
3420,Alex Mason-Payne,Alex Mason-Payne,GB94039295,GB,1822,1,4
3421,M. Bishop,Melissa Bishop,US83337520,US,700,1,4
3422,Maya Viana,Maya Viana,282.166.121-71,BR,1418,1,2
3423,Aylla Souza,Aylla Souza,021.465.669-38,BR,463,1,3
3424,Hayley Roberts,Hayley Roberts,GB25377952,GB,1878,1,4
3425,Lorenzo-Viana,Lorenzo Viana,636.990.015-33,BR,1253,1,2
3426,Otto Moura,Otto Moura,184.498.926-65,BR,441,0,1
3427,James Gilbert,James Gilbert,US15168989,US,662,1,5
3428,Kathryn Williams,Kathryn Williams,US35481281,US,678,0,1
3429,Manuela Camargo,Manuela Camargo,176.936.763-20,BR,48,1,2
3430,Glen Duncan,Glen Duncan,GB12087828,GB,1832,1,3
3431,Zachary Mitchell,Zachary Mitchell,US34692904,US,625,0,1
3432,João Oliveira,João Lucas Oliveira,472.846.392-08,BR,473,1,4
3433,Diogo Rezende,Diogo Rezende,396.907.844-73,BR,183,1,3
3434,David,David Lopez,US60825385,US,729,1,5
3435,Caio Vasconcelos,Caio Vasconcelos,189.324.495-07,BR,1424,1,3
3436,Alan Wilson,Alan Wilson,GB51739205,GB,986,1,2
3437,Kevin Mendes,Kevin Mendes,706.077.028-59,BR,1493,1,4
3438,christine power-stone,Christine Power-Stone,GB46439766,GB,946,1,6
3439,Maria Helena Freitas,Maria Helena Freitas,268.608.185-18,BR,1452,1,3
3440,p. cassiano,Pedro Cassiano,960.391.782-32,BR,1336,1,5
3441,Wesley Green,Wesley Green,US36653973,US,1690,1,2
3442,Heloísa Vargas,Heloísa Vargas,473.829.973-76,BR,20,1,3
3443,Cecília da Conceição,Cecília da Conceição,898.562.575-32,BR,379,1,2
3444,Scott Davila,Scott Davila,US78714531,US,1561,1,5
3445,Dra. Clarice Pereira,Dra. Clarice Pereira,604.220.484-41,BR,1232,1,3
3446,G. Taylor,Gavin Taylor,GB36983916,GB,1809,1,3
3447,Melina Rocha,Melina Rocha,027.868.144-73,BR,173,1,5
3448,Colin Birch,Colin Birch,GB94181424,GB,910,1,6
3449,Paula Wiley,Paula Wiley,US49528544,US,1625,1,4
3450,Taylor Lewis,Taylor Lewis,US66340062,US,1734,1,2
3451,Joao Gabriel Macedo,João Gabriel Macedo,149.216.433-47,BR,488,1,5
3452,Sofia-Pereira,Sofia Pereira,986.430.098-18,BR,454,1,4
3453,Lucas Gabriel Dias,Lucas Gabriel Dias,623.091.307-56,BR,198,1,4
3454,Oliver Jones-Williamson,Oliver Jones-Williamson,GB65650977,GB,872,0,1
3455,Lewis Wright,Lewis Wright,GB81898750,GB,1870,1,5
3456,João Miguel Monteiro,João Miguel Monteiro,507.753.637-66,BR,1387,1,4
3457,Pedro Lucas Azevedo,Pedro Lucas Azevedo,906.048.058-92,BR,526,1,6
3458,Cynthia,Cynthia Vang,US51473062,US,575,1,4
3459,Bárbara Ramos,Bárbara Ramos,251.355.215-70,BR,337,1,5
3460,Kevin Mendes,Kevin Mendes,706.077.028-59,BR,1493,1,4
3461,Larissa Vargas,Larissa Vargas,401.324.655-94,BR,1544,1,3
3462,Deborha Reeves,Deborah Reeves,GB93650413,GB,849,1,6
3463,Nicoel Young,Nicole Young,US23733848,US,1591,1,3
3464,Andrew Harper Jr.,Andrew Harper,US90693921,US,772,1,3
3465,Maria Laura da Mota,Maria Laura da Mota,557.941.552-16,BR,389,1,4
3466,dr irene gilbert,Dr Irene Gilbert,GB85825317,GB,919,1,3
3467,Jeremy Scott II,Jeremy Scott,US89230801,US,709,1,3
3468,Pedro Miguel Freitas,Pedro Miguel Freitas,404.625.901-93,BR,1314,1,4
3469,evelyn Williams,Evelyn Williams,US50714693,US,595,1,2
3470,J. Almeida,Juan Almeida,045.561.100-22,BR,388,1,3
3471,Denise Martinez,Denise Martinez,US70516875,US,705,1,5
3472,J. Alves,Juliana Alves,428.434.795-52,BR,476,1,3
3473,Daniela Vieira,Daniela Vieira,374.813.698-19,BR,1505,1,3
3474,Larry iones II,Larry Jones,US83024777,US,1695,1,4
3475,Sabrina Ward,Sabrina Ward,US54409799,US,1689,1,4
3476,John Hunt,John Hunt,US64309199,US,1587,1,3
3477,Robert George,Robert George,US31698875,US,1589,1,5
3478,Ravi Lucca Cardoso,Ravi Lucca Cardoso,684.145.933-27,BR,214,1,4
3479,Mohammad Gould,Mohammad Gould,GB12047721,GB,1016,1,4
3480,Julia Duarte,Julia Duarte,828.666.312-46,BR,1378,1,3
3481,Mr Elliot Jones,Mr Elliot Jones,GB55357116,GB,902,1,5
3482,Daeiela da Mata,Daniela da Mata,098.851.656-04,BR,124,1,3
3483,Lucas Gabriel Vasconcelos,Lucas Gabriel Vasconcelos,650.948.014-13,BR,515,1,3
3484,Natália Santos,Natália Santos,666.870.021-76,BR,244,1,2
3485,Darrell Mosley,Darrell Mosley,US37185334,US,1671,1,3
3486,samanta barbkero villalba,Samanta Barbero Villalba,ES83670115,ES,1190,1,3
3487,Ekkehart Junken,Ekkehart Junken,DE58781345,DE,1077,0,1
3488,Erick Melo,Erick Melo,199.062.344-56,BR,315,1,2
3489,M. Mark Conway,Mr Mark Conway,GB55706698,GB,1796,1,3
3490,Antonie Beyer,Antonie Beyer,DE81603135,DE,1059,1,5
3491,Dietrich,Dietrich Hauffer,DE24217270,DE,1043,1,6
3492,Luiz G. Castro,Luiz Gustavo Castro,987.091.799-95,BR,1321,1,2
3493,T. Johnson,Timothy Johnson,US76926628,US,758,1,4
3494,Oxana Sauer,Oxana Sauer,DE81503899,DE,1107,1,6
3495,E. James,Ellie James,GB69562350,GB,963,1,5
3496,Gabrielly da Lz,Gabrielly da Luz,056.320.217-66,BR,1267,1,3
3497,Dawn Mullins,Dawn Mullins,US27655789,US,602,0,1
3498,laís novaes,Laís Novaes,054.156.676-52,BR,166,1,5
3499,Alana Lima,Alana Lima,717.641.845-78,BR,1214,1,2
3500,Bruno da  Conceição,Bruno da Conceição,311.656.670-10,BR,21,1,5
3501,Maria L. Rocha,Maria Liz Rocha,270.653.794-73,BR,151,1,3
3502,Trevor Williams,Trevor Williams,US48187467,US,1700,1,2
3503,Sr. Robert Jackson,Robert Jackson,US71114408,US,809,1,3
3504,HADASSA MONTENEGRO,Hadassa Montenegro,352.904.228-42,BR,115,1,5
3505,rafaela martins,Rafaela Martins,614.293.968-56,BR,247,1,4
3506,Ainara nebot mateo,Ainara Nebot Mateo,ES78507933,ES,1184,1,3
3507,Sra. Colleen Wright,Colleen Wright,US69895766,US,745,1,2
3508,ms margaret frost,Ms Margaret Frost,GB37539747,GB,979,1,3
3509,Maria Alice Araújo,Maria Alice Araújo,015.814.491-47,BR,425,1,2
3510,Francesca Holmes,Francesca Holmes,GB52295771,GB,1843,1,3
3511,Bruna Brito,Bruna Brito,202.590.947-98,BR,415,1,2
3512,Hadassa Montenegro,Hadassa Montenegro,835.623.205-25,BR,1506,1,2
3513,Mohamed Axli,Mohamed Ali,GB58414596,GB,1816,1,2
3514,Alexandre da Mota,Alexandre da Mota,775.478.129-14,BR,434,1,2
3515,A Henry,Amber Henry,US46671095,US,1645,1,2
3516,O. Gomes,Otto Gomes,280.483.279-78,BR,1403,1,4
3517,Stephanie Spears,Stephanie Spears,US67520631,US,1675,1,4
3518,Michael Cooper,Michael Cooper,US37223861,US,639,1,3
3519,D. Bush,Daniel Bush,US65506990,US,703,1,3
3520,Mr Reece,Mr Reece Lewis,GB77913458,GB,964,1,4
3521,Amy Akhtar-Faulkner,Amy Akhtar-Faulkner,GB87496999,GB,925,1,2
3522,Steven Stone-Ward,Steven Stone-Ward,GB54360949,GB,901,1,4
3523,F. Krueger Filho,Felicia Krueger,US50056146,US,794,1,3
3524,rafaela martins,Rafaela Martins,614.293.968-56,BR,247,1,4
3525,Emanuel Vieira,Emanuel Vieira,401.965.569-81,BR,41,1,2
3526,MARIA LIMA,Maria Lima,361.832.421-02,BR,80,1,5
3527,Mr. Lucca Pinto,Lucca Pinto,933.334.680-07,BR,363,1,3
3528,Isadora Cavalcanti,Isadora Cavalcanti,190.290.135-87,BR,1346,1,3
3529,Taylor Carlson,Taylor Carlson,US84804948,US,585,1,3
3530,Luiz Felipe Gomes,Luiz Felipe Gomes,463.546.481-96,BR,1363,1,3
3531,Arthur Miguel Camargo,Arthur Miguel Camargo,624.752.276-68,BR,1221,1,3
3532,D. Luiz Teixeira,Davi Luiz Teixeira,632.729.518-17,BR,1203,1,3
3533,Michelle Brown,Michelle Brown,US68052555,US,1759,1,4
3534,ING. FREDY MATTHÄI,Ing. Fredy Matthäi,DE91126594,DE,1095,1,4
3535,Heitor Cassiano,Heitor Cassiano,292.961.112-42,BR,1209,1,4
3536,Laurie Sanchez,Laurie Sanchez,US22103709,US,712,1,3
3537,Mrs Sara Clark,Mrs Sara Clark,GB84828728,GB,1853,1,5
3538,B. Machado,Bento Machado,070.164.510-46,BR,537,1,5
3539,Davi Lucca Machado,Davi Lucca Machado,495.205.958-36,BR,1277,1,2
3540,Consuela Micaela Calvet Valderrama,Consuela Micaela Calvet Valderrama,ES99872888,ES,1131,0,1
3541,H. Thomas,Hayden Thomas,US55525274,US,1568,1,5
3542,Melina-Rocha,Melina Rocha,027.868.144-73,BR,173,1,5
3543,Henry Cassiano,Henry Cassiano,471.640.827-40,BR,1478,1,4
3544,Larissa Melo,Larissa Melo,978.819.148-58,BR,279,1,6
3545,ANTHONY GONZALES,Anthony Gonzales,US92074794,US,656,1,3
3546,Justin Green III,Justin Green III,US60191981,US,624,0,1
3547,Howard Hewitt-Clarke,Howard Hewitt-Clarke,GB23490445,GB,1776,1,4
3548,Dawn Alexander Jr.,Dawn Alexander,US78546837,US,1600,1,3
3549,R. Hicks,Rebecca Hicks,US40369856,US,632,1,3
3550,LUAN VIEIRA,Luan Vieira,717.099.917-38,BR,372,1,4
3551,Sara Gonçalves,Sara Gonçalves,449.353.487-40,BR,33,0,1
3552,Bella d. Neves,Bella das Neves,141.071.733-53,BR,1402,1,2
3553,Ing. Carl,Ing. Carl Weiß,DE46379997,DE,1026,1,3
3554,Melina teixeira,Melina Teixeira,803.965.223-95,BR,329,1,4
3555,Letícia Nascimento,Letícia Nascimento,304.508.583-77,BR,1525,1,5
3556,Mrs Michelle Hilton,Mrs Michelle Hilton,GB83818891,GB,889,1,5
3557,Casey Hernandez,Casey Hernandez,US66315301,US,742,1,2
3558,William Mendoza,William Mendoza,US40770731,US,1602,1,2
3559,Alexis Harris Jr.,Alexis Harris,US20657547,US,771,1,3
3560,Jennifer Myers,Jennifer Myers,US21905349,US,1726,1,3
3561,Ms-Sandra Ward,Ms Sandra Ward,GB64140800,GB,1863,1,4
3562,Rafael Duarte,Rafael Duarte,065.180.170-46,BR,220,1,3
3563,james webster,James Webster,US29898606,US,784,1,3
3564,Yasmin Luz,Yasmin da Luz,566.844.537-85,BR,1462,1,2
3565,Sabina Echevarría-Pineda,Sabina Echevarría-Pineda,ES83085160,ES,1127,1,6
3566,EMMA OWENS,Emma Owens,US80495248,US,660,1,4
3567,I. da Luz,Isabella da Luz,200.471.138-26,BR,110,1,3
3568,Shelley Miller,Shelley Miller,US48759467,US,746,1,2
3569,Christine Holmes,Christine Holmes,US89128552,US,1597,1,2
3570,Nathan Renolds,Nathan Reynolds,GB80107942,GB,983,1,3
3571,Pio Benavides Buendia,Pío Benavides Buendía,ES51343854,ES,1144,1,3
3572,Brent  iller,Brent Miller,US32998516,US,1686,1,5
3573,H. Cavalcanti,Hellena Cavalcanti,592.555.625-88,BR,185,1,5
3574,LARRY HARRIS,Larry Harris,US16580878,US,797,1,4
3575,Daniel Casa Grande,Daniel Casa Grande,903.308.853-97,BR,1308,1,2
3576,Stephen Coles,Stephen Coles,GB86635858,GB,937,0,1
3577,M. Moody,Marie Moody,US28153282,US,577,1,2
3578,Léo  Nogueira,Léo Nogueira,665.061.809-19,BR,424,1,2
3579,Rocío Gomis Cánovas,Rocío Gomis Cánovas,ES84502610,ES,1140,0,1
3580,Emma Smith,Emma Smith,US83185562,US,1677,1,3
3581,Maysa Fernandes,Maysa Fernandes,078.361.340-74,BR,280,1,3
3582,Declan Willis,Declan Willis,GB25278911,GB,892,1,2
3583,Mark Bridges,Mark Bridges,US22389273,US,1595,1,2
3584,John Wong,John Wong,US81470374,US,1615,1,4
3585,Mrsa Taylor Carlson,Taylor Carlson,US84804948,US,585,1,3
3586,Antonino Gumprich,Antonino Gumprich,DE57169588,DE,1089,1,3
3587,Rebecca Campbell,Rebecca Campbell,US63409268,US,1607,1,2
3588,Rachel Holland,Rachel Holland,US84482698,US,543,1,2
3589,Henry,Henry Gabriel Rezende,100.233.594-10,BR,1246,1,3
3590,MIRELLA FREITAS,Mirella Freitas,886.153.355-54,BR,417,1,5
3591,Mariah Barros,Mariah Barros,721.837.801-57,BR,1223,1,2
3592,R. Richardson,Robert Richardson,US71920968,US,684,1,3
3593,Ms Hayley Miles,Ms Hayley Miles,GB35486903,GB,1790,1,5
3594,diogo da costa,Diogo da Costa,855.665.939-83,BR,519,1,4
3595,Mr Reece Griffiths,Mr Reece Griffiths,GB41739529,GB,1833,1,2
3596,Nathaniel Douglas,Nathaniel Douglas,US40277197,US,545,0,1
3597,B. Miller,Brent Miller,US32998516,US,1686,1,5
3598,Rodrigo-Barbosa,Rodrigo Barbosa,455.758.416-18,BR,1559,1,4
3599,Lawrence Harrington,Lawrence Harrington,US20667011,US,617,1,4
3600,Dr Douncan Wilson,Dr Duncan Wilson,GB52478375,GB,845,1,6
3601,A. May,Angel May,US15613827,US,651,1,5
3602,JULIANA OLIVEIRA,Juliana Oliveira,386.571.918-26,BR,314,1,5
3603,Clarice,Clarice Monteiro,653.074.505-44,BR,356,1,3
3604,Arthur M. Montenegro,Arthur Miguel Montenegro,751.781.799-20,BR,1337,1,4
3605,C. Gill,Chelsea Gill,US87590290,US,792,1,6
3606,Juliana Oliveira,Juliana Oliveira,386.571.918-26,BR,314,1,5
3607,IsadorauPacheco,Isadora Pacheco,095.214.562-32,BR,105,1,4
3608,Guilherme Camargo,Guilherme Camargo,595.672.730-77,BR,1560,1,4
3609,Dr. Mrs Lucy Roberts,Mrs Lucy Roberts,GB16824798,GB,1825,1,3
3610,Mr. João Vitor Almeida,João Vitor Almeida,894.570.119-77,BR,1541,1,3
3611,Owen Kelly,Owen Kelly,GB11516293,GB,880,1,3
3612,Kevin Barros,Kevin Barros,466.711.684-57,BR,285,0,1
3613,Pedro Cassiano,Pedro Cassiano,960.391.782-32,BR,1336,1,5
3614,Stephen Evans,Stephen Evans,US98480618,US,1701,1,4
3615,Dr. David Russell,David Russell,US57489235,US,1643,1,5
3616,Edward Patterson,Edward Patterson,US55573713,US,1724,1,2
3617,Howard Bennett,Howard Bennett,GB50303435,GB,887,0,1
3618,Vicente da,Vicente da Rosa,992.280.920-24,BR,446,1,3
3619,Heloísa-Vargas,Heloísa Vargas,473.829.973-76,BR,20,1,3
3620,MR DANIEL SPENCER,Mr Daniel Spencer,GB51655640,GB,973,1,4
3621,Aurora Andrade,Aurora Andrade,687.463.734-80,BR,1303,1,4
3622,Dra. Carolina da Mota,Dra. Carolina da Mota,966.278.282-74,BR,275,1,3
3623,MATHIAS FERNANDES,Mathias Fernandes,753.046.374-54,BR,212,1,5
3624,Thiago Ramos,Thiago Ramos,008.484.086-21,BR,241,0,1
3625,Deborah-Reeves,Deborah Reeves,GB93650413,GB,849,1,6
3626,Pedro Miguel Peixoto,Pedro Miguel Peixoto,899.430.141-90,BR,1219,1,2
3627,Martyn Harrison,Martyn Harrison,GB45201144,GB,1769,1,2
3628,Esther d. Cunha,Esther da Cunha,328.986.143-41,BR,158,1,4
3629,Bernardo-Rocha,Bernardo Rocha,406.409.097-43,BR,103,1,2
3630,Asana Lima,Alana Lima,717.641.845-78,BR,1214,1,2
3631,Michelle Geren,Michelle Green,GB92448605,GB,852,1,2
3632,Dr Dominic Barrett,Dr Dominic Barrett,GB95565708,GB,1765,1,2
3633,Emilly Aragão,Emilly Aragão,718.707.286-79,BR,218,1,2
3634,Joao M. Monteiro,João Miguel Monteiro,507.753.637-66,BR,1387,1,4
3635,Luiz Henrique Costela,Luiz Henrique Costela,529.751.613-69,BR,136,1,3
3636,João  Castro,João Castro,229.014.767-97,BR,130,1,4
3637,Tracy Montoya,Tracy Montoya,US27686156,US,567,1,3
3638,Samuel-da Conceição,Samuel da Conceição,773.209.622-98,BR,1467,1,3
3639,Gustavo Henrique Pires,Gustavo Henrique Pires,467.131.186-95,BR,1436,1,4
3640,Laura Hernandez,Laura Hernandez,US25777827,US,749,1,2
3641,Amanda Cardoso,Amanda Cardoso,639.427.881-65,BR,437,0,1
3642,ANA LAURA CARDOSO,Ana Laura Cardoso,912.275.459-09,BR,1231,1,4
3643,Erick,Erick Camargo,693.084.887-25,BR,436,1,2
3644,Oliver da Conceição,Oliver da Conceição,151.065.025-55,BR,1295,1,3
3645,Luiz Otávio Pastor,Luiz Otávio Pastor,834.286.397-87,BR,1554,1,3
3646,Antonie Beyer,Antonie Beyer,DE81603135,DE,1059,1,5
3647,Johnny Khan,Johnny Khan,US42980201,US,668,1,2
3648,Brandon Fleming,Brandon Fleming,US73598657,US,628,1,2
3649,Declan Fox,Declan Fox,GB92677226,GB,897,1,3
3650,Jonathan G. MD,Jonathan Glass MD,US45817693,US,607,1,2
3651,Mateus Lopes,Mateus Lopes,672.292.544-30,BR,1530,1,3
3652,Dipl.-Ing. Hans-Erich Schäfer MBA.,Dipl.-Ing. Hans-Erich Schäfer MBA.,DE89558393,DE,1051,1,6
3653,Kevin Phillips,Kevin Phillips,GB25682621,GB,942,1,3
3654,Ashle Wise,Ashley Wise,US40524866,US,556,1,4
3655,christina David,Christina David,US41769162,US,1577,1,3
3656,Lívia Monteiro,Lívia Monteiro,463.746.745-79,BR,1354,1,3
3657,Dr Irene Gilbert,Dr Irene Gilbert,GB85825317,GB,919,1,3
3658,Ana Cecilia Ferreira,Ana Cecília Ferreira,006.231.203-87,BR,239,1,2
3659,Jeffrey Menedz,Jeffrey Mendez,US25889673,US,587,1,5
3660,Srta. B. Vasconcelos,Srta. Bianca Vasconcelos,647.102.767-73,BR,184,1,3
3661,Margaret Smith II,Margaret Smith,US52560756,US,1672,1,2
3662,JILL HUGHES,Jill Hughes,US37127138,US,1748,1,4
3663,L. Andrade,Laís Andrade,897.927.373-40,BR,1447,1,2
3664,william harrison,William Harrison,US31654047,US,801,1,2
3665,M. Fernandes,Mirella Fernandes,558.771.694-72,BR,483,1,5
3666,Brianna Mccormick,Brianna Mccormick,US30609738,US,1752,1,3
3667,Brenda Fields,Brenda Fields,US46827234,US,1760,1,4
3668,Maria-Barbosa,Maria Clara Barbosa,302.848.620-55,BR,1298,1,4
3669,Bernardo Montenegro,Bernardo Montenegro,477.591.009-12,BR,1252,1,5
3670,Robert Harrison,Robert Harrison,US54195849,US,564,1,3
3671,Mariab Liz Lima,Maria Liz Lima,772.369.292-98,BR,448,1,5
3672,Maria Liz,Maria Liz Fernandes,310.060.530-42,BR,1242,1,3
3673,Steven Rivera,Steven Rivera,US80994013,US,838,1,3
3674,Laura Vasconcelos,Laura Vasconcelos,169.797.296-59,BR,391,1,4
3675,André assiano,André Cassiano,776.549.412-99,BR,1500,1,2
3676,Bernarda Zamolra Andres,Bernarda Zamora Andres,ES10113187,ES,1192,1,5
3677,Stephen Harris,Stephen Harris,US33978100,US,1732,1,4
3678,Diane peyes,Diane Reyes,US82777382,US,566,1,5
3679,Davi Lucas iVana,Davi Lucas Viana,878.141.413-97,BR,430,1,3
3680,Júliaa Pimenta,Júlia Pimenta,391.162.869-23,BR,1324,1,5
3681,Gustavo,Gustavo Henrique Rios,326.773.602-60,BR,24,1,2
3682,M. Barbosa,Melissa Barbosa,826.334.220-44,BR,1338,1,5
3683,Kevin Mebdes,Kevin Mendes,706.077.028-59,BR,1493,1,4
3684,Brett Evans,Brett Evans,GB53476321,GB,890,1,4
3685,João Pedro das Peixoto,João Pedro Peixoto,141.633.565-88,BR,468,1,2
3686,Gabriel Cruz Neto,Gabriel Cruz,US38236118,US,1751,1,4
3687,Davi L. Teixeira,Davi Luiz Teixeira,632.729.518-17,BR,1203,1,3
3688,Marina cirino,Marina Cirino,408.714.427-50,BR,1479,1,3
3689,Vitor Hugo Fonseca,Vitor Hugo Fonseca,801.994.883-75,BR,398,1,2
3690,Univ.Prof. Gebhard Ortmann,Univ.Prof. Gebhard Ortmann MBA.,DE27098533,DE,1097,1,6
3691,CortneyHayes,Courtney Hayes,US37153619,US,573,1,2
3692,Jovita T. Landa,Jovita Torrijos Landa,ES22151134,ES,1156,1,5
3693,Ana Cecíia da Mata,Ana Cecília da Mata,734.341.533-64,BR,1213,1,3
3694,Sra. Emanuel Cardoso,Emanuel Cardoso,927.447.239-40,BR,1317,1,2
3695,Scott Knapp,Scott Knapp,US39528997,US,1663,1,3
3696,Pedro Fonseac,Pedro Fonseca,156.793.341-01,BR,243,1,4
3697,S. Davila,Scott Davila,US78714531,US,1561,1,5
3698,Bernaredo Pastor,Bernardo Pastor,101.377.995-06,BR,1391,1,3
3699,Leon-Kirby,Leon Kirby,GB95745109,GB,1000,1,2
3700,Darren Swift,Darren Swift,GB53789701,GB,1862,1,5
3701,Leon Kirby,Leon Kirby,GB95745109,GB,1000,1,2
3702,Jeanette  Harrison,Jeanette Harrison,US13957187,US,591,1,2
3703,O. da Rocha,Olivia da Rocha,364.037.613-79,BR,297,1,3
3704,Marilyn Wang,Marilyn Wang,US91594977,US,652,1,3
3705,Ann Wilkinson,Ann Wilkinson,GB85111698,GB,1018,1,2
3706,Ana S. Montenegro,Ana Sophia Montenegro,973.169.322-73,BR,1239,1,2
3707,Alicia Jensen,Alicia Jensen,US70599168,US,1598,1,2
3708,M. Luiza Silveira,Maria Luiza Silveira,990.453.017-42,BR,213,1,6
3709,Bella das Neves,Bella das Neves,141.071.733-53,BR,1402,1,2
3710,Mariah-Nascimento,Mariah Nascimento,067.240.049-91,BR,208,1,3
3711,Mr Patel,Mr Ben Patel,GB54800838,GB,875,1,5
3712,Dale Parker,Dale Parker,US96067983,US,1716,1,4
3713,Ashlee Warner,Ashlee Warner,US61403671,US,1580,1,2
3714,H. Câmara,Heitor Câmara,259.077.982-71,BR,1372,1,3
3715,Fernando Andrade,Fernando Andrade,624.843.700-53,BR,1244,1,3
3716,Leandro Moura,Leandro Moura,159.078.152-26,BR,1364,1,3
3717,Mr Roger Turnbull,Mr Roger Turnbull,GB97067291,GB,1807,1,2
3718,OLÍVIA OVAES,Olívia Novaes,966.319.314-91,BR,62,1,5
3719,Herma Röhrdanz B.A.,Herma Röhrdanz B.A.,DE14552711,DE,1881,1,3
3720,Miguel Albuquerque,Miguel Albuquerque,782.922.169-95,BR,404,1,2
3721,Janice-Ellis,Janice Ellis,GB57493391,GB,850,1,4
3722,Ayla Farias Neto,Ayla Farias,672.656.729-73,BR,1551,1,5
3723,Heoísa Novais,Heloísa Novais,712.903.645-52,BR,1293,1,4
3724,Alexander Brown,Alexander Brown,US28536762,US,574,1,4
3725,Jillian Mckinney,Jillian Mckinney,US65097419,US,1707,1,3
3726,Carly Donnelly,Carly Donnelly,GB37125189,GB,961,1,6
3727,Gael Correia,Gael Correia,742.967.175-65,BR,84,0,1
3728,Grcae Barber,Grace Barber,GB47642707,GB,930,1,5
3729,Thomas aSntos,Thomas Santos,626.765.861-79,BR,339,1,4
3730,Agtha Cavalmanti,Agatha Cavalcanti,417.992.777-21,BR,1553,1,4
3731,Mariah Barros,Mariah Barros,721.837.801-57,BR,1223,1,2
3732,Nancy Scholtz,Nancy Scholtz,DE90010054,DE,1050,1,2
3733,Enrico Fernandes,Enrico Fernandes,601.120.311-11,BR,1305,1,2
3734,gabrielly azevedo,Gabrielly Azevedo,552.314.913-57,BR,431,1,6
3735,Dietrich Hauffer,Dietrich Hauffer,DE24217270,DE,1043,1,6
3736,Prof. Maria Luísa Farias,Maria Luísa Farias,437.575.844-19,BR,202,1,4
3737,Glauco Priego Cabrero,Glauco Priego Cabrero,ES67867771,ES,1123,1,4
3738,Theodoro da Conceição,Theodoro da Conceição,955.798.291-16,BR,1415,1,3
3739,Ainara Nebot,Ainara Nebot Mateo,ES78507933,ES,1184,1,3
3740,MEHAN RUSH,Meghan Rush,US77420864,US,620,1,5
3741,E. Bauzà,Edelmiro Bauzà,ES25344154,ES,1135,1,5
3742,Davi,Davi Lucas Montenegro,471.324.754-69,BR,357,1,4
3743,G. Richardson,George Richardson,GB95564277,GB,878,1,6
3744,Dra. Iasdora Gomes,Dra. Isadora Gomes,914.499.337-78,BR,1249,1,2
3745,A. del Ayuso,Alcides del Ayuso,ES58216998,ES,1194,1,4
3746,Zdenka Weinhold B.Sc.,Zdenka Weinhold B.Sc.,DE72504573,DE,1061,1,2
3747,Keith Mcclain,Keith Mcclain,US89006116,US,1636,1,2
3748,BRENDA WRIGHT,Brenda Wright,US37750491,US,568,1,3
3749,Yuri Teixeira,Yuri Teixeira,989.921.722-33,BR,350,1,5
3750,dr stephen thomson,Dr Stephen Thomson,GB91717739,GB,844,1,3
3751,Feliciano J. Calvo,Feliciano Julián Calvo,ES69755911,ES,1142,1,6
3752,Lorena Nunes,Lorena Nunes,520.643.611-03,BR,290,1,4
3753,Sr. Sally Gray,Sally Gray,GB14183991,GB,931,1,4
3754,S. Bianca Vasconcelos,Srta. Bianca Vasconcelos,647.102.767-73,BR,184,1,3
3755,Iwan Meuyer,Iwan Meyer,DE32988138,DE,1031,1,3
3756,Clarice Monteiro,Clarice Monteiro,653.074.505-44,BR,356,1,3
3757,Donna Rhodes,Donna Rhodes,GB91294213,GB,938,1,2
3758,Allana Almeida,Allana Almeida,943.680.205-72,BR,1397,1,3
3759,João Lucas Oliveira,João Lucas Oliveira,472.846.392-08,BR,473,1,4
3760,HELEN WRIGHT,Helen Wright,GB51940463,GB,996,1,5
3761,Maria Helzena Cunha,Maria Helena Cunha,514.622.720-80,BR,1515,1,3
3762,Jason Morgan,Jason Morgan,US13954845,US,542,1,2
3763,Martin Edwards,Martin Edwards,GB44147341,GB,884,1,3
3764,Martin Querol Arias,Martin Querol Arias,ES88212291,ES,1181,1,3
3765,LUÍSA BRITO,Luísa Brito,137.367.850-82,BR,358,1,3
3766,Denise Hopper,Denise Hooper,GB93610257,GB,1017,1,3
3767,Bruna-Ferreira,Bruna Ferreira,642.400.825-47,BR,492,1,4
3768,Sally Gray,Sally Gray,GB14183991,GB,931,1,4
3769,Fernando Casa,Fernando Casa Grande,270.267.288-57,BR,479,1,4
3770,Maria Câmara,Maria Cecília Câmara,563.421.607-33,BR,38,1,4
3771,H. Gute-Seifert,Hassan Gute-Seifert,DE23815327,DE,1099,1,4
3772,Sara Patel,Sara Patel,GB76743663,GB,1779,1,3
3773,Pedro  Conceição,Pedro Miguel da Conceição,291.605.563-82,BR,1245,1,4
3774,Jatnet Hill,Janet Hill,GB54733393,GB,990,1,3
3775,Margaret Law,Margaret Law,GB16266393,GB,1819,1,4
3776,Maria Luiza Teixeira,Maria Luiza Teixeira,999.250.563-42,BR,1229,1,5
3777,Sandra,Sandra Rodgers,US21783647,US,551,1,5
3778,Eloá Nascimento,Eloá Nascimento,098.050.097-88,BR,26,1,2
3779,nathan da mata,Nathan da Mata,086.353.654-19,BR,308,1,3
3780,M. Cecília Câmara,Maria Cecília Câmara,563.421.607-33,BR,38,1,4
3781,LUCCA CAMARGO,Lucca Camargo,027.261.493-31,BR,401,1,3
3782,Dietrich Beier-Röhrdanz,Dietrich Beier-Röhrdanz,DE16808353,DE,1038,1,2
3783,Thoams Melo,Thomas Melo,947.312.172-71,BR,174,1,4
3784,Mrs-Lynn Doherty,Mrs Lynn Doherty,GB87383284,GB,1778,1,4
3785,Sr. Breno Ramos,Breno Ramos,559.042.597-92,BR,532,1,5
3786,PAULA WILEY,Paula Wiley,US49528544,US,1625,1,4
3787,Ann Wilkinson Jr,Ann Wilkinson,GB85111698,GB,1018,1,2
3788,Anacleto Mreino Vleázquez,Anacleto Merino Velázquez,ES17130627,ES,1191,1,3
3789,Bernardo Pastor,Bernardo Pastor,101.377.995-06,BR,1391,1,3
3790,Zachary Massey,Zachary Massey,US42624697,US,1574,1,3
3791,Maria Helena Rocha,Maria Helena Rocha,845.115.447-96,BR,168,1,4
3792,AUGUSTO VARGAS,Augusto Vargas,110.813.655-15,BR,1536,1,5
3793,Melissa Carvalho,Melissa Carvalho,512.567.468-07,BR,85,0,1
3794,Samanhta Gardner,Samantha Gardner,US86107235,US,609,1,3
3795,Phillip Nelson,Phillip Nelson,US87984620,US,571,1,6
3796,Lucas Gabriel Viana,Lucas Gabriel Viana,411.998.679-80,BR,142,1,4
3797,bruna Gomes,Bruna Gomes,047.277.901-04,BR,157,1,4
3798,Joann Ferguson,Joann Ferguson,US91251236,US,563,0,1
3799,Sr. Keith Rodriguez,Keith Rodriguez,US61551334,US,725,1,2
3800,Jordan Nelson,Jordan Nelson,US22102493,US,1599,1,3
3801,Henry Cassiano,Henry Cassiano,471.640.827-40,BR,1478,1,4
3802,Maria Clara Castro,Maria Clara Castro,473.178.108-01,BR,23,1,3
3803,R. Lucca Sales,Ravi Lucca Sales,800.030.756-22,BR,307,1,2
3804,Brayan Ramos,Brayan Ramos,106.421.763-55,BR,1373,1,5
3805,J. Miah,James Miah,GB50723383,GB,1861,1,2
3806,Nicole Vasconcelos,Nicole Vasconcelos,544.395.192-77,BR,1526,1,4
3807,Gregory Hill,Gregory Hill,US70899748,US,768,1,3
3808,YanSilva,Yan Silva,068.650.863-76,BR,452,1,4
3809,Danilo Mendonça,Danilo Mendonça,954.546.293-48,BR,1296,1,2
3810,Mr. Kevin Phillips,Kevin Phillips,GB25682621,GB,942,1,3
3811,Katherina Zorbach,Katherina Zorbach,DE63796676,DE,1109,1,5
3812,Maria Nunes,Maria Sophia Nunes,074.329.271-29,BR,375,1,3
3813,Dra. Maria Julia Leão,Dra. Maria Julia Leão,428.471.664-94,BR,1278,1,4
3814,Rodrigo Nunes,Rodrigo Nunes,425.202.988-56,BR,1521,1,4
3815,Sabina Echevarría-Pineda Filho,Sabina Echevarría-Pineda,ES83085160,ES,1127,1,6
3816,aylla vibana,Aylla Viana,809.797.949-48,BR,1311,1,4
3817,Constanza Ainara Zurita Tejedor,Constanza Ainara Zurita Tejedor,ES61514973,ES,1118,1,2
3818,Asafe-Cnuha,Asafe Cunha,092.368.731-05,BR,1543,1,4
3819,Ana C. Pinto,Ana Cecília Pinto,858.842.474-51,BR,106,1,5
3820,Bruna da Mata,Bruna da Mata,868.913.560-14,BR,1379,1,5
3821,Eduarda da Cruz,Eduarda da Cruz,485.595.735-96,BR,1511,1,2
3822,M. Reece Lewis,Mr Reece Lewis,GB77913458,GB,964,1,4
3823,Dominic Harris-Holloway,Dominic Harris-Holloway,GB36918105,GB,1003,1,5
3824,Lucas Gabriel,Lucas Gabriel Viana,411.998.679-80,BR,142,1,4
3825,Dr J. Thomas,Dr Jay Thomas,GB64254032,GB,1823,1,4
3826,Manuela Viana,Manuela Viana,310.324.171-46,BR,345,1,3
3827,Ravi Aragão,Ravi Aragão,463.656.018-83,BR,1217,1,2
3828,Richad Taylor,Richard Taylor,GB55520266,GB,932,1,6
3829,Mrs Amy Holden,Mrs Amy Holden,GB36040330,GB,900,1,2
3830,Fernanda Cassiano,Fernanda Cassiano,036.690.967-05,BR,54,1,3
3831,Amber Patel,Amber Patel,GB84275741,GB,1866,1,2
3832,Ramón Talavera Leiva,Ramón Talavera Leiva,ES92072899,ES,1183,0,1
3833,Hellena Cavalcanti,Hellena Cavalcanti,592.555.625-88,BR,185,1,5
3834,João Ribeiro,João Ribeiro,426.221.890-92,BR,293,1,2
3835,dra. beatriz siqueira,Dra. Beatriz Siqueira,247.914.942-02,BR,1446,1,2
3836,Amy Gordon,Amy Gordon,US42844845,US,775,1,2
3837,Dr Abdul Sims,Dr Abdul Sims,GB78006730,GB,888,1,3
3838,E. Boyd,Eugene Boyd,US44717734,US,1729,1,3
3839,Melissa Castro,Melissa Castro,849.912.165-58,BR,192,0,1
3840,M. Leigh Hayes,Mr Leigh Hayes,GB82170808,GB,1795,1,2
3841,Rouven Mude,Rouven Mude,DE50549608,DE,1106,1,2
3842,Debra,Debra Kay,GB31388969,GB,1857,1,5
3843,Geraldo A. Roma,Geraldo Acevedo Roma,ES76343171,ES,1152,1,5
3844,Malena Tudela-Corral,Malena Tudela-Corral,ES53943990,ES,1151,0,1
3845,Michael Roberts,Michael Roberts,US65497046,US,1684,1,3
3846,Clara Gomes,Clara Gomes,062.962.015-33,BR,342,1,4
3847,Ing. Fredy Matthäi,Ing. Fredy Matthäi,DE91126594,DE,1095,1,4
3848,Courtney Kelly,Courtney Kelly,US85107933,US,1757,1,2
3849,Isis Marques,Isis Marques,891.411.739-34,BR,384,1,3
3850,Brett Evasn,Brett Evans,GB53476321,GB,890,1,4
3851,Karen Carroll,Karen Carroll,US18667288,US,1611,1,2
3852,Kim Morrow,Kim Morrow,US73848982,US,767,1,5
3853,isabel jesus,Isabel Jesus,503.465.807-47,BR,1262,1,3
3854,J. Brooks,Jonathan Brooks,US53328415,US,815,1,2
3855,Sr. Mr Elliot Jones,Mr Elliot Jones,GB55357116,GB,902,1,5
3856,Ana J. Rocha,Ana Julia Rocha,611.178.006-81,BR,487,1,4
3857,Jonathan Brooks,Jonathan Brooks,US53328415,US,815,1,2
3858,Elaine Kelly,Elaine Kelly,GB21649801,GB,948,1,3
3859,Dra. Peixoto,Dra. Valentina Peixoto,419.182.553-71,BR,271,1,5
3860,Hannah Everett,Hannah Everett,US92820305,US,644,1,2
3861,Heitor Cassiano,Heitor Cassiano,292.961.112-42,BR,1209,1,4
3862,Dra. Hellena Rodrigues,Dra. Hellena Rodrigues,543.534.624-75,BR,29,1,2
3863,Yuri da,Yuri da Conceição,685.574.443-13,BR,70,1,2
3864,Morgan,Morgan Valencia,US89699265,US,658,1,2
3865,Dr Lynn Kirk,Dr Lynn Kirk,GB25440475,GB,1826,1,2
3866,Kristy Bryan,Kristy Bryan,US64340297,US,650,0,1
3867,Vitor Hugo Vasconcelos,Vitor Hugo Vasconcelos,466.889.373-46,BR,55,0,1
3868,Mariah Nascimento,Mariah Nascimento,067.240.049-91,BR,208,1,3
3869,Ágatha Leão,Ágatha Leão,398.780.157-39,BR,418,1,3
3870,Sean Clay,Sean Clay,US38164968,US,831,1,6
3871,Perla Tormo Villalonga,Perla Tormo Villalonga,ES59556257,ES,1189,0,1
3872,srta. Giovanna Pires,Srta. Giovanna Pires,627.136.111-55,BR,292,1,4
3873,E. Patterson,Edward Patterson,US55573713,US,1724,1,2
3874,Nancy Hanson,Nancy Hanson,US97845312,US,1669,1,2
3875,J. Castro,João Castro,229.014.767-97,BR,130,1,4
3876,Albert Dalton,Albert Dalton,US92373858,US,1584,1,2
3877,Vera Gutiérrez-Tamayo,Vera Gutiérrez-Tamayo,ES70797197,ES,1165,1,3
3878,Leonardo Martins,Leonardo Martins,376.938.983-31,BR,530,1,3
3879,Agatha Silveira,Agatha Silveira,278.895.798-68,BR,50,1,4
3880,Yuri Barbosa,Yuri Barbosa,196.565.234-13,BR,295,1,3
3881,Maria Liz,Maria Liz Lima,772.369.292-98,BR,448,1,5
3882,Paula Lane,Paula Lane,US92293489,US,688,0,1
3883,Hzerr Gisbert Schenk,Herr Gisbert Schenk,DE97167893,DE,1104,1,6
3884,emma Ward,Emma Ward,GB56973016,GB,1813,1,2
3885,Júlia Pimenta,Júlia Pimenta,391.162.869-23,BR,1324,1,5
3886,Albert Anderson-Turnbull,Albert Anderson-Turnbull,GB59000217,GB,1812,1,4
3887,Susi Mälzer-Hertrampf,Susi Mälzer-Hertrampf,DE59500071,DE,1883,1,3
3888,David Lopez,David Lopez,US60825385,US,729,1,5
3889,Henrique Sá,Henrique Sá,884.578.317-45,BR,491,1,3
3890,D. Rocha,Diego da Rocha,649.382.046-68,BR,1234,1,3
3891,Dom Correia,Dom Correia,825.453.032-63,BR,1414,1,2
3892,E. Macedo,Emanuel Macedo,178.390.847-00,BR,118,0,1
3893,itziar alberdi lara,Itziar Alberdi Lara,ES75314414,ES,1134,1,3
3894,Heitor Câmara,Heitor Câmara,259.077.982-71,BR,1372,1,3
3895,D. Lopez,David Lopez,US60825385,US,729,1,5
3896,Léo Cunha,Léo Cunha,386.120.750-11,BR,422,0,1
3897,Luiz Gustavo Camara,Luiz Gustavo Câmara,027.716.701-45,BR,392,1,2
3898,Stephanie Perkins,Stephanie Perkins,US86461297,US,1702,1,5
3899,Davi Lucas,Davi Lucas Viana,878.141.413-97,BR,430,1,3
3900,rouven mude,Rouven Mude,DE50549608,DE,1106,1,2
3901,M. Pires,Melina Pires,583.206.799-81,BR,527,1,3
3902,Erin Reynolds,Erin Reynolds,US68990340,US,1641,1,3
3903,Prof. Oliver Mendes,Oliver Mendes,327.104.054-11,BR,340,1,2
3904,Vitória da Rocha,Vitória da Rocha,383.028.883-52,BR,1361,1,3
3905,Carol Williams,Carol Williams,GB91171931,GB,841,0,1
3906,B. Machado,Bento Machado,070.164.510-46,BR,537,1,5
3907,Andre Monteiro,André Monteiro,461.872.346-01,BR,500,1,2
3908,AYNUR HAERING,Aynur Haering,DE54604858,DE,1057,1,5
3909,C. Silveira,Caroline Silveira,869.993.867-74,BR,76,1,4
3910,Juan Bautista Sedano-Alberoa,Juan Bautista Sedano-Alberola,ES52493026,ES,1174,1,3
3911,Prof. Maria Laura da Mota,Maria Laura da Mota,557.941.552-16,BR,389,1,4
3912,Benicio-Pereira,Benicio Pereira,674.676.212-02,BR,390,1,6
3913,Chensea Donnelly,Chelsea Donnelly,GB38267755,GB,1827,1,5
3914,Bryan guerrero,Bryan Guerrero,US93946405,US,1746,1,2
3915,A. Yang,Amber Yang,US90544341,US,773,1,3
3916,Miguel Á. P. Esteban,Miguel Ángel Ponce Esteban,ES39207357,ES,1157,1,3
3917,Anthony Martins,Anthony Martins,506.489.090-10,BR,381,1,3
3918,Frau Annika Holt MBA.,Frau Annika Holt MBA.,DE78175850,DE,1098,1,2
3919,Nicola Phillips,Nicola Phillips,GB18457740,GB,1815,1,4
3920,M. Bailey,Martha Bailey,US41927492,US,763,1,4
3921,Valentina Barros,Valentina Barros,109.678.994-05,BR,513,1,3
3922,Mararet Law,Margaret Law,GB16266393,GB,1819,1,4
3923,Emanuella Sampaio,Emanuella Sampaio,457.202.459-43,BR,1300,1,2
3924,James Gilbert,James Gilbert,US15168989,US,662,1,5
3925,Dr Sarah Cole,Dr Sarah Cole,GB54977656,GB,913,1,3
3926,Bento da Cunha,Bento da Cunha,246.503.497-99,BR,1335,1,2
3927,Anthony Robinson,Anthony Robinson,US50641862,US,1647,1,3
3928,daniel meza,Daniel Meza,US92201431,US,554,1,4
3929,randy cannon,Randy Cannon,US82947490,US,759,1,3
3930,C. Donnelly,Carly Donnelly,GB37125189,GB,961,1,6
3931,Jade Marques,Jade Marques,603.323.098-21,BR,380,1,3
3932,Ms Margaret Frost,Ms Margaret Frost,GB37539747,GB,979,1,3
3933,Lance Stephenson,Lance Stephenson,US29652868,US,1605,1,3
3934,LORI INGRAM,Lori Ingram,US65197277,US,594,1,5
3935,Dra. M. V. Martins,Dra. Maria Vitória Martins,886.596.413-52,BR,1268,1,5
3936,paulina jockel,Paulina Jockel,DE21558774,DE,1046,0,1
3937,Dr Jemma Bates,Dr Jemma Bates,GB51973160,GB,1817,1,3
3938,Karl-Otto Graf-Nohlmans,Karl-Otto Graf-Nohlmans,DE83544472,DE,1115,1,2
3939,Francisco Araújo,Francisco Araújo,973.644.270-93,BR,1513,1,4
3940,Emilly Marques,Emilly Marques,039.938.237-40,BR,1523,1,2
3941,Manu P. Moreno,Manu Puerta Moreno,ES37603443,ES,1173,1,3
3942,Luiz Felipe Mendonça,Luiz Felipe Mendonça,179.797.250-28,BR,1529,1,4
3943,Pedro Leão,Pedro Lucas Leão,583.981.463-19,BR,1251,1,3
3944,M. Luiza Teixeira,Maria Luiza Teixeira,999.250.563-42,BR,1229,1,5
3945,Luiz Miguel Cirino,Luiz Miguel Cirino,356.279.158-23,BR,1238,1,2
3946,Vera Gutierrez-Tamayo,Vera Gutiérrez-Tamayo,ES70797197,ES,1165,1,3
3947,SHELLY SPENCER,Shelly Spencer,US97573396,US,569,1,6
3948,Caio da,Caio da Mota,996.504.773-58,BR,249,1,2
3949,Jasmine Gregory,Jasmine Gregory,GB47131272,GB,1006,1,3
3950,Yan Cassiano,Yan Cassiano,964.111.572-38,BR,1325,1,2
3951,Timothy Hayden,Timothy Hayden,US54440977,US,795,1,2
3952,Heitor  Vargas,Heitor Vargas,442.703.120-73,BR,498,1,4
3953,Diana Hays,Diana Hays,US61995659,US,674,0,1
3954,Caroline Novais,Caroline Novais,011.848.955-43,BR,464,1,2
3955,Vitor Hulgo Araújo,Vitor Hugo Araújo,240.050.455-62,BR,98,0,1
3956,Sally Saunders,Sally Saunders,GB97189890,GB,1845,1,3
3957,Jodie Webb,Jodie Webb,GB33572537,GB,899,1,2
3958,Kaique Correia,Kaique Correia,845.727.292-49,BR,1425,1,2
3959,Melina Pires,Melina Pires,583.206.799-81,BR,527,1,3
3960,Dr Sarlah Cole,Dr Sarah Cole,GB54977656,GB,913,1,3
3961,Mark pThomas,Mark Thomas,US59684178,US,1733,1,2
3962,Vicente,Vicente Guerra,427.063.317-24,BR,1226,1,3
3963,Francisco Araújo,Francisco Araújo,973.644.270-93,BR,1513,1,4
3964,Yuri-Teixeira,Yuri Teixeira,989.921.722-33,BR,350,1,5
3965,ANDREW,Andrew Powers,US56516631,US,1664,1,3
3966,Joana Ribeiro,Joana Ribeiro,312.442.831-91,BR,1261,1,4
3967,Antonella Aragão,Antonella Aragão,554.496.475-98,BR,485,0,1
3968,ANA SOPHIA BARROS,Ana Sophia Barros,103.886.291-27,BR,450,1,4
3969,J. Herrera,Julie Herrera,US79619091,US,669,1,5
3970,Mr Bernard Baker,Mr Bernard Baker,GB33825832,GB,1802,1,4
3971,Rodrigo Macedo,Rodrigo Macedo,440.819.266-81,BR,1522,1,3
3972,Alcides del Ayuso,Alcides del Ayuso,ES58216998,ES,1194,1,4
3973,Maitê Caldeira,Maitê Caldeira,139.904.902-78,BR,83,0,1
3974,Phillip Nelson,Phillip Nelson,US87984620,US,571,1,6
3975,Breno Nascimento,Breno Nascimento,165.685.531-13,BR,1283,1,2
3976,Mr J. Smith,Mr Jeremy Smith,GB25865493,GB,865,1,3
3977,Mr J. Smith,Mr Jeremy Smith,GB25865493,GB,865,1,3
3978,tanya russell,Tanya Russell,US32010905,US,716,1,5
3979,Margaret Gilbert,Margaret Gilbert,GB70499898,GB,1763,1,4
3980,David Davenport,David Davenport,US94420078,US,837,0,1
3981,Pedro Miguel Freitas,Pedro Miguel Freitas,404.625.901-93,BR,1314,1,4
3982,M. Novais,Miguel Novais,798.270.808-69,BR,403,1,4
3983,Ms Sandra Ward,Ms Sandra Ward,GB64140800,GB,1863,1,4
3984,Alfred Galvan,Alfred Galvan,US80303981,US,576,1,4
3985,Francesca Holmes,Francesca Holmes,GB52295771,GB,1843,1,3
3986,Livia Montenegro,Lívia Montenegro,846.917.989-23,BR,1431,1,3
3987,M. Vieira,Melissa Vieira,265.479.356-46,BR,259,1,3
3988,Pedro  Lucas Leão,Pedro Lucas Leão,583.981.463-19,BR,1251,1,3
3989,Carlos Eduardo Correia,Carlos Eduardo Correia,478.596.969-15,BR,272,0,1
3990,Derrick Spencer,Derrick Spencer,US60099487,US,1592,1,3
3991,Thoedoro Novais,Theodoro Novais,350.313.650-24,BR,503,1,2
3992,Dawn-Coleman-Patel,Dawn Coleman-Patel,GB44683354,GB,1772,1,5
3993,L. Pinto,Lucca Pinto,933.334.680-07,BR,363,1,3
3994,Henrique da Rosa,Henrique da Rosa,568.496.740-00,BR,1430,1,4
3995,Howard Hewitt-Clarke,Howard Hewitt-Clarke,GB23490445,GB,1776,1,4
3996,M. Lopez,Michael Lopez,US32935793,US,733,1,3
3997,William Jones,William Jones,US52627226,US,589,1,3
3998,Michael Evans Filho,Michael Evans,US62902012,US,655,1,3
3999,Luana Souza,Luana Souza,391.037.170-58,BR,514,1,4
4000,David Molina,David Molina,US85898994,US,735,1,2
4001,Igor Garcia,Igor Garcia,322.619.413-38,BR,1310,1,4
4002,Monica Miller,Monica Miller,US91282861,US,608,1,3
4003,Natan Almeida,Nathan Almeida,182.744.857-08,BR,509,1,2
4004,Esther Duarte,Esther Duarte,833.884.879-20,BR,535,0,1
4005,Joyce Brown,Joyce Brown,US93558632,US,753,1,4
4006,Zoe Camplos,Zoe Campos,117.182.278-24,BR,16,1,2
4007,Carloine da Paz,Caroline da Paz,427.010.393-08,BR,331,1,3
4008,D. Harris-Holloway,Dominic Harris-Holloway,GB36918105,GB,1003,1,5
4009,Vicenta Pizarro Peiró,Vicenta Pizarro Peiró,ES28645088,ES,1158,1,3
4010,Dra. Nicole,Dra. Nicole Aragão,153.714.732-10,BR,186,1,5
4011,melina Leão,Melina Leão,487.282.997-96,BR,490,1,5
4012,Pedro Henrique,Pedro Henrique Abreu,862.058.534-51,BR,1332,1,2
4013,Alice Silveira,Alice Silveira,030.705.345-78,BR,360,1,2
4014,Robert,Robert George,US31698875,US,1589,1,5
4015,Neil Jones-Smith,Neil Jones-Smith,GB52679593,GB,1793,1,3
4016,Shane Walker,Shane Walker,US92293011,US,1688,1,2
4017,vitória novais,Vitória Novais,339.500.479-74,BR,189,1,4
4018,Michae lRamirez,Michael Ramirez,US90993934,US,1613,1,5
4019,Howard Norman II,Howard Norman,US34796255,US,603,1,4
4020,Sra. Ruben Dunn,Ruben Dunn,US85812116,US,581,1,4
4021,Thiago Caldeira,Thiago Caldeira,714.345.581-22,BR,52,1,3
4022,Leandro Peixoto,Leandro Peixoto,648.149.177-85,BR,305,0,1
4023,EMMA REED,Emma Reed,US28456645,US,629,1,2
4024,Enrico Fernandes,Enrico Fernandes,601.120.311-11,BR,1305,1,2
4025,Mr Geralf Taylor,Mr Gerald Taylor,GB65548633,GB,947,1,3
4026,Mariana Cunha,Mariana Cunha,716.572.628-49,BR,64,1,5
4027,Ms Hayley Miles,Ms Hayley Miles,GB35486903,GB,1790,1,5
4028,James Webster,James Webster,US29898606,US,784,1,3
4029,Bruno d. Conceição,Bruno da Conceição,311.656.670-10,BR,21,1,5
4030,Breno Ramos,Breno Ramos,559.042.597-92,BR,532,1,5
4031,Darren Swift,Darren Swift,GB53789701,GB,1862,1,5
4032,Levi da Cunha,Levi da Cunha,244.720.999-34,BR,324,1,3
4033,Vitfor  Gabriel Carvalho,Vitor Gabriel Carvalho,515.832.818-26,BR,416,1,5
4034,Marcelo,Marcelo Cassiano,114.351.906-69,BR,460,1,4
4035,Francisco Santos,Francisco Santos,728.716.422-90,BR,1545,1,4
4036,Stewart Thomas,Stewart Thomas,GB10822924,GB,891,1,4
4037,Josefa Lago Gonzalo,Josefa Lago Gonzalo,ES95380301,ES,1160,1,3
4038,Letícia Pastor,Letícia Pastor,063.242.415-41,BR,289,1,6
4039,Lisa Thomas,Lisa Thomas,US36713936,US,1682,1,2
4040,john coffey,John Coffey,US49516346,US,687,1,2
4041,Vitória Rodrigues,Vitória Rodrigues,783.970.523-27,BR,1205,1,4
4042,Maria Flor da,Maria Flor da Luz,184.619.580-58,BR,1453,1,5
4043,Olívia Novaes,Olívia Novaes,966.319.314-91,BR,62,1,5
4044,D. Tom Morley,Dr Tom Morley,GB37002880,GB,882,1,2
4045,Enzo Gabriel Pinto,Enzo Gabriel Pinto,074.183.384-42,BR,1520,1,5
4046,Marilyn Hamilton,Marilyn Hamilton,GB62021209,GB,982,0,1
4047,luísa fogaça,Luísa Fogaça,899.375.679-82,BR,265,1,3
4048,M. Lourdes Rivas Capdevila,Maristela Lourdes Rivas Capdevila,ES50229795,ES,1175,1,3
4049,Milena da,Milena da Luz,523.986.800-02,BR,193,1,4
4050,Murilo Rios,Murilo Rios,379.965.075-27,BR,66,1,4
4051,amy anderson,Amy Anderson,US46142587,US,1562,1,4
4052,Theodoro Novais,Theodoro Novais,350.313.650-24,BR,503,1,2
4053,Srta. Maya Pimenta,Srta. Maya Pimenta,817.322.515-84,BR,1344,1,4
4054,Yasgmin Garcia,Yasmin Garcia,574.374.896-91,BR,365,1,3
4055,ITZIAR ALBERDI LARA,Itziar Alberdi Lara,ES75314414,ES,1134,1,3
4056,Brenda Duarte,Brenda Duarte,111.799.844-74,BR,1429,1,4
4057,Vanesa Reig,Vanesa del Reig,ES68348074,ES,1178,1,4
4058,A. Stanley,Aaron Stanley,GB55649583,GB,970,1,3
4059,Louise Hunt,Louise Hunt,GB53544784,GB,1859,1,3
4060,Julia Pimenta,Júlia Pimenta,391.162.869-23,BR,1324,1,5
4061,Luiz Gustavo da Rosa,Luiz Gustavo da Rosa,540.193.802-62,BR,207,0,1
4062,Kyle  Henry,Kyle Henry,GB18334511,GB,1871,1,4
4063,Laura Lima,Laura Lima,171.870.262-17,BR,95,1,5
4064,Maria-Cecília Câmara,Maria Cecília Câmara,563.421.607-33,BR,38,1,4
4065,Juan Fogaça,Juan Fogaça,168.460.223-56,BR,373,1,2
4066,T. Russell,Tanya Russell,US32010905,US,716,1,5
4067,Joel Frost,Joel Frost,GB67318164,GB,843,1,5
4068,João Cavalcanti,João Pedro Cavalcanti,031.608.156-07,BR,1401,1,3
4069,Henriqe Silva,Henrique Silva,084.287.346-78,BR,1218,1,2
4070,Joshua Vanie,Joshua Vance,US31983035,US,630,1,2
4071,BrayanR amos,Brayan Ramos,106.421.763-55,BR,1373,1,5
4072,Benjamim da Cunha,Benjamim da Cunha,517.133.959-62,BR,281,1,5
4073,J. Hernandez,Jennifer Hernandez,US89855385,US,805,1,3
4074,Lprissa Melo,Larissa Melo,978.819.148-58,BR,279,1,6
4075,Apollo Fogaça,Apollo Fogaça,639.741.192-74,BR,1366,1,3
4076,R. Moreira,Raul Moreira,362.363.512-00,BR,1284,1,2
4077,Matheus Garcia,Matheus Garcia,615.951.484-65,BR,43,1,2
4078,Unv.Prof. Gebhard Ortmann MBA.,Univ.Prof. Gebhard Ortmann MBA.,DE27098533,DE,1097,1,6
4079,JOSH WALTON,Josh Walton,GB11272491,GB,1872,1,2
4080,Ágatha Albuquerque,Ágatha Albuquerque,086.131.712-74,BR,89,1,4
4081,janet hill,Janet Hill,GB54733393,GB,990,1,3
4082,Nicole Marshall,Nicole Marshall,US28730548,US,1601,1,2
4083,Christopher Bailey,Christopher Bailey,GB25547243,GB,984,1,2
4084,F. Williams-Barnes,Francis Williams-Barnes,GB66782149,GB,1808,1,5
4085,Eloah Moraes,Eloah Moraes,858.452.851-84,BR,1266,1,4
4086,Debra Kay,Debra Kay,GB31388969,GB,1857,1,5
4087,M. Fisher,Maria Fisher,US10771825,US,760,1,6
4088,Brenda Duarte,Brenda Duarte,111.799.844-74,BR,1429,1,4
4089,Jovita Torrijos-Landa,Jovita Torrijos Landa,ES22151134,ES,1156,1,5
4090,Ryes Sanchez Duran,Reyes Sanchez Duran,ES62342586,ES,1168,1,4
4091,Igor d. Paz,Igor da Paz,180.552.696-58,BR,298,1,3
4092,Rachel Hjlland,Rachel Holland,US84482698,US,543,1,2
4093,Otto Gonçalves,Otto Gonçalves,745.383.639-43,BR,1351,1,3
4094,Laurie Sanchez Jr.,Laurie Sanchez,US22103709,US,712,1,3
4095,Clarice da Mata,Clarice da Mata,990.421.020-27,BR,303,1,2
4096,Joshua Massey II,Joshua Massey II,US44710020,US,1728,1,5
4097,Davad Martinez,David Martinez,US42545401,US,1583,1,3
4098,Ana Sophia da,Ana Sophia da Costa,150.011.990-62,BR,1352,1,4
4099,Caroline da Paz,Caroline da Paz,376.108.007-36,BR,1460,1,5
4100,Dorothy Smith-Hardy,Dorothy Smith-Hardy,GB55220023,GB,1836,1,3
4101,Maya Dias,Maya Dias,304.532.638-99,BR,1519,1,5
4102,Chelsea Bell,Chelsea Bell,GB33489813,GB,957,1,4
4103,Steven Stone-Wad,Steven Stone-Ward,GB54360949,GB,901,1,4
4104,Justin Jackson,Justin Jackson,US50633225,US,1563,1,3
4105,Sara Porto,Sara Porto,130.596.925-11,BR,1476,1,4
4106,Lorenzo Cunha,Lorenzo Cunha,130.708.294-81,BR,1398,1,3
4107,Vitória Ferreira,Vitória Ferreira,965.610.143-88,BR,264,1,2
4108,Timm Ruppersberger,Timm Ruppersberger,DE92310750,DE,1034,1,4
4109,Vinicius d. Rosa,Vinicius da Rosa,108.515.285-85,BR,1405,1,3
4110,Davi Luiz da Luz,Davi Luiz da Luz,657.661.565-45,BR,122,1,3
4111,Ayla Farias,Ayla Farias,672.656.729-73,BR,1551,1,5
4112,Brandi Huang,Brandi Huang,US99041525,US,1655,1,4
4113,Herma Röhrdanz B.A.,Herma Röhrdanz B.A.,DE14552711,DE,1881,1,3
4114,Trinidad Sanchez Olmo,Trinidad Sánchez Olmo,ES67943873,ES,1199,1,3
4115,Jason Morgan,Jason Morgan,US13954845,US,542,1,2
4116,Amy Bennett,Amy Bennett,US10451149,US,1750,1,4
4117,Rosie Harris II,Rosie Harris,GB87194344,GB,848,1,3
4118,Jhn Gonzalez,John Gonzalez,US27254109,US,1673,1,3
4119,Diego Atilio Ayala Pozo,Diego Atilio Ayala Pozo,ES60856575,ES,1150,1,2
4120,Eduarda da de Paz,Eduarda da Paz,109.147.624-97,BR,1256,1,3
4121,Michelle Ho,Michelle Ho,US35938895,US,631,1,2
4122,Bruna Vasconcelos,Bruna Vasconcelos,013.983.735-40,BR,232,1,5
4123,Elizabeth Wagner,Elizabeth Wagner,US16265024,US,1624,1,2
4124,Benicio Fernandes,Benicio Fernandes,274.755.553-40,BR,1292,1,3
4125,Gael Henrique Machado,Gael Henrique Machado,751.627.765-79,BR,1365,1,4
4126,A. Cavalcanti,Agatha Cavalcanti,417.992.777-21,BR,1553,1,4
4127,Niko dAtzler-Fröhlich,Niko Atzler-Fröhlich,DE83734610,DE,1024,1,3
4128,Ing. F. Matthai,Ing. Fredy Matthäi,DE91126594,DE,1095,1,4
4129,Jeremy Mitchell,Jeremy Mitchell,US51927304,US,562,1,5
4130,Mateus Almeida Jr,Mateus Almeida,900.664.956-18,BR,1368,1,3
4131,CHRISTIAN VAUGHN,Christian Vaughn,US96718276,US,693,1,6
4132,Ana Júlia Ferreira,Ana Júlia Ferreira,310.690.331-19,BR,224,1,6
4133,Ing. Damian Hermighauesn,Ing. Damian Hermighausen,DE51792388,DE,1033,1,4
4134,Robert Reese,Robert Reese,US11638498,US,755,1,2
4135,Ana Costa,Ana Costa,374.759.620-19,BR,1333,1,3
4136,João Lucas,João Lucas Sá,226.567.661-82,BR,221,1,4
4137,Jason Love,Jason Love,US53496580,US,714,0,1
4138,Dra. Pacheco,Dra. Julia Pacheco,945.228.851-58,BR,407,1,3
4139,Connie Turner,Connie Turner,US94374018,US,779,1,3
4140,Catherine Fiher,Catherine Fisher,GB51895110,GB,999,1,2
4141,brent miller,Brent Miller,US32998516,US,1686,1,5
4142,Ana Cecília Ferreira,Ana Cecília Ferreira,006.231.203-87,BR,239,1,2
4143,Heloísa Vargas,Heloísa Vargas,473.829.973-76,BR,20,1,3
4144,Richard-Taylor,Richard Taylor,GB55520266,GB,932,1,6
4145,Nigel Murphy,Nigel Murphy,GB72395893,GB,867,1,2
4146,S. Helena Siqueira,Srta. Helena Siqueira,982.845.228-49,BR,1477,1,3
4147,isabella da luz,Isabella da Luz,200.471.138-26,BR,110,1,3
4148,Enzo Gabriel Pinto,Enzo Gabriel Pinto,074.183.384-42,BR,1520,1,5
4149,Rodrigo Cunha,Rodrigo Cunha,683.784.566-45,BR,1410,1,3
4150,Maria  Sophia Nunes,Maria Sophia Nunes,074.329.271-29,BR,375,1,3
4151,Henrique Rosa,Henrique da Rosa,568.496.740-00,BR,1430,1,4
4152,Luísa,Luísa Brito,137.367.850-82,BR,358,1,3
4153,Alana Nunes,Alana Nunes,277.727.879-94,BR,1287,1,3
4154,Maria Clara barbosa,Maria Clara Barbosa,302.848.620-55,BR,1298,1,4
4155,Dra. Ana Lívia da Cunha,Dra. Ana Lívia da Cunha,746.785.493-34,BR,1408,1,2
4156,Gabrielly Azevedo,Gabrielly Azevedo,552.314.913-57,BR,431,1,6
4157,mercedes casals anglada,Mercedes Casals Anglada,ES14185545,ES,1197,1,4
4158,Ana Cardoso,Ana Laura Cardoso,912.275.459-09,BR,1231,1,4
4159,João Gabriel Macbdo,João Gabriel Macedo,149.216.433-47,BR,488,1,5
4160,Jennifer Becker-Kranz,Jennifer Becker-Kranz,DE47883942,DE,1093,1,6
4161,LETÍCIA PORTO,Letícia Porto,362.316.658-76,BR,53,1,2
4162,Adrian Bradshaw,Adrian Bradshaw,GB91793056,GB,860,1,3
4163,NICHOLAS SANCHEZ,Nicholas Sanchez,US96129667,US,1685,1,4
4164,Srta. HadassaA zevedo,Srta. Hadassa Azevedo,549.733.484-34,BR,201,1,6
4165,Maria Helena Cirno,Maria Helena Cirino,028.774.752-59,BR,1281,1,2
4166,Dra. Maria Vitoria Martins,Dra. Maria Vitória Martins,886.596.413-52,BR,1268,1,5
4167,Alexandre Farias,Alexandre Farias,675.254.599-10,BR,129,1,4
4168,Lynne Stokes,Lynne Stokes,GB54628958,GB,1777,1,3
4169,Kelly Edwards,Kelly Edwards,US25189633,US,697,1,4
4170,Jane,Jane Webb,GB15909601,GB,987,1,4
4171,Augusto Vargas,Augusto Vargas,110.813.655-15,BR,1536,1,5
4172,Theo Silva,Theo Silva,433.154.100-67,BR,338,0,1
4173,V. Gabriel Carvalho,Vitor Gabriel Carvalho,515.832.818-26,BR,416,1,5
4174,Francis Williamsn-Barnes,Francis Williams-Barnes,GB66782149,GB,1808,1,5
4175,Rachel Lynch,Rachel Lynch,US96524688,US,1718,1,2
4176,Vitor Gabriel,Vitor Gabriel Campos,866.934.654-72,BR,405,1,6
4177,NATHAN CAMPOS,Nathan Campos,953.394.210-47,BR,104,1,3
4178,Dr. Jennifer Becker-Kranz,Jennifer Becker-Kranz,DE47883942,DE,1093,1,6
4179,Felicia Krueger,Felicia Krueger,US50056146,US,794,1,3
4180,Vincent Reynolds,Vincent Reynolds,US18876667,US,641,1,3
4181,Ana Beatriz Alves,Ana Beatriz Alves,781.618.495-93,BR,5,1,2
4182,Elaine  Kelly,Elaine Kelly,GB21649801,GB,948,1,3
4183,Scott Carlson,Scott Carlson,US44726470,US,1627,1,4
4184,Derek Walsh,Derek Walsh,GB79276026,GB,977,1,4
4185,Mrs. Brayan Pereira,Brayan Pereira,647.468.723-43,BR,25,1,5
4186,Olivia-Farias,Olivia Farias,650.685.363-47,BR,1546,1,5
4187,Mrs Michelle,Mrs Michelle Hilton,GB83818891,GB,889,1,5
4188,Adriane Koch B.A.,Adriane Koch B.A.,DE62602177,DE,1048,1,2
4189,Letícia Nascimento,Letícia Nascimento,304.508.583-77,BR,1525,1,5
4190,Richard e Knight PhD,Richard Knight PhD,US65533646,US,829,1,2
4191,Michael Bell,Michael Bell,US34454271,US,1644,1,2
4192,Ian Fonseca,Ian Fonseca,579.249.912-51,BR,273,1,2
4193,Lucca Pinto,Lucca Pinto,933.334.680-07,BR,363,1,3
4194,Dale Ryan,Dale Ryan,US37102854,US,710,0,1
4195,Denise Hooper,Denise Hooper,GB93610257,GB,1017,1,3
4196,Lawrence Harrington,Lawrence Harrington,US20667011,US,617,1,4
4197,Geraldine Cox,Geraldine Cox,GB55206827,GB,1839,1,3
4198,C. Mendes,Caroline Mendes,532.500.268-05,BR,1340,1,3
4199,Alexandre Frias,Alexandre Farias,675.254.599-10,BR,129,1,4
4200,Lewis wright,Lewis Wright,GB81898750,GB,1870,1,5
4201,L. Rezende,Liz Rezende,043.973.598-93,BR,412,1,3
4202,Alexandej Brown,Alexander Brown,US28536762,US,574,1,4
4203,Paul Moore Filho,Paul Moore,US36302991,US,1670,1,4
4204,Dr Terence Bradley,Dr Terence Bradley,GB70505964,GB,1856,1,2
4205,M. Fernandes,Maysa Fernandes,078.361.340-74,BR,280,1,3
4206,Diogo Costa,Diogo da Costa,855.665.939-83,BR,519,1,4
4207,DRA. MONTEIRO,Dra. Maria Eduarda Monteiro,251.126.438-34,BR,1376,1,3
4208,Agatha Silveira,Agatha Silveira,278.895.798-68,BR,50,1,4
4209,richard Cooper,Richard Cooper,US65571528,US,593,1,3
4210,Yasmin Cardfso,Yasmin Cardoso,106.422.426-14,BR,1254,1,2
4211,Dr,Dr Jemma Bates,GB51973160,GB,1817,1,3
4212,Iwan Meyer,Iwan Meyer,DE32988138,DE,1031,1,3
4213,GRACE BARBER,Grace Barber,GB47642707,GB,930,1,5
4214,Á. Monteiro,Ágatha Monteiro,518.023.806-17,BR,309,1,3
4215,Luiz Gustavo Montenegro,Luiz Gustavo Montenegro,864.168.622-78,BR,529,1,5
4216,J. Herrera,Julie Herrera,US79619091,US,669,1,5
4217,Rabea Trüb-Klemt,Rabea Trüb-Klemt,DE24358786,DE,1101,1,2
4218,Daniela Vasconcelos,Daniela Vasconcelos,010.620.691-53,BR,1370,1,2
4219,Trinidad Sánchz Olmo,Trinidad Sánchez Olmo,ES67943873,ES,1199,1,3
4220,Ana Andrade,Ana Andrade,478.444.534-24,BR,1356,1,2
4221,Vitória Albuquerque,Vitória Albuquerque,124.998.569-84,BR,120,1,3
4222,Michael Bowers,Michael Bowers,US45913848,US,1566,1,3
4223,Luiz Felipe Gomes,Luiz Felipe Gomes,463.546.481-96,BR,1363,1,3
4224,Richard Roberts,Richard Roberts,GB85910437,GB,1850,1,2
4225,Maria Liz Fernandes,Maria Liz Fernandes,310.060.530-42,BR,1242,1,3
4226,Emma Smith,Emma Smith,US83185562,US,1677,1,3
4227,Liz Rezende,Liz Rezende,043.973.598-93,BR,412,1,3
4228,Hadassa Montenegro,Hadassa Montenegro,352.904.228-42,BR,115,1,5
4229,Pedro Miguel Peixoto,Pedro Miguel Peixoto,899.430.141-90,BR,1219,1,2
4230,Yuri Teixeira,Yuri Teixeira,989.921.722-33,BR,350,1,5
4231,Ercan Weihmann,Ercan Weihmann,DE55464764,DE,1035,1,4
4232,Júlia Pimenta,Júlia Pimenta,391.162.869-23,BR,1324,1,5
4233,Hayley Roberts,Hayley Roberts,GB25377952,GB,1878,1,4
4234,Stephan Dias,Stephany Dias,817.549.651-37,BR,108,1,2
4235,Laurie Wu,Laurie Wu,US27616761,US,1693,1,3
4236,Tiffany Baker,Tiffany Baker,US37340291,US,1596,1,2
4237,Mrs A. Holden,Mrs Amy Holden,GB36040330,GB,900,1,2
4238,Pío Benavides,Pío Benavides Buendía,ES51343854,ES,1144,1,3
4239,Pedro Rezende,Pedro Miguel Rezende,089.136.819-95,BR,1432,1,4
4240,Jessica Smith,Jessica Smith,US40218232,US,1678,1,2
4241,Palmira del kucena,Palmira del Lucena,ES90048179,ES,1149,1,2
4242,Manuela Lima,Manuela Lima,942.046.852-61,BR,1448,1,2
4243,Rebeca Novais,Rebeca Novais,371.240.659-65,BR,257,1,4
4244,Ana Vitória Casa Grande,Ana Vitória Casa Grande,637.351.609-17,BR,402,1,2
4245,Ágatha Albuquerque,Ágatha Albuquerque,086.131.712-74,BR,89,1,4
4246,Gavin Taylor,Gavin Taylor,GB36983916,GB,1809,1,3
4247,Dr. Timothy Summers,Timothy Summers,US98470898,US,1571,1,3
4248,Artemio Barbero Guerrero,Artemio Barbero Guerrero,ES74743230,ES,1117,1,2
4249,Mr Albert Smith,Mr Albert Smith,GB48678188,GB,1852,1,3
4250,Alexandre Camargo,Alexandre Camargo,895.352.058-33,BR,1263,1,4
4251,Timothy Johnson,Timothy Johnson,US76926628,US,758,1,4
4252,Letícia Ribeiro,Letícia Ribeiro,789.611.836-73,BR,121,1,2
4253,Pedro Lucas  Azevedo,Pedro Lucas Azevedo,906.048.058-92,BR,526,1,6
4254,Cody Jones,Cody Jones,US54324700,US,1649,1,4
4255,Davi L. Ferreira,Davi Lucca Ferreira,102.053.950-24,BR,116,0,1
4256,DR PATRICIA HART,Dr Patricia Hart,GB25362614,GB,1015,1,5
4257,Dr Anthony Jackson,Dr Anthony Jackson,GB41436741,GB,1798,1,2
4258,AMANDA DAS NEVES,Amanda das Neves,467.854.458-77,BR,234,1,3
4259,Pánfilo  Abellán Posada,Pánfilo Abellán Posada,ES33231136,ES,1129,1,5
4260,A. Hodgson,Anna Hodgson,GB10212187,GB,864,1,2
4261,MarianaMendonça,Mariana Mendonça,228.200.557-78,BR,489,1,2
4262,Murilo Leão,Murilo Leão,699.527.232-67,BR,1327,1,4
4263,Fito Bermejo Gárate,Fito Bermejo Gárate,ES20454809,ES,1132,1,3
4264,Ana heatriz,Ana Beatriz Pacheco,386.631.779-71,BR,396,1,3
4265,Jasmine faylor,Jasmine Taylor,US41450411,US,1650,1,5
4266,Mariane Nogueira,Mariane Nogueira,783.009.348-11,BR,1451,1,3
4267,Dra. Julia Pacheco,Dra. Julia Pacheco,945.228.851-58,BR,407,1,3
4268,Levi Pastor,Levi Pastor,845.227.597-25,BR,1315,1,4
4269,Luna Martins,Luna Martins,719.285.654-31,BR,172,1,5
4270,Miguel Vasconcelos,Miguel Vasconcelos,479.626.793-44,BR,1390,1,2
4271,SHIRLEY MCLEAN,Shirley McLean,GB13017249,GB,997,1,2
4272,Chrisgine Power-Stone,Christine Power-Stone,GB46439766,GB,946,1,6
4273,K. Henry,Kyle Henry,GB18334511,GB,1871,1,4
4274,joão gabriel da mota,João Gabriel da Mota,117.113.156-53,BR,1297,1,3
4275,Luiz Miguel,Luiz Miguel Oliveira,713.315.098-39,BR,18,1,4
4276,Rodrigo Cunha,Rodrigo Cunha,683.784.566-45,BR,1410,1,3
4277,Robert Nguyen,Robert Nguyen,US71239633,US,1706,1,4
4278,Isabel Rios,Isabel Rios,302.307.956-23,BR,1557,1,2
4279,Shane Walker,Shane Walker,US92293011,US,1688,1,2
4280,A. Lambert,Amy Lambert,GB33357425,GB,1788,1,4
4281,Dr Elliott Anderson,Dr Elliott Anderson,GB70896625,GB,1770,1,3
4282,João Pedro Novais,João Pedro Novais,874.050.629-84,BR,1318,1,2
4283,Pío Rueda Torrens,Pío Rueda Torrens,ES86129797,ES,1125,1,3
4284,mariana silva,Mariana Silva,353.185.542-62,BR,1437,1,3
4285,Gabriela Leão,Gabriela Leão,612.490.652-86,BR,1207,1,4
4286,Anacleto Merino Velazquez,Anacleto Merino Velázquez,ES17130627,ES,1191,1,3
4287,Brenda Duarte,Brenda Duarte,111.799.844-74,BR,1429,1,4
4288,Justin Smith,Justin Smith,US52833597,US,1572,1,4
4289,Mariane Nogueira,Mariane Nogueira,783.009.348-11,BR,1451,1,3
4290,Maria do Luiza Silveira,Maria Luiza Silveira,990.453.017-42,BR,213,1,6
4291,Bruna Ferreira,Bruna Ferreira,642.400.825-47,BR,492,1,4
4292,Liz Viana,Liz Viana,220.022.793-61,BR,1547,1,4
4293,Nathan Reynolds,Nathan Reynolds,GB80107942,GB,983,1,3
4294,Otávio Marques,Otávio Marques,504.316.126-13,BR,1422,1,2
4295,Dra. Valentina Peixoto,Dra. Valentina Peixoto,419.182.553-71,BR,271,1,5
4296,JONATHAN MCGUIRE,Jonathan Mcguire,US69819040,US,1565,1,3
4297,Bruna Vasconcelos,Bruna Vasconcelos,013.983.735-40,BR,232,1,5
4298,heather williams,Heather Williams,US90042177,US,612,1,4
4299,Trude Bruder,Trude Bruder,DE25151444,DE,1088,1,4
4300,EMILLY ARAGÃO,Emilly Aragão,718.707.286-79,BR,218,1,2
4301,Dr Stuart Campbell,Dr Stuart Campbell,GB29003875,GB,1787,1,2
4302,Scott Collins,Scott Collins,US20385197,US,1674,1,3
4303,Larry Robertson,Larry Robertson,US68995922,US,680,0,1
4304,Mateus Abreu,Mateus Abreu,867.533.963-60,BR,93,1,3
4305,jill hughes,Jill Hughes,US37127138,US,1748,1,4
4306,Arthur Lima,Arthur Lima,062.342.603-14,BR,1552,1,2
4307,Dorothy Smith-Hardy,Dorothy Smith-Hardy,GB55220023,GB,1836,1,3
4308,José Siqueira,José Siqueira,560.480.635-81,BR,1204,1,5
4309,Jonathan rGriffiths,Jonathan Griffiths,GB80164897,GB,1841,1,4
4310,T. da Cunha,Theodoro da Cunha,128.741.906-96,BR,1412,1,4
4311,David Grant,David Grant,US28160554,US,701,1,4
4312,Lawrence Harrington,Lawrence Harrington,US20667011,US,617,1,4
4313,Luiz Felipe Fernandes,Luiz Felipe Fernandes,707.244.691-80,BR,1540,1,2
4314,Jennifer  Banks,Jennifer Banks,US72916371,US,622,1,4
4315,Brenda Fields,Brenda Fields,US46827234,US,1760,1,4
4316,Shelley Cook Neto,Shelley Cook,US30361927,US,546,1,3
4317,Robert Duncan,Robert Duncan,US37174691,US,1703,1,3
4318,Juliana Abreu,Juliana Abreu,774.186.256-52,BR,346,1,2
4319,L. Green,Lindsey Green,GB71655384,GB,981,1,2
4320,Univ.Prof. Friederike Hiller II,Univ.Prof. Friederike Hiller,DE13891332,DE,1040,1,5
4321,Amy Martinez,Amy Martinez,US33767033,US,642,1,4
4322,M. dos Albert Smith,Mr Albert Smith,GB48678188,GB,1852,1,3
4323,Dra. Amanda Novaes,Dra. Amanda Novaes,408.914.322-53,BR,1461,1,4
4324,Nathan Santos,Nathan Santos,652.407.784-87,BR,507,1,2
4325,Jade Cavalcante,Jade Cavalcante,839.672.379-54,BR,1347,1,2
4326,Prof. Gael Guerra,Gael Guerra,281.685.054-23,BR,148,1,3
4327,MELINA ROCHA,Melina Rocha,027.868.144-73,BR,173,1,5
4328,J. Gregory,Jasmine Gregory,GB47131272,GB,1006,1,3
4329,Herr G. Schenk,Herr Gisbert Schenk,DE97167893,DE,1104,1,6
4330,A. Miguel wda Rosa,Arthur Miguel da Rosa,648.422.940-57,BR,414,1,4
4331,Helelna Cavalcanti,Hellena Cavalcanti,592.555.625-88,BR,185,1,5
4332,CATHERINE PEARCE-MCCARTHY,Catherine Pearce-McCarthy,GB60675478,GB,1767,1,2
4333,c. burns,Cheryl Burns,US98109229,US,1573,1,4
4334,Pedro Miguel,Pedro Miguel Freitas,404.625.901-93,BR,1314,1,4
4335,Heather Avery,Heather Avery,US61036906,US,1610,1,4
4336,Leandro Fonseca,Leandro Fonseca,159.696.641-60,BR,135,1,3
4337,João Moura,João Moura,905.865.185-06,BR,63,1,3
4338,Laís-Novaes,Laís Novaes,054.156.676-52,BR,166,1,5
4339,mr joe smith,Mr Joe Smith,GB50649071,GB,1801,1,3
4340,SEAN CLAY,Sean Clay,US38164968,US,831,1,6
4341,Bevjamim da Cunha,Benjamim da Cunha,517.133.959-62,BR,281,1,5
4342,emanuelly Da Conceição,Emanuelly da Conceição,881.973.699-35,BR,1202,1,5
4343,Henry Gabriel Rezende,Henry Gabriel Rezende,100.233.594-10,BR,1246,1,3
4344,Tracy Montoya,Tracy Montoya,US27686156,US,567,1,3
4345,Eloá Nascimento,Eloá Nascimento,098.050.097-88,BR,26,1,2
4346,Pedro Miguel da Conceicao,Pedro Miguel da Conceição,291.605.563-82,BR,1245,1,4
4347,Dr Liam Watkins,Dr Liam Watkins,GB77879264,GB,1835,1,3
4348,Sabrina Guerra,Sabrina Guerra,299.590.010-94,BR,182,0,1
4349,Allison Spencer,Allison Spencer,US64839908,US,634,1,4
4350,Benício Melo,Benício Melo,918.463.865-57,BR,442,1,3
4351,Gislinde Gerlach-Gierschner,Gislinde Gerlach-Gierschner,DE65491233,DE,1111,1,2
4352,Encarna M. Cerezo,Encarna Mora Cerezo,ES68432185,ES,1124,1,4
4353,Vitor Hugo Andrade,Vitor Hugo Andrade,085.899.441-71,BR,366,1,3
4354,DUNCAN MORGAN,Duncan Morgan,GB16105858,GB,874,1,3
4355,Melissa Bishop,Melissa Bishop,US83337520,US,700,1,4
4356,Vitor Hugo Fonseca,Vitor Hugo Fonseca,801.994.883-75,BR,398,1,2
4357,Vitor Gabriel Campos,Vitor Gabriel Campos,866.934.654-72,BR,405,1,6
4358,D. Nicole Aragão,Dra. Nicole Aragão,153.714.732-10,BR,186,1,5
4359,Joao Guilherme,João Guilherme Macedo,470.551.694-09,BR,196,1,3
4360,Pedro henrique Pastor,Pedro Henrique Pastor,181.022.031-73,BR,512,1,2
4361,R. Gertz,Roswita Gertz,DE54335867,DE,1081,1,3
4362,Sean Moore,Sean Moore,US79880338,US,663,1,3
4363,Miguel Peixoto,Miguel Peixoto,631.224.179-74,BR,496,0,1
4364,Pamela Diaz,Pamela Diaz,US63098035,US,671,1,3
4365,Rosie Harris,Rosie Harris,GB87194344,GB,848,1,3
4366,Elizabeth Sharp,Elizabeth Sharp,US98520663,US,736,1,3
4367,Anna Carvalho,Anna Liz Carvalho,263.689.702-83,BR,199,1,2
4368,Olivia Joens,Olivia Jones,GB35805407,GB,1775,1,2
4369,Samuel Turner,Samuel Turner,US17390556,US,785,1,3
4370,Emilly da,Emilly da Mota,154.516.808-76,BR,86,1,2
4371,Erika Jackson,Erika Jackson,US39347896,US,1642,1,4
4372,Melissa,Melissa Rodrigues,931.572.791-94,BR,524,1,3
4373,Rebecca White,Rebecca White,US46671472,US,1594,1,3
4374,Mr. Gustavo Henrique Silva,Gustavo Henrique Silva,945.198.327-31,BR,125,1,4
4375,Lívia Monteiro,Lívia Monteiro,463.746.745-79,BR,1354,1,3
4376,Brígida Colomer Cabrera,Brígida Colomer Cabrera,ES86541203,ES,1176,1,3
4377,Maria Alice Oliveira,Maria Alice Oliveira,114.374.470-12,BR,387,1,2
4378,Christian Vaughn,Christian Vaughn,US96718276,US,693,1,6
4379,L. Pastor,Letícia Pastor,063.242.415-41,BR,289,1,6
4380,Jennifer Banks,Jennifer Banks,US72916371,US,622,1,4
4381,Adlice Silveira,Alice Silveira,030.705.345-78,BR,360,1,2
4382,Josbué-Jesus,Josué Jesus,407.766.521-64,BR,1463,1,3
4383,Maria Flor Vargas,Maria Flor Vargas,780.282.645-06,BR,1377,1,3
4384,Helen Wright,Helen Wright,GB51940463,GB,996,1,5
4385,Joyce brown,Joyce Brown,US93558632,US,753,1,4
4386,Maria Helena Gomes,Maria Helena Gomes,970.246.299-60,BR,355,1,3
4387,Jennifer Hernandez,Jennifer Hernandez,US89855385,US,805,1,3
4388,Isabella,Isabella Monteiro,168.942.104-47,BR,378,1,5
4389,Cynthia Vang,Cynthia Vang,US51473062,US,575,1,4
4390,Vicente Guerra,Vicente Guerra,427.063.317-24,BR,1226,1,3
4391,Marie Skinner,Marie Skinner,GB45277027,GB,1830,1,3
4392,Tim mRuppersberger,Timm Ruppersberger,DE92310750,DE,1034,1,4
4393,Apollo Borges,Apollo Borges,060.385.050-64,BR,312,1,2
4394,Bryan-Cunningham,Bryan Cunningham,GB12512345,GB,923,1,5
4395,Luan Vieira,Luan Vieira,717.099.917-38,BR,372,1,4
4396,billy,Billy Thompson,US47464994,US,1588,1,3
4397,Lucas Gabrie Dias,Lucas Gabriel Dias,623.091.307-56,BR,198,1,4
4398,Maria Helena Cavalcante,Maria Helena Cavalcante,357.318.020-34,BR,1304,1,3
4399,Ashley Garcia,Ashley Garcia,US33095179,US,1623,1,2
4400,M. Schwartz,Matthew Schwartz,US30144703,US,737,1,3
4401,Ayla Freitas,Ayla Freitas,866.531.592-92,BR,1341,1,5
4402,Dra. Ísis dos Pereira,Dra. Ísis Pereira,547.887.287-43,BR,209,1,2
4403,Mariane Barbosa,Mariane Barbosa,208.171.964-86,BR,1320,1,2
4404,Amy Gordon,Amy Gordon,US42844845,US,775,1,2
4405,Tiffany Baker,Tiffany Baker,US37340291,US,1596,1,2
4406,Asafe das Neves,Asafe das Neves,772.175.354-08,BR,395,0,1
4407,Dr Tom Morley,Dr Tom Morley,GB37002880,GB,882,1,2
4408,A. Anderson,Amy Anderson,US46142587,US,1562,1,4
4409,Alab Diaz,Alan Diaz,US35681520,US,1618,1,4
4410,Luiz Gustavo Sales,Luiz Gustavo Sales,127.803.613-97,BR,1230,1,3
4411,J. Melo,Joaquim Melo,892.268.018-24,BR,179,1,2
4412,Mariane Ribeiro,Mariane Ribeiro,509.977.008-86,BR,240,1,4
4413,Mary  Moore,Mary Moore,US75797046,US,1567,1,2
4414,Anotny Castro,Antony Castro,981.416.811-13,BR,1496,1,2
4415,ChelseaW ebb,Chelsea Webb,US87359986,US,1745,1,3
4416,Dr AbdulSims,Dr Abdul Sims,GB78006730,GB,888,1,3
4417,Dr trace hompson,Dr Grace Thompson,GB32276047,GB,936,1,3
4418,Enrico da Luz,Enrico da Luz,898.905.560-50,BR,1499,1,3
4419,Caebe Vieira,Calebe Vieira,983.782.539-86,BR,1355,1,3
4420,Fernanda Cassiano,Fernanda Cassiano,036.690.967-05,BR,54,1,3
4421,Ana Cecília Lopes,Ana Cecília Lopes,132.719.500-52,BR,505,1,5
4422,A. Beatriz Pacheco,Ana Beatriz Pacheco,386.631.779-71,BR,396,1,3
4423,IGOR CAMPOS,Igor Campos,573.875.717-75,BR,267,1,3
4424,Lorenzo Cunha,Lorenzo Cunha,130.708.294-81,BR,1398,1,3
4425,Bobby Guerrero,Bobby Guerrero,US92189839,US,610,1,2
4426,Molly Watts,Molly Watts,US66701914,US,686,1,3
4427,Ana Julia Rocha,Ana Julia Rocha,611.178.006-81,BR,487,1,4
4428,Claudio Recio,Claudio Recio,ES24595457,ES,1148,1,3
4429,Jonathan,Jonathan Mcguire,US69819040,US,1565,1,3
4430,anna-hodgson,Anna Hodgson,GB10212187,GB,864,1,2
4431,KIARA LITTLE,Kiara Little,US43565477,US,713,1,3
4432,David Russell,David Russell,US57489235,US,1643,1,5
4433,Ntahan Santos,Nathan Santos,652.407.784-87,BR,507,1,2
4434,sara patel,Sara Patel,GB76743663,GB,1779,1,3
4435,Rosie Palemr,Rosie Palmer,GB25827722,GB,869,1,4
4436,Ana Júlia-Ferreira,Ana Júlia Ferreira,310.690.331-19,BR,224,1,6
4437,nancy scholtz,Nancy Scholtz,DE90010054,DE,1050,1,2
4438,João Gabriel das Neves,João Gabriel das Neves,346.373.026-13,BR,1382,1,3
4439,ANNA LIZ CASTRO,Anna Liz Castro,211.293.828-96,BR,1313,1,4
4440,Richard Roberts,Richard Roberts,GB85910437,GB,1850,1,2
4441,Ashhey Wise,Ashley Wise,US40524866,US,556,1,4
4442,Srta. HadassaAzevedo,Srta. Hadassa Azevedo,549.733.484-34,BR,201,1,6
4443,A. Melo,Alice Melo,583.719.884-58,BR,1549,1,2
4444,Cynthia Vang,Cynthia Vang,US51473062,US,575,1,4
4445,Anthony Martisn,Anthony Martins,506.489.090-10,BR,381,1,3
4446,Denise Martipez,Denise Martinez,US70516875,US,705,1,5
4447,Wesley Green,Wesley Green,US36653973,US,1690,1,2
4448,Grace  Barber,Grace Barber,GB47642707,GB,930,1,5
4449,G. Peck,Gregory Peck,US53414191,US,704,1,2
4450,L. Harrington,Lawrence Harrington,US20667011,US,617,1,4
4451,sarah king,Sarah King,US75759022,US,645,1,4
4452,Srta. Ísis Andrade,Srta. Ísis Andrade,244.510.762-26,BR,133,1,2
4453,Rachel Mcclain,Rachel Mcclain,US49622861,US,1679,1,3
4454,Brenda,Brenda Hinton,US21766833,US,839,1,4
4455,Richard Knight PhD,Richard Knight PhD,US65533646,US,829,1,2
4456,Ana Sophia,Ana Sophia Marques,225.358.414-38,BR,180,1,6
4457,Cynthia Vang,Cynthia Vang,US51473062,US,575,1,4
4458,Srta. Maya Pimenta Filho,Srta. Maya Pimenta,817.322.515-84,BR,1344,1,4
4459,Melissa Myers Jr,Melissa Myers,US62726977,US,548,1,3
4460,ANTONY CAMARGO,Antony Camargo,699.016.272-04,BR,57,1,4
4461,Luigi Silva,Luigi Silva,368.157.981-23,BR,538,1,3
4462,Lucas G. Viana,Lucas Gabriel Viana,411.998.679-80,BR,142,1,4
4463,JADE MARQUES,Jade Marques,603.323.098-21,BR,380,1,3
4464,Derrick Spencer,Derrick Spencer,US60099487,US,1592,1,3
4465,Luiz F. Ramos,Luiz Fernando Ramos,805.929.622-29,BR,150,1,2
4466,Luiz Miguel Cirino,Luiz Miguel Cirino,356.279.158-23,BR,1238,1,2
4467,JOSHUA MASSEY II,Joshua Massey II,US44710020,US,1728,1,5
4468,Mrs. Davi L. Nogueira,Davi Lucca Nogueira,283.411.080-99,BR,435,1,4
4469,Dr Denis Rees,Dr Denis Rees,GB95982334,GB,881,1,4
4470,Sara Warren,Sara Warren,GB24786616,GB,1804,1,3
4471,Richard Taylor,Richard Taylor,GB55520266,GB,932,1,6
4472,Lope Cabrero Macias,Lope Cabrero Macias,ES50876026,ES,1177,0,1
4473,Arthur Gabriel Araújo,Arthur Gabriel Araújo,615.073.717-43,BR,1272,1,4
4474,K. oobertson,Kathleen Robertson,US70614013,US,665,1,4
4475,Crystal Spears,Crystal Spears,US27691623,US,1575,1,3
4476,Rhavi Nogueira,Rhavi Nogueira,557.120.215-19,BR,1433,1,4
4477,Yasmin Costa,Yasmin Costa,896.729.582-88,BR,1264,1,4
4478,Dra.  Isabelly Caldeira,Dra. Isabelly Caldeira,693.785.477-72,BR,237,1,3
4479,Renee Browning,Renee Browning,US83882978,US,820,0,1
4480,Gabrielly da Luz,Gabrielly da Luz,056.320.217-66,BR,1267,1,3
4481,S. Martins,Sabrina Martins,245.933.441-96,BR,523,1,2
4482,Aitor coloma cifuentes,Aitor Coloma Cifuentes,ES37949250,ES,1121,1,4
4483,Lisa Thomas,Lisa Thomas,US36713936,US,1682,1,2
4484,Srta. Antonella da Paz,Srta. Antonella da Paz,551.884.422-58,BR,175,1,3
4485,Sheila Edwards,Sheila Edwards,US82506980,US,1564,1,2
4486,Martin Edwards,Martin Edwards,GB44147341,GB,884,1,3
4487,Dra.  Pereira,Dra. Clarice Pereira,604.220.484-41,BR,1232,1,3
4488,Ana Júlia Correia,Ana Júlia Correia,856.420.593-04,BR,327,0,1
4489,Robert Cumimngs,Robert Cummings,US43971980,US,754,1,2
4490,V.  Pires,Vitória Pires,141.056.593-91,BR,1269,1,2
4491,Gregory Peck,Gregory Peck,US53414191,US,704,1,2
4492,K. Weiß,Kriemhild Weiß B.A.,DE70838623,DE,1083,1,4
4493,Dipl.-Ing. I. B. B.A.,Dipl.-Ing. Ismail Bonbach B.A.,DE36594858,DE,1058,1,2
4494,Alicia Jensen,Alicia Jensen,US70599168,US,1598,1,2
4495,Benício Borges Filho,Benício Borges,858.544.715-13,BR,1509,1,2
4496,Hassad Gute-Seifert,Hassan Gute-Seifert,DE23815327,DE,1099,1,4
4497,Joaquim  Freitas,Joaquim Freitas,026.811.775-89,BR,117,1,4
4498,Joaquim Freitas,Joaquim Freitas,026.811.775-89,BR,117,1,4
4499,Andre Gonzalez,Andre Gonzalez,US51305349,US,1581,1,3
4500,Igor Garcia,Igor Garcia,322.619.413-38,BR,1310,1,4
4501,R. Barbosa,Rebeca Barbosa,254.494.812-60,BR,283,1,4
4502,Pedro Henrique Abreu,Pedro Henrique Abreu,036.971.179-80,BR,159,1,4
4503,Benicio Goncalves,Benicio Gonçalves,003.033.933-80,BR,1291,1,4
4504,Fernando Pires,Fernando Pires,808.584.700-72,BR,1334,1,3
4505,Emanueolly Nunes,Emanuelly Nunes,262.385.734-15,BR,1210,1,2
4506,hadassa montenegro,Hadassa Montenegro,352.904.228-42,BR,115,1,5
4507,D. Alves,Diogo Alves,691.251.778-52,BR,178,1,3
4508,Maysa Mvura,Maysa Moura,205.554.384-04,BR,540,1,3
4509,Dra. Helena Garcia,Dra. Helena Garcia,061.593.998-24,BR,482,1,2
4510,José Siqueira,José Siqueira,560.480.635-81,BR,1204,1,5
4511,Kristin Mendoza,Kristin Mendoza,US90971604,US,793,1,4
4512,Rhys Cooper,Rhys Cooper,GB45711004,GB,1810,1,5
4513,C. Eduardo Araújo,Carlos Eduardo Araújo,877.190.659-40,BR,82,1,3
4514,Gabriela Silva,Gabriela Silva,877.694.531-47,BR,65,1,2
4515,Manuela Camargo,Manuela Camargo,176.936.763-20,BR,48,1,2
4516,Aad Lange-Barth,Ada Lange-Barth,DE69839130,DE,1053,1,2
4517,J. Lucas,João Lucas Sá,226.567.661-82,BR,221,1,4
4518,Mr Spencer,Mr Daniel Spencer,GB51655640,GB,973,1,4
4519,Bruna Vasconcelos Filho,Bruna Vasconcelos,013.983.735-40,BR,232,1,5
4520,Alice Pacheco,Alice Pacheco,706.650.321-86,BR,1289,1,4
4521,Sian Miller-Green,Sian Miller-Green,GB18745863,GB,1844,1,2
4522,Emanuelly da Concei?ão,Emanuelly da Conceição,881.973.699-35,BR,1202,1,5
4523,Carmelita Palacios,Carmelita Palacios Godoy,ES55929418,ES,1126,1,4
4524,daniel fuentes,Daniel Fuentes,US87214577,US,1632,1,3
4525,Sally Hardy,Sally Hardy,GB37952515,GB,924,1,2
4526,DENISE MARTINEZ,Denise Martinez,US70516875,US,705,1,5
4527,VICENTA PIZARRO PEIRÓ,Vicenta Pizarro Peiró,ES28645088,ES,1158,1,3
4528,Jeffrey Mendez,Jeffrey Mendez,US25889673,US,587,1,5
4529,Lisa Randall,Lisa Randall,US79386491,US,690,1,3
4530,B. Montenegro,Bernardo Montenegro,477.591.009-12,BR,1252,1,5
4531,Pedro H. Ferreira,Pedro Henrique Ferreira,613.750.606-85,BR,155,1,3
4532,Esther Pinto,Esther Pinto,089.935.889-16,BR,393,1,3
4533,Dra. Isabelly Caldeira,Dra. Isabelly Caldeira,693.785.477-72,BR,237,1,3
4534,Enzo  Gabriel Pinto,Enzo Gabriel Pinto,074.183.384-42,BR,1520,1,5
4535,DEREK WALSH,Derek Walsh,GB79276026,GB,977,1,4
4536,Luiza Farias,Luiza Farias,355.101.234-93,BR,1322,1,3
4537,Robin Thompson,Robin Thompson,US69459055,US,596,1,3
4538,Amntonie Beyer,Antonie Beyer,DE81603135,DE,1059,1,5
4539,George Mahmood,George Mahmood,GB44122298,GB,1792,1,2
4540,L. Gustavo Caldeira,Luiz Gustavo Caldeira,043.416.518-27,BR,469,1,4
4541,Maria Flor da Luz,Maria Flor da Luz,184.619.580-58,BR,1453,1,5
4542,Damian Striebitz,Damian Striebitz,DE92804565,DE,1075,1,2
4543,Chloe Diaz,Chloe Diaz,US32558387,US,1656,1,2
4544,Melissa Myers,Melissa Myers,US62726977,US,548,1,3
4545,Judith French-Clarke Neto,Judith French-Clarke,GB74890505,GB,971,1,2
4546,Curtis Taylor,Curtis Taylor,US14325777,US,633,1,3
4547,Ana Sophia Farias,Ana Sophia Farias,696.542.927-95,BR,1286,1,4
4548,ADELGUNDE WERNER,Adelgunde Werner,DE57731087,DE,1055,1,2
4549,Tina Stephens,Tina Stephens,GB19851956,GB,1789,1,5
4550,Deborah Reeves,Deborah Reeves,GB93650413,GB,849,1,6
4551,BIANCA MENDONÇA,Bianca Mendonça,425.799.136-62,BR,449,1,3
4552,Shahe Watson,Shane Watson,US87606531,US,1585,1,3
4553,caroline mendes,Caroline Mendes,532.500.268-05,BR,1340,1,3
4554,Luiz Felipe,Luiz Felipe Gomes,463.546.481-96,BR,1363,1,3
4555,Benjamin Foster,Benjamin Foster,US19540635,US,1755,1,3
4556,Dr obson,Dr Bryan Dobson,GB48787922,GB,1877,1,4
4557,DAVI LUCAS MONTENEGRO,Davi Lucas Montenegro,471.324.754-69,BR,357,1,4
4558,Dawn  Coleman-Patel,Dawn Coleman-Patel,GB44683354,GB,1772,1,5
4559,Joseph Wilson,Joseph Wilson,US27659164,US,750,1,5
4560,Henry Cassiano,Henry Cassiano,471.640.827-40,BR,1478,1,4
4561,D. Fernanda Fonseca,Dra. Fernanda Fonseca,621.851.888-88,BR,161,1,2
4562,Francisco da Mata,Francisco da Mata,893.010.578-39,BR,1359,1,2
4563,daniela leão,Daniela Leão,930.561.648-40,BR,419,1,2
4564,Brunf Gomes,Bruna Gomes,047.277.901-04,BR,157,1,4
4565,Alexandre Jesus,Alexandre Jesus,899.940.438-98,BR,296,1,2
4566,Mr Bernard Thomson,Mr Bernard Thomson,GB77116153,GB,967,1,4
4567,A. Almeida,Antônio Almeida,012.998.070-11,BR,1440,1,3
4568,Sara Porto,Sara Porto,130.596.925-11,BR,1476,1,4
4569,Fernanda Vasconcelos,Fernanda Vasconcelos,364.722.900-20,BR,1299,1,3
4570,K. Ziegert,Kunigunde Ziegert,DE34022690,DE,1049,1,3
4571,Jennifer  Jones,Jennifer Jones,US86687590,US,836,1,6
4572,JILL HUGHES,Jill Hughes,US37127138,US,1748,1,4
4573,Univ.Prof. Gebhard Ortmann tBA.,Univ.Prof. Gebhard Ortmann MBA.,DE27098533,DE,1097,1,6
4574,Georgina Taylor,Georgina Taylor,GB52835559,GB,1008,1,3
4575,M. Morrison,Michael Morrison,US99522760,US,791,1,2
4576,Leandrot Fonseca,Leandro Fonseca,159.696.641-60,BR,135,1,3
4577,Zachary Jones,Zachary Jones,US89269837,US,1659,1,2
4578,Lucas G. Duarte,Lucas Gabriel Duarte,213.568.044-20,BR,319,1,2
4579,Andrea Suarez,Andrea Suarez,US27203192,US,1691,1,3
4580,Rachael Dawson,Rachael Dawson,GB48462422,GB,1005,1,4
4581,stephen,Stephen Chapman,GB78811224,GB,1849,1,2
4582,DERRICK PATEL,Derrick Patel,US29374849,US,1739,1,3
4583,Donna Newman,Donna Newman,GB65571661,GB,873,0,1
4584,Beatriz Barbosa,Beatriz Barbosa,053.293.183-93,BR,114,1,2
4585,Maysa Moura,Maysa Moura,205.554.384-04,BR,540,1,3
4586,Eduardo Costa,Eduardo da Costa,687.056.856-62,BR,228,1,2
4587,Amber Yang,Amber Yang,US90544341,US,773,1,3
4588,Caitlin Watson,Caitlin Watson,US61965156,US,541,0,1
4589,George Richardson Neto,George Richardson,GB95564277,GB,878,1,6
4590,John Wiley,John Wiley,US44406252,US,1754,1,2
4591,Hayley,Hayley Roberts,GB25377952,GB,1878,1,4
4592,Sherry Wods,Sherry Woods,US26581824,US,717,1,4
4593,Prof. Harri Thies B.Eng.,Prof. Harri Thies B.Eng.,DE20542212,DE,1060,1,5
4594,olivia farias,Olivia Farias,650.685.363-47,BR,1546,1,5
4595,B. Aparecida,Bernardo Aparecida,301.031.051-83,BR,19,1,2
4596,Isis Barros,Isis Barros,512.868.230-04,BR,222,0,1
4597,S. Thomas,Stewart Thomas,GB10822924,GB,891,1,4
4598,Letícia Freitas,Letícia Freitas,802.715.825-80,BR,1273,1,3
4599,DECLAN WILLIS,Declan Willis,GB25278911,GB,892,1,2
4600,B. Machado,Bianca Machado,322.259.136-51,BR,444,1,4
4601,Erika Jackson,Erika Jackson,US39347896,US,1642,1,4
4602,Benício-da Luz,Benício da Luz,951.008.600-89,BR,1455,1,2
4603,AYNUR HAERING,Aynur Haering,DE54604858,DE,1057,1,5
4604,Ayla Farias,Ayla Farias,672.656.729-73,BR,1551,1,5
4605,S. Clay,Sean Clay,US38164968,US,831,1,6
4606,Dr James Jones,Dr James Jones,GB87576948,GB,1854,1,3
4607,jeffrey mendez,Jeffrey Mendez,US25889673,US,587,1,5
4608,EMANUEL MACEDO,Emanuel Macedo,754.770.704-89,BR,1294,1,2
4609,Elizabeth Sharp,Elizabeth Sharp,US98520663,US,736,1,3
4610,Catherine White,Catherine White,GB87518768,GB,998,1,2
4611,J. Gilbert,James Gilbert,US15168989,US,662,1,5
4612,Brittany,Brittany Kim,US82659280,US,572,0,1
4613,Maria Vitória Rocha,Maria Vitória Rocha,757.349.645-73,BR,1489,1,2
4614,Michael Ramirez,Michael Ramirez,US90993934,US,1613,1,5
4615,Jennifr Jones,Jennifer Jones,US86687590,US,836,1,6
4616,bobby guerrero,Bobby Guerrero,US92189839,US,610,1,2
4617,Hayden Thomas,Hayden Thomas,US55525274,US,1568,1,5
4618,Sarah King,Sarah King,US75759022,US,645,1,4
4619,Nina Siqueira,Nina Siqueira,499.471.746-48,BR,81,1,2
4620,Yasmin Costa,Yasmin Costa,896.729.582-88,BR,1264,1,4
4621,Derrick Patel,Derrick Patel,US29374849,US,1739,1,3
4622,Scott Knapp,Scott Knapp,US39528997,US,1663,1,3
4623,R. HUDSON-CONNOLLY,Rita Hudson-Connolly,GB13346688,GB,965,1,2
4624,Ms Shirley West,Ms Shirley West,GB35529779,GB,969,1,2
4625,pedro henrique ferreira,Pedro Henrique Ferreira,613.750.606-85,BR,155,1,3
4626,Davi Lucca Machado,Davi Lucca Machado,495.205.958-36,BR,1277,1,2
4627,BEATRIZ MACEDO,Beatriz Macedo,282.417.248-25,BR,370,1,4
4628,Davi Andrade,Davi Andrade,898.136.748-54,BR,1407,1,5
4629,Anjel May,Angel May,US15613827,US,651,1,5
4630,Dra. V. Peixoto,Dra. Valentina Peixoto,419.182.553-71,BR,271,1,5
4631,Yasmin  Santos,Yasmin Santos,645.208.814-74,BR,502,1,3
4632,U. Rolf-Dieter Ring B.Sc.,Univ.Prof. Rolf-Dieter Ring B.Sc.,DE64450250,DE,1100,1,6
4633,B. Machado,Bianca Machado,322.259.136-51,BR,444,1,4
4634,Herr Adrian,Herr Adrian Trommler,DE57018904,DE,1023,1,5
4635,Eloá Vieira,Eloá Vieira,616.711.031-34,BR,1260,1,2
4636,Mark Brcidges,Mark Bridges,US22389273,US,1595,1,2
4637,Jose Allen,Jose Allen,US81532887,US,586,1,2
4638,ANÍBAL HECTOR ARANA VALLÉS,Aníbal Hector Arana Vallés,ES81303949,ES,1166,1,4
4639,Maya ePreira,Maya Pereira,361.530.515-22,BR,156,1,4
4640,Kevin Sims,Kevin Sims,US43958659,US,1648,1,3
4641,Ediwn Nunez,Edwin Nunez,US98512648,US,766,1,3
4642,Melissa Roberts,Melissa Roberts,GB35347488,GB,1820,1,2
4643,CATARINA DA PAZ,Catarina da Paz,829.052.040-68,BR,1485,1,5
4644,JUAN ALMEIDA,Juan Almeida,045.561.100-22,BR,388,1,3
4645,SAMANTHA ROBERTSON,Samantha Robertson,US15892974,US,732,1,3
4646,Felicia P. d. Cadenas,Felicia Perez Cadenas,ES53671508,ES,1139,1,2
4647,Fred Norris,Fred Norris,US73234966,US,1628,1,2
4648,Luiz Otávio Camargo,Luiz Otávio Camargo,420.554.113-85,BR,1362,1,5
4649,Sophia Johnson,Sophia Johnson,US66013532,US,557,1,3
4650,Pedro Miguel Siqueira,Pedro Miguel Siqueira,728.785.738-91,BR,1312,1,3
4651,Asafe da Cruz,Asafe da Cruz,878.003.845-76,BR,539,1,2
4652,Jennider Hernandez,Jennifer Hernandez,US89855385,US,805,1,3
4653,Brayan Araújo,Brayan Araújo,588.425.241-05,BR,304,1,2
4654,Dominic Harrsi-Holloway,Dominic Harris-Holloway,GB36918105,GB,1003,1,5
4655,Agatha Silveira,Agatha Silveira,278.895.798-68,BR,50,1,4
4656,Herr das Gisbert Schenk,Herr Gisbert Schenk,DE97167893,DE,1104,1,6
4657,Amanda Barros,Amanda Barros,187.851.910-88,BR,216,0,1
4658,MELINA DA MOTA,Melina da Mota,557.431.329-12,BR,316,1,3
4659,Yasmin Cardoso,Yasmin Cardoso,106.422.426-14,BR,1254,1,2
4660,Mrs Doherty,Mrs Lynn Doherty,GB87383284,GB,1778,1,4
4661,Mrs Denise Harrison,Mrs Denise Harrison,GB78996054,GB,1019,1,2
4662,Caroline da,Caroline da Paz,376.108.007-36,BR,1460,1,5
4663,Dr Lynn Kirk,Dr Lynn Kirk,GB25440475,GB,1826,1,2
4664,Lais Correia,Laís Correia,103.073.877-03,BR,1274,1,5
4665,Nancy Brown,Nancy Brown,US22138759,US,695,0,1
4666,Danilo Silveira,Danilo Silveira,530.346.191-82,BR,1301,1,2
4667,Gael Gurra,Gael Guerra,281.685.054-23,BR,148,1,3
4668,LUIZA FARIAS,Luiza Farias,355.101.234-93,BR,1322,1,3
4669,Kelly Turner,Kelly Turner,US96907911,US,1687,1,3
4670,Francis Williams-Barnes,Francis Williams-Barnes,GB66782149,GB,1808,1,5
4671,Stephany Dias,Stephany Dias,817.549.651-37,BR,108,1,2
4672,Emanuelly da Conceição,Emanuelly da Conceição,881.973.699-35,BR,1202,1,5
4673,Daniel Meza,Daniel Meza,US92201431,US,554,1,4
4674,Nathan Cooper,Nathan Cooper,US32063239,US,1681,1,2
4675,Joseph,Joseph Wilson,US27659164,US,750,1,5
4676,D. Nicole Aragão,Dra. Nicole Aragão,153.714.732-10,BR,186,1,5
4677,Courtney Smith,Courtney Smith,US89035763,US,765,0,1
4678,Richard Cooper,Richard Cooper,US65571528,US,593,1,3
4679,amber patel,Amber Patel,GB84275741,GB,1866,1,2
4680,Alcides d. Ayuso,Alcides del Ayuso,ES58216998,ES,1194,1,4
4681,Maristela Lourdes Rivas,Maristela Lourdes Rivas Capdevila,ES50229795,ES,1175,1,3
4682,Nathan da Mata,Nathan da Mata,086.353.654-19,BR,308,1,3
4683,Stella Mendonça,Stella Mendonça,855.542.663-53,BR,1524,1,2
4684,Sr. Erick Costa,Erick Costa,775.170.166-08,BR,397,1,3
4685,Jovita,Jovita Torrijos Landa,ES22151134,ES,1156,1,5
4686,Ágatha das Leão II,Ágatha Leão,398.780.157-39,BR,418,1,3
4687,BRENO RAMOS,Breno Ramos,559.042.597-92,BR,532,1,5
4688,Julia Viana,Julia Viana,576.627.028-95,BR,94,1,2
4689,Glauco-Priego Cabrero,Glauco Priego Cabrero,ES67867771,ES,1123,1,4
4690,Mateus Lopes,Mateus Lopes,672.292.544-30,BR,1530,1,3
4691,Pedro Lucs Sá,Pedro Lucas Sá,094.161.047-76,BR,1250,1,4
4692,Jouué Vieira,Josué Vieira,124.499.597-34,BR,1510,1,3
4693,Enrico Nunes,Enrico Nunes,356.519.970-36,BR,1331,1,4
4694,Lunna Andrade,Lunna Andrade,397.043.674-02,BR,1323,1,3
4695,Srta. Helena Siqueira,Srta. Helena Siqueira,982.845.228-49,BR,1477,1,3
4696,Angela Ross,Angela Ross,US97137753,US,1639,1,3
4697,Isabel Melo,Isabel Melo,620.034.244-20,BR,409,1,5
4698,henry mata,Henry da Mata,843.012.085-05,BR,1381,1,2
4699,Benjamnm,Benjamim Novaes,225.790.507-23,BR,276,1,3
4700,Ana Lívia da Costa,Ana Lívia da Costa,545.444.328-30,BR,367,1,2
4701,Henner Jäntsch,Henner Jäntsch MBA.,DE40037183,DE,1073,1,2
4702,Leonardo Cavalcanti,Leonardo Cavalcanti,483.960.730-83,BR,1427,1,2
4703,Isabel Melo,Isabel Melo,620.034.244-20,BR,409,1,5
4704,Dra. Fernanda Fonseca,Dra. Fernanda Fonseca,621.851.888-88,BR,161,1,2
4705,Laura da Conceição,Laura da Conceição,965.207.446-66,BR,368,1,2
4706,JESSICA KHAN,Jessica Khan,US82191574,US,670,1,3
4707,Yuri Farias,Yuri Farias,410.378.700-19,BR,1445,1,3
4708,Joshua Vance,Joshua Vance,US31983035,US,630,1,2
4709,THIAGO GOMES,Thiago Gomes,703.352.110-39,BR,533,1,3
4710,Xiomara Villanueva-Colom,Xiomara Villanueva-Colom,ES49124904,ES,1167,0,1
4711,Mr Albert Smith,Mr Albert Smith,GB48678188,GB,1852,1,3
4712,I. Pacheco,Isadora Pacheco,095.214.562-32,BR,105,1,4
4713,Jay Roberts,Jay Roberts,GB81925331,GB,922,1,2
4714,Ana S. Farias,Ana Sophia Farias,696.542.927-95,BR,1286,1,4
4715,Bernhard Gehringer-Mnde,Bernhard Gehringer-Mende,DE72464469,DE,1070,1,3
4716,Gregorio Torralba-Suárez,Gregorio Torralba-Suárez,ES56206415,ES,1179,1,3
4717,Nina Leão,Nina Leão,866.524.041-57,BR,203,1,3
4718,S. Spencer,Shelly Spencer,US97573396,US,569,1,6
4719,Tracy Grant,Tracy Grant,US56844649,US,787,1,2
4720,Susan Thompson,Susan Thompson,US95103759,US,721,0,1
4721,Maria Liz Azevedo,Maria Liz Azevedo,448.906.120-34,BR,480,1,2
4722,Kaique Paztor,Kaique Pastor,704.774.349-02,BR,347,1,3
4723,Olivia Farias,Olivia Farias,650.685.363-47,BR,1546,1,5
4724,ANTHONY PACHECO,Anthony Pacheco,242.888.133-83,BR,1240,1,2
4725,Univ.Prof. Friederike Hiller,Univ.Prof. Friederike Hiller,DE13891332,DE,1040,1,5
4726,Frieda Mentzel,Frieda Mentzel,DE71147472,DE,1067,1,3
4727,Luan Nunes,Luan Nunes,466.975.908-72,BR,1503,1,4
4728,J. Woods,June Woods,GB18886963,GB,928,1,4
4729,Sergio Coloma,Sergio Coloma,ES70016768,ES,1171,0,1
4730,B. Sales,Bianca Sales,616.157.686-84,BR,1247,1,4
4731,Colin-Birch,Colin Birch,GB94181424,GB,910,1,6
4732,D. G. Thompson,Dr Grace Thompson,GB32276047,GB,936,1,3
4733,Maria Flor Goncalves,Maria Flor Gonçalves,175.355.609-32,BR,235,1,4
4734,Davi Lucas Porto,Davi Lucas Porto,688.767.677-21,BR,277,1,2
4735,Jane Webb,Jane Webb,GB15909601,GB,987,1,4
4736,K. Weiß B.A.,Kriemhild Weiß B.A.,DE70838623,DE,1083,1,4
4737,Maria,Maria Flor Vargas,780.282.645-06,BR,1377,1,3
4738,ana júlia ferreira,Ana Júlia Ferreira,310.690.331-19,BR,224,1,6
4739,NICOLA PHLLIPS,Nicola Phillips,GB18457740,GB,1815,1,4
4740,Yago Câmara,Yago Câmara,914.630.316-17,BR,302,0,1
4741,Donna Allen-natson,Donna Allen-Watson,GB80477785,GB,955,1,2
4742,Srta. Araújo,Srta. Liz Araújo,229.976.418-83,BR,1482,1,2
4743,Teo Zorrilla Patiño,Teo Zorrilla Patiño,ES89318677,ES,1122,0,1
4744,Timothy Edwards,Timothy Edwards,US17809403,US,834,1,5
4745,Mrs. Leonardo Martins,Leonardo Martins,376.938.983-31,BR,530,1,3
4746,Alfons Schmiedecke-Saholl,Alfons Schmiedecke-Scholl,DE87132010,DE,1096,1,2
4747,Antônio Alves,Antônio Alves,358.491.840-05,BR,1371,1,2
4748,Anthony Lima,Anthony Lima,935.472.438-77,BR,1421,1,2
4749,amy akhtar-faulkner,Amy Akhtar-Faulkner,GB87496999,GB,925,1,2
4750,Dra. dos Amanda Novaes,Dra. Amanda Novaes,408.914.322-53,BR,1461,1,4
4751,vicente d. neves,Vicente das Neves,400.995.226-01,BR,1265,1,4
4752,Julia Andrade,Julia Andrade,818.141.247-82,BR,154,1,3
4753,D. Johnson,Diana Johnson,US37723256,US,1578,1,2
4754,Anatol Akumann,Anatol Aumann,DE82555030,DE,1036,1,2
4755,Sally Williams,Sally Williams,GB36347516,GB,1828,1,3
4756,Klaus-D.Schaaf,Klaus-D. Schaaf,DE73798298,DE,1087,1,4
4757,S. Rodgers,Sandra Rodgers,US21783647,US,551,1,5
4758,Scott Knapp,Scott Knapp,US39528997,US,1663,1,3
4759,Heloísa Fernandes,Heloísa Fernandes,444.147.360-75,BR,1512,1,3
4760,Diana Matthews,Diana Matthews,US85362563,US,1758,1,4
4761,C. Richardson,Caroline Richardson,GB27760879,GB,1774,1,2
4762,Yan Marques,Yan Marques,806.209.034-53,BR,1480,1,4
4763,Agatha da Rosa,Agatha da Rosa,658.202.970-21,BR,170,1,3
4764,Sophia Johnson,Sophia Johnson,US66013532,US,557,1,3
4765,Carole  Clark,Carole Clark,GB95146356,GB,1806,1,3
4766,Ing. Carl Weiß,Ing. Carl Weiß,DE46379997,DE,1026,1,3
4767,JONATHAN JACOBSON,Jonathan Jacobson,US29408873,US,739,1,3
4768,Angel  Gordon,Angel Gordon,US84853354,US,673,1,2
4769,Chad Jones,Chad Jones,US93956490,US,555,1,3
4770,mariane barbosa,Mariane Barbosa,208.171.964-86,BR,1320,1,2
4771,Benicio Cardoso,Benício Cardoso,990.881.172-98,BR,451,1,3
4772,Cnaudig Recio,Claudio Recio,ES24595457,ES,1148,1,3
4773,Gustavo H. Pires,Gustavo Henrique Pires,467.131.186-95,BR,1436,1,4
4774,ISADORA DA MATA,Isadora da Mata,793.597.820-71,BR,143,1,2
4775,Thiago das Neves,Thiago das Neves,722.170.430-30,BR,164,0,1
4776,Maria Laura Mota,Maria Laura da Mota,557.941.552-16,BR,389,1,4
4777,Pamela Diaz,Pamela Diaz,US63098035,US,671,1,3
4778,Jennifer Becker-Kranz,Jennifer Becker-Kranz,DE47883942,DE,1093,1,6
4779,Joana Ribeiro,Joana Ribeiro,312.442.831-91,BR,1261,1,4
4780,Helena Teixeira,Helena Teixeira,551.483.103-45,BR,1248,1,2
4781,Benício Cardoso,Benício Cardoso,990.881.172-98,BR,451,1,3
4782,Todd Moore,Todd Moore,US43122766,US,648,1,3
4783,Isabel eMelo,Isabel Melo,620.034.244-20,BR,409,1,5
4784,Dra. Ísi Pereira,Dra. Ísis Pereira,547.887.287-43,BR,209,1,2
4785,Brett  Evans,Brett Evans,GB53476321,GB,890,1,4
4786,Pedro Henrique Souza,Pedro Henrique Souza,974.351.013-30,BR,1465,1,4
4787,Rachel Mcclain,Rachel Mcclain,US49622861,US,1679,1,3
4788,D. ROBINSON,David Robinson,US10882216,US,774,1,3
4789,Dawn Coleman-Patel,Dawn Coleman-Patel,GB44683354,GB,1772,1,5
4790,Nikolai Thies,Nikolai Thies,DE93332410,DE,1113,0,1
4791,Maria Rocha,Maria Liz Rocha,270.653.794-73,BR,151,1,3
4792,Gustavo Rios,Gustavo Rios,098.593.174-61,BR,109,0,1
4793,Vinícius Rocha,Vinícius Rocha,218.409.053-66,BR,1211,1,3
4794,C. Albuquerque II,Cauê Albuquerque,015.582.342-91,BR,1399,1,3
4795,Heather Avery,Heather Avery,US61036906,US,1610,1,4
4796,Kaiqxe Pastor,Kaique Pastor,704.774.349-02,BR,347,1,3
4797,Dr Jones,Dr James Jones,GB87576948,GB,1854,1,3
4798,P. Posada,Pánfilo Abellán Posada,ES33231136,ES,1129,1,5
4799,yuri farias,Yuri Farias,410.378.700-19,BR,1445,1,3
4800,Brandi Huang,Brandi Huang,US99041525,US,1655,1,4
4801,Sra. Glauco Priego Cabrero,Glauco Priego Cabrero,ES67867771,ES,1123,1,4
4802,Lorena Machado,Lorena Machado,232.868.798-27,BR,1411,1,2
4803,Garry Bevan-Holmes,Garry Bevan-Holmes,GB63156840,GB,895,1,3
4804,Univ.Pof. Gebhard Ortmann MBA.,Univ.Prof. Gebhard Ortmann MBA.,DE27098533,DE,1097,1,6
4805,Lívia Montenegro,Lívia Montenegro,846.917.989-23,BR,1431,1,3
4806,Lorenzo Viana,Lorenzo Viana,636.990.015-33,BR,1253,1,2
4807,Antony Camargo,Antony Camargo,699.016.272-04,BR,57,1,4
4808,Ryan Rosales,Ryan Rosales,US28599426,US,570,1,4
4809,Liam Barlow,Liam Barlow,GB75841612,GB,1851,1,4
4810,Juliana Oliveira,Juliana Oliveira,386.571.918-26,BR,314,1,5
4811,Darrell Mosley,Darrell Mosley,US37185334,US,1671,1,3
4812,M. Lima,Maria Lima,361.832.421-02,BR,80,1,5
4813,Maria-Luísa Farias,Maria Luísa Farias,437.575.844-19,BR,202,1,4
4814,PASQUALE RITTER B.A.,Pasquale Ritter B.A.,DE94486125,DE,1052,1,3
4815,Ahan diaz,Alan Diaz,US35681520,US,1618,1,4
4816,J. Allen,Jose Allen,US81532887,US,586,1,2
4817,Kelly Edwards,Kelly Edwards,US25189633,US,697,1,4
4818,Dr Justin Clark,Dr Justin Clark,GB56929234,GB,876,1,3
4819,Elizabeht Mendez,Elizabeth Mendez,US16886777,US,741,1,3
4820,L. Perry,Lisa Perry,US51347409,US,743,1,4
4821,Matteo Freitas,Matteo Freitas,831.955.910-06,BR,1484,1,3
4822,Mathaias Cavalcante,Mathias Cavalcante,245.114.677-06,BR,1556,1,2
4823,SABRINA WARD,Sabrina Ward,US54409799,US,1689,1,4
4824,BRUNA FERREIRA,Bruna Ferreira,642.400.825-47,BR,492,1,4
4825,Mandy Colon,Mandy Colon,US83654179,US,1697,1,2
4826,João V. Campos,João Vitor Campos,812.689.928-53,BR,1319,1,3
4827,Prof. Sabina Echevarría-Pineda,Sabina Echevarría-Pineda,ES83085160,ES,1127,1,6
4828,D. iMller,Daniel Miller,US76356771,US,1634,1,3
4829,Chelsea Gill,Chelsea Gill,US87590290,US,792,1,6
4830,Timothy Hayden,Timothy Hayden,US54440977,US,795,1,2
4831,oxana sauer,Oxana Sauer,DE81503899,DE,1107,1,6
4832,Gustavo Vasconcelos,Gustavo Vasconcelos,754.416.083-29,BR,1454,1,5
4833,James  Baker-Slater,James Baker-Slater,GB38165011,GB,1001,1,3
4834,Leticia Ribeiro,Letícia Ribeiro,789.611.836-73,BR,121,1,2
4835,N. Murphy,Nigel Murphy,GB72395893,GB,867,1,2
4836,Mr. Cody Jones,Cody Jones,US54324700,US,1649,1,4
4837,George Murphy,George Murphy,GB15469312,GB,1762,1,4
4838,Emanuelly,Emanuelly Fonseca,708.204.320-28,BR,1279,1,2
4839,R. Ferreira,Raul Ferreira,518.644.925-19,BR,146,1,2
4840,Keith Mcclain,Keith Mcclain,US89006116,US,1636,1,2
4841,alexander davies,Alexander Davies,GB96657974,GB,906,1,4
4842,Ayla Freitas,Ayla Freitas,866.531.592-92,BR,1341,1,5
4843,Léo das Neves,Léo das Neves,256.996.112-53,BR,484,1,2
4844,danielb arbosa,Daniel Barbosa,840.369.003-43,BR,132,1,5
4845,Veronica Silva,Veronica Silva,US32345453,US,685,1,3
4846,Dra. Aurora,Dra. Aurora Pastor,351.161.559-40,BR,4,1,3
4847,Edward Wood,Edward Wood,US21940336,US,1657,1,3
4848,Maria Rogers,Maria Rogers,US16795002,US,1740,1,3
4849,Scott-Thompson,Scott Thompson,US56956617,US,1616,1,2
4850,Marcos Cruz,Marcos Vinicius da Cruz,271.673.207-04,BR,1369,1,2
4851,BENÍCIO ALBUQUERQUE,Benício Albuquerque,899.873.490-77,BR,1473,1,2
4852,SUSAN DAVIS,Susan Davis,US25322958,US,719,1,2
4853,Igor Paz,Igor da Paz,180.552.696-58,BR,298,1,3
4854,DR ALEX BROWN,Dr Alex Brown,GB76102828,GB,858,1,4
4855,brenda fields,Brenda Fields,US46827234,US,1760,1,4
4856,David Davis,David Davis,US96086421,US,661,0,1
4857,BERNHARD GEHRINGER-MENDE,Bernhard Gehringer-Mende,DE72464469,DE,1070,1,3
4858,Justin Walker,Justin Walker,US92019078,US,803,1,2
4859,Esther xa Cunha,Esther da Cunha,328.986.143-41,BR,158,1,4
4860,Dipl.-Ing. H. S. MBA.,Dipl.-Ing. Hans-Erich Schäfer MBA.,DE89558393,DE,1051,1,6
4861,Pánfilo Abellán Posada,Pánfilo Abellán Posada,ES33231136,ES,1129,1,5
4862,Gilberto d. Salmerón,Gilberto del Salmerón,ES41573535,ES,1198,1,6
4863,Jose Craword,Jose Crawford,US33924094,US,800,1,2
4864,Dawn-Coleman-Patfel,Dawn Coleman-Patel,GB44683354,GB,1772,1,5
4865,Henrique Silva,Henrique Silva,084.287.346-78,BR,1218,1,2
4866,Vitor G. Carvalho,Vitor Gabriel Carvalho,515.832.818-26,BR,416,1,5
4867,shelley cook,Shelley Cook,US30361927,US,546,1,3
4868,Liam Barlqow,Liam Barlow,GB75841612,GB,1851,1,4
4869,John-Hall,John Hall,US76450846,US,1638,1,4
4870,Sophie West-Hall,Sophie West-Hall,GB39121851,GB,1855,1,3
4871,mr daniel spencer,Mr Daniel Spencer,GB51655640,GB,973,1,4
4872,Ísis,Ísis Barbosa,129.015.959-32,BR,1349,1,2
4873,Bryan Abreu,Bryan Abreu,768.408.371-22,BR,1423,1,4
4874,Maria Clara Barbosa,Maria Clara Barbosa,302.848.620-55,BR,1298,1,4
4875,Dr John Harvey,Dr John Harvey,GB53934556,GB,974,1,2
4876,Kelsey Rodriguez,Kelsey Rodriguez,US31212832,US,582,1,2
4877,Esther Borges,Esther Borges,000.173.697-11,BR,1428,1,3
4878,D. Hans-Erich Schäfer MBA.,Dipl.-Ing. Hans-Erich Schäfer MBA.,DE89558393,DE,1051,1,6
4879,A. Brown,Alexander Brown,US28536762,US,574,1,4
4880,Bianca Machado,Bianca Machado,322.259.136-51,BR,444,1,4
4881,ROBERT HARRISON,Robert Harrison,US54195849,US,564,1,3
4882,Emanuel da Costa,Emanuel da Costa,753.269.731-12,BR,294,1,4
4883,Laís-Correia,Laís Correia,103.073.877-03,BR,1274,1,5
4884,Dr John Hart,Dr John Hart,GB31668901,GB,1821,1,3
4885,Mr Louis das Cooper,Mr Louis Cooper,GB35843038,GB,1004,1,6
4886,Dr P. Wood,Dr Patricia Wood,GB34146739,GB,859,1,2
4887,Mrs. Caio Vasconcelos,Caio Vasconcelos,189.324.495-07,BR,1424,1,3
4888,Dr Grace Thompson,Dr Grace Thompson,GB32276047,GB,936,1,3
4889,mandy bsaker,Mandy Baker,GB75618644,GB,1875,1,2
4890,Erin Reynolds,Erin Reynolds,US68990340,US,1641,1,3
4891,maria júlia cardoso,Maria Júlia Cardoso,960.746.702-73,BR,1409,1,3
4892,Alícia Aragão,Alícia Aragão,222.394.312-90,BR,429,0,1
4893,Théo da Costa,Théo da Costa,777.520.471-16,BR,74,1,3
4894,Kamilly Correia,Kamilly Correia,660.728.326-84,BR,426,1,5
4895,Robert Reese,Robert Reese,US11638498,US,755,1,2
4896,Sr. Juliana Vargas,Juliana Vargas,134.332.003-79,BR,47,1,2
4897,R. Rosales,Ryan Rosales,US28599426,US,570,1,4
4898,Mary Marshall,Mary Marshall,GB36359023,GB,1773,1,2
4899,Benjamin Porto,Benjamin Porto,451.838.258-11,BR,1227,1,3
4900,hellena pimenta,Hellena Pimenta,777.392.603-02,BR,445,1,4
4901,pedro l. sá,Pedro Lucas Sá,094.161.047-76,BR,1250,1,4
4902,Nicole Young,Nicole Young,US23733848,US,1591,1,3
4903,Graham Ball,Graham Ball,GB32103093,GB,1846,1,2
4904,Leonardo Câmara,Leonardo Câmara,782.911.467-86,BR,177,1,2
4905,Janet Hill,Janet Hill,GB54733393,GB,990,1,3
4906,James Webster,James Webster,US29898606,US,784,1,3
4907,A. Martinez,Amy Martinez,US33767033,US,642,1,4
4908,Ivan Cox,Ivan Cox,US79889565,US,553,0,1
4909,Julie Dominguez,Julie Dominguez,US95476210,US,597,1,2
4910,Elisa Pereira,Elisa Pereira,992.680.361-05,BR,1438,1,2
4911,Bruna Moura,Bruna Moura,288.619.576-12,BR,517,0,1
4912,Trevor Tomlinson-Hopkins,Trevor Tomlinson-Hopkins,GB23740579,GB,1020,1,3
4913,Catarina da,Catarina da Paz,829.052.040-68,BR,1485,1,5
4914,MICHAEL,Michael Cooper,US37223861,US,639,1,3
4915,Dr Patricia,Dr Patricia Hart,GB25362614,GB,1015,1,5
4916,brigida colomer cabrera,Brígida Colomer Cabrera,ES86541203,ES,1176,1,3
4917,V. Gutiérrez-Tamayo,Vera Gutiérrez-Tamayo,ES70797197,ES,1165,1,3
4918,Betti Berger,Betti Berger,DE71906810,DE,1091,1,2
4919,Travis Hobbs,Travis Hobbs,US84832912,US,780,1,3
4920,Dr Teresa Cook,Dr Teresa Cook,GB48800598,GB,1876,1,2
4921,Justin Mitchell,Justin Mitchell,GB53807702,GB,1867,1,2
4922,Srta Maya Pimenta,Srta. Maya Pimenta,817.322.515-84,BR,1344,1,4
4923,Sr. Kathleen Robertson,Kathleen Robertson,US70614013,US,665,1,4
4924,Isabella Monteiro,Isabella Monteiro,168.942.104-47,BR,378,1,5
4925,Heriwg Dobes,Herwig Dobes,DE75432046,DE,1084,1,2
4926,Mr Gilbert,Mr Declan Gilbert,GB15019076,GB,960,1,4
4927,Sabrina Martins,Sabrina Martins,245.933.441-96,BR,523,1,2
4928,Leandro Fonseca,Leandro Fonseca,159.696.641-60,BR,135,1,3
4929,Laura Garza,Laura Garza,US76816240,US,1665,1,4
4930,Casey Jimenez,Casey Jimenez,US41462719,US,1698,1,5
4931,Alexandre Camargo,Alexandre Camargo,895.352.058-33,BR,1263,1,4
4932,Lauren Jackson,Lauren Jackson,US17321129,US,689,1,6
4933,Nada Drubin,Nada Drubin,DE28999435,DE,1027,1,2
4934,Todd,Todd Rosales MD,US92150984,US,727,1,2
4935,Letícia tPastor,Letícia Pastor,063.242.415-41,BR,289,1,6
4936,Angel ay,Angel May,US15613827,US,651,1,5
4937,Feliciano julián Calvo,Feliciano Julián Calvo,ES69755911,ES,1142,1,6
4938,Herma B.A.,Herma Röhrdanz B.A.,DE14552711,DE,1881,1,3
4939,Maria Clara Castro,Maria Clara Castro,473.178.108-01,BR,23,1,3
4940,Maria Helena Cirino,Maria Helena Cirino,028.774.752-59,BR,1281,1,2
4941,Srta. Ísis,Srta. Ísis Andrade,244.510.762-26,BR,133,1,2
4942,C. Carey,Chloe Carey,US13615204,US,1622,1,3
4943,Eduarda da Conceição,Eduarda da Conceição,108.560.544-21,BR,1342,1,3
4944,E. Sharp,Elizabeth Sharp,US98520663,US,736,1,3
4945,José Pedro Cavalcatni,José Pedro Cavalcanti,886.239.240-75,BR,153,1,4
4946,Mr. Cheryl Burns,Cheryl Burns,US98109229,US,1573,1,4
4947,Diane Reyes,Diane Reyes,US82777382,US,566,1,5
4948,Heather Bolton,Heather Bolton,US41163012,US,613,1,3
4949,R. Ferreira,Raul Ferreira,518.644.925-19,BR,146,1,2
4950,VICTOR MORRIS,Victor Morris,US22239481,US,718,1,2
4951,Dr. Shane,Shane Jackson,GB51308532,GB,886,1,4
4952,William Day,William Day,US39870720,US,638,1,3
4953,Olivia Farias,Olivia Farias,650.685.363-47,BR,1546,1,5
4954,Ms Haylye,Ms Hayley Miles,GB35486903,GB,1790,1,5
4955,Francisco Javier Domínguez,Francisco Javier Domínguez Perez,ES33645674,ES,1143,1,2
4956,Donna Allen-Watson,Donna Allen-Watson,GB80477785,GB,955,1,2
4957,Maria Sophia Silveira,Maria Sophia Silveira,013.366.867-54,BR,1492,1,2
4958,Willibert Lachamnn,Willibert Lachmann,DE53588695,DE,1082,1,3
4959,Ana Sophia Farias,Ana Sophia Farias,696.542.927-95,BR,1286,1,4
4960,Kyle Chambers,Kyle Chambers,US47327686,US,777,0,1
4961,Justin Sminth,Justin Smith,US52833597,US,1572,1,4
4962,Ana L. Pimenta,Ana Liz Pimenta,712.938.700-51,BR,291,1,3
4963,Dr D. Wilson,Dr Duncan Wilson,GB52478375,GB,845,1,6
4964,Guilherme Camargo,Guilherme Camargo,595.672.730-77,BR,1560,1,4
4965,Cetin Zahn B.Sc.,Cetin Zahn B.Sc.,DE96492401,DE,1069,0,1
4966,Benício Porto,Benício Porto,638.406.665-80,BR,411,1,2
4967,Leandro Moura,Leandro Moura,159.078.152-26,BR,1364,1,3
4968,Derrick Paxtel,Derrick Patel,US29374849,US,1739,1,3
4969,HOWARD NORMAN,Howard Norman,US34796255,US,603,1,4
4970,F. Norris,Fred Norris,US73234966,US,1628,1,2
4971,Dr. Igor Gomes,Igor Gomes,857.865.278-58,BR,200,1,4
4972,D. Helena Vieira,Dra. Helena Vieira,303.748.625-70,BR,1208,1,2
4973,Mariana Silva,Mariana Silva,353.185.542-62,BR,1437,1,3
4974,Sheri Lopez,Sheri Lopez,US69515970,US,1738,1,4
4975,Daniela da Mata,Daniela da Mata,098.851.656-04,BR,124,1,3
4976,aaron arnold,Aaron Arnold,US60860378,US,817,1,5
4977,L. Vargas,Larissa Vargas,401.324.655-94,BR,1544,1,3
4978,Lauren Villanueva,Lauren Villanueva,US67966814,US,1709,1,3
4979,Srta. Luara Campos,Srta. Luara Campos,140.105.123-82,BR,268,1,3
4980,D. kay,Debra Kay,GB31388969,GB,1857,1,5
4981,Bento Machado,Bento Machado,070.164.510-46,BR,537,1,5
4982,Peter Dvis,Peter Davis,GB36080360,GB,1840,1,4
4983,Casey Chase,Casey Chase,US61084208,US,731,1,2
4984,André Cassiano,André Cassiano,776.549.412-99,BR,1500,1,2
4985,Melina Leao,Melina Leão,487.282.997-96,BR,490,1,5
4986,I. Farias,Igor Farias,205.336.452-57,BR,433,1,4
4987,Gerald Mcdonald,Gerald Mcdonald,US72072425,US,1579,1,2
4988,HELENA TEIXEIRA,Helena Teixeira,551.483.103-45,BR,1248,1,2
4989,enzo G. Pinto,Enzo Gabriel Pinto,074.183.384-42,BR,1520,1,5
4990,Leticia Marques,Letícia Marques,405.377.351-58,BR,112,1,3
4991,kimberly sharp,Kimberly Sharp,US70317234,US,720,1,3
4992,Nina Leao,Nina Leão,866.524.041-57,BR,203,1,3
4993,Ana Cassiano,Ana Júlia Cassiano,422.325.367-29,BR,284,1,4
4994,H. Martins,Henrique Martins,866.882.634-35,BR,230,1,4
4995,Livia Borges,Lívia Borges,313.237.058-95,BR,176,1,3
4996,Yamsin Dias,Yasmin Dias,674.190.316-05,BR,1508,1,5
4997,scott collins,Scott Collins,US20385197,US,1674,1,3
4998,Esther Diez Borrego,Esther Diez Borrego,ES87066247,ES,1133,0,1
4999,Brenda Hinton,Brenda Hinton,US21766833,US,839,1,4
5000,Shane ennett,Shane Bennett,GB51629191,GB,1785,1,3
5001,Srta. Aurora Pires,Srta. Aurora Pires,370.865.086-92,BR,1514,1,2
5002,Brian Duarte,Brian Duarte,US81075247,US,1668,1,4
5003,Maria-Luiza Silveira,Maria Luiza Silveira,990.453.017-42,BR,213,1,6
5004,Frieda Mentzel,Frieda Mentzel,DE71147472,DE,1067,1,3
5005,Elizabeth Wagner,Elizabeth Wagner,US16265024,US,1624,1,2
5006,Angel May,Angel May,US15613827,US,651,1,5
5007,Amanda  Pereira,Amanda Pereira,750.036.915-59,BR,475,1,3
5008,maria helena  mendes,Maria Helena Mendes,712.082.677-34,BR,206,1,2
5009,Billy Conway-Taylor,Billy Conway-Taylor,GB76713516,GB,949,0,1
5010,Hellena Abreu,Hellena Abreu,518.233.749-89,BR,71,1,2
5011,Rhys Cooper,Rhys Cooper,GB45711004,GB,1810,1,5
5012,Olivia da Rocha,Olivia da Rocha,364.037.613-79,BR,297,1,3
5013,Lorenzo Cunha,Lorenzo Cunha,130.708.294-81,BR,1398,1,3
5014,ISAQUE MOURA,Isaque Moura,362.309.005-06,BR,1350,1,2
5015,Curtis Williams,Curtis Williams,US35224021,US,600,1,3
5016,Clive Baker-Payne,Clive Baker-Payne,GB89580820,GB,1766,1,2
5017,Paula Wiley,Paula Wiley,US49528544,US,1625,1,4
5018,Theodoro Conceição,Theodoro da Conceição,955.798.291-16,BR,1415,1,3
5019,Dipl.-Ing. Hans-Erich Schafer MBA.,Dipl.-Ing. Hans-Erich Schäfer MBA.,DE89558393,DE,1051,1,6
5020,Raquel Mendes,Raquel Mendes,982.146.584-04,BR,91,1,2
5021,Deborah Parsons-Rice,Deborah Parsons-Rice,GB28323394,GB,1834,1,2
5022,Francisco Araújo,Francisco Araújo,973.644.270-93,BR,1513,1,4
5023,Judith Carter,Judith Carter,US30395330,US,599,0,1
5024,s. perkins,Stephanie Perkins,US86461297,US,1702,1,5
5025,Dr Gareth Loue,Dr Gareth Lowe,GB31215214,GB,1874,1,2
5026,Phillip Berry,Phillip Berry,US91163038,US,621,1,2
5027,I. Silveira,Isaque Silveira,464.715.437-99,BR,256,1,2
5028,Michelle Jacobs,Michelle Jacobs,US67385552,US,649,1,2
5029,Dylan Tnhompson,Dylan Thompson,GB84514623,GB,921,1,4
5030,Bryan Cunningham,Bryan Cunningham,GB12512345,GB,923,1,5
5031,Joseph Williams,Joseph Williams,US80416822,US,830,1,4
5032,Aylla Souza Jr.,Aylla Souza,021.465.669-38,BR,463,1,3
5033,João,João Ribeiro,426.221.890-92,BR,293,1,2
5034,EDUARDO CUNHA,Eduardo Cunha,669.784.801-84,BR,12,1,3
5035,Mercedes Anglada,Mercedes Casals Anglada,ES14185545,ES,1197,1,4
5036,Nicolas Rezende,Nicolas Rezende,610.357.972-79,BR,361,1,4
5037,Thales da Paz,Thales da Paz,032.365.199-41,BR,321,1,2
5038,Anna Liz,Anna Liz Farias,229.034.944-66,BR,364,1,4
5039,AMELIA PALMER,Amelia Palmer,GB41235369,GB,861,1,3
5040,Hellena,Hellena Pimenta,777.392.603-02,BR,445,1,4
5041,Paula Wiley,Paula Wiley,US49528544,US,1625,1,4
5042,Antônio  Almeida,Antônio Almeida,012.998.070-11,BR,1440,1,3
5043,YAN SILVA,Yan Silva,068.650.863-76,BR,452,1,4
5044,Daniel Anderson,Daniel Anderson,US42171141,US,1753,1,5
5045,Michelle Jacobs,Michelle Jacobs,US67385552,US,649,1,2
5046,TINA STEPHENS,Tina Stephens,GB19851956,GB,1789,1,5
5047,barbara hester,Barbara Hester,US79273350,US,675,1,3
5048,Grace Barber,Grace Barber,GB47642707,GB,930,1,5
5049,Quique Omar Mariño Castejón,Quique Omar Mariño Castejón,ES41696096,ES,1128,1,2
5050,Willibert Lachmann,Willibert Lachmann,DE53588695,DE,1082,1,3
5051,Madeline Johnson,Madeline Johnson,US61172887,US,1653,1,2
5052,Sr .Milena da Luz,Milena da Luz,523.986.800-02,BR,193,1,4
5053,Luiz Otávio Pastor,Luiz Otávio Pastor,834.286.397-87,BR,1554,1,3
5054,Clive Baker-Payne,Clive Baker-Payne,GB89580820,GB,1766,1,2
5055,Laurie Wu,Laurie Wu,US27616761,US,1693,1,3
5056,ANA VITÓRIA CASA GRANDE,Ana Vitória Casa Grande,637.351.609-17,BR,402,1,2
5057,laura costa,Laura Costa,944.622.240-88,BR,1270,1,3
5058,Davi M. Cassiano,Davi Miguel Cassiano,093.576.529-33,BR,1302,1,3
5059,Mirella Fernanwes,Mirella Fernandes,558.771.694-72,BR,483,1,5
5060,Timm Ruppersberger,Timm Ruppersberger,DE92310750,DE,1034,1,4
5061,Roy Williams,Roy Williams,GB44850980,GB,846,0,1
5062,João Vitor Almeida,João Vitor Almeida,894.570.119-77,BR,1541,1,3
5063,Daniel Bush,Daniel Bush,US65506990,US,703,1,3
5064,Maria Júlia Cardoso,Maria Júlia Cardoso,960.746.702-73,BR,1409,1,3
5065,Pedro Miguel da Cunha,Pedro Miguel da Cunha,222.810.862-53,BR,1228,1,2
5066,K. Köhler,Kay-Uwe Köhler,DE73181059,DE,1041,1,5
5067,Pedro Fnoseca,Pedro Fonseca,156.793.341-01,BR,243,1,4
5068,Sara Rees-Ford Jr,Sara Rees-Ford,GB23807765,GB,1811,1,4
5069,Ana Lívia Rios,Ana Lívia Rios,067.065.405-15,BR,162,1,5
5070,Francisco da Mata,Francisco da Mata,893.010.578-39,BR,1359,1,2
5071,Arthur Borges,Arthur Borges,717.545.588-45,BR,481,1,3
5072,Maysa Correia,Maysa Correia,384.748.427-42,BR,1257,1,2
5073,Ayla Ferreira Jr,Ayla Ferreira,966.766.745-28,BR,1466,1,2
5074,Dr Denis Rels,Dr Denis Rees,GB95982334,GB,881,1,4
5075,A. Lambert,Amy Lambert,GB33357425,GB,1788,1,4
5076,H. Montenegro,Hadassa Montenegro,352.904.228-42,BR,115,1,5
5077,Angela Ross,Angela Ross,US97137753,US,1639,1,3
5078,Ana Costa,Ana Costa,374.759.620-19,BR,1333,1,3
5079,Christina  David,Christina David,US41769162,US,1577,1,3
5080,Shane Bennett,Shane Bennett,GB51629191,GB,1785,1,3
5081,Case yJimenez,Casey Jimenez,US41462719,US,1698,1,5
5082,BENJAMIM NOVAES,Benjamim Novaes,225.790.507-23,BR,276,1,3
5083,caleb garcia,Caleb Garcia,514.627.048-28,BR,13,1,3
5084,Nancy Hanson,Nancy Hanson,US97845312,US,1669,1,2
5085,Catarina da Paz,Catarina da Paz,829.052.040-68,BR,1485,1,5
5086,Steven Watson,Steven Watson,US11507311,US,1680,1,3
5087,Lauren Long,Lauren Long MD,US75884651,US,1731,1,2
5088,L. Silva,Luigi Silva,368.157.981-23,BR,538,1,3
5089,Phillip Nelson,Phillip Nelson,US87984620,US,571,1,6
5090,Raul Moreira,Raul Moreira,362.363.512-00,BR,1284,1,2
5091,fito fortuny castrillo,Fito Fortuny Castrillo,ES18866414,ES,1119,1,3
5092,DrKelly Pritchard,Dr Kelly Pritchard,GB44807825,GB,1824,1,4
5093,Brenda Hinton,Brenda Hinton,US21766833,US,839,1,4
5094,karl branch,Karl Branch,US28058430,US,824,1,3
5095,Stella Rycha,Stella Rocha,710.905.643-44,BR,1348,1,3
5096,Caleb Garcbia,Caleb Garcia,514.627.048-28,BR,13,1,3
5097,Anika,Anika Geisler MBA.,DE32924595,DE,1092,1,2
5098,Jason Butcher,Jason Butcher,GB74625235,GB,908,1,5
5099,Benicio Fernandes,Benicio Fernandes,274.755.553-40,BR,1292,1,3
5100,Caroline Ramos,Caroline Ramos,697.928.691-38,BR,1472,1,2
5101,Diego Pereira,Diego Pereira,278.610.940-01,BR,1367,1,4
5102,Scott Daviela,Scott Davila,US78714531,US,1561,1,5
5103,J. Beck,Jason Beck,US34714210,US,588,1,3
5104,Robin Brown,Robin Brown,US46748299,US,598,0,1
5105,Heidelinde Peukert,Heidelinde Peukert,DE34609232,DE,1079,1,3
5106,Michael Abbott,Michael Abbott,US26377680,US,825,1,3
5107,Murilo Araújo,Murilo Araújo,499.727.875-58,BR,92,0,1
5108,Colin Birch,Colin Birch,GB94181424,GB,910,1,6
5109,A. Gabriel Araújo,Arthur Gabriel Araújo,615.073.717-43,BR,1272,1,4
5110,Robert Dennis,Robert Dennis,US83462947,US,776,0,1
5111,Otto Mendonça,Otto Mendonça,182.339.845-46,BR,242,1,2
5112,Nicholas Jones,Nicholas Jones,US47186960,US,1711,1,3
5113,Ana Luiza Monteiro,Ana Luiza Monteiro,193.889.446-90,BR,1468,1,3
5114,K. Hammond,Kelly Hammond DVM,US65437830,US,637,1,3
5115,enrique tadeo tur cabello,Enrique Tadeo Tur Cabello,ES64250458,ES,1185,1,2
5116,Asafe Cunha,Asafe Cunha,092.368.731-05,BR,1543,1,4
5117,Jo?o Gabriel das Neves,João Gabriel das Neves,346.373.026-13,BR,1382,1,3
5118,Dietrbich Hauffer,Dietrich Hauffer,DE24217270,DE,1043,1,6
5119,Sarah Teixeira,Sarah Teixeira,727.743.487-34,BR,51,0,1
5120,Kamilly Correia,Kamilly Correia,660.728.326-84,BR,426,1,5
5121,Univ.Prof. F. Hiller,Univ.Prof. Friederike Hiller,DE13891332,DE,1040,1,5
5122,A. Stanley,Aaron Stanley,GB55649583,GB,970,1,3
5123,Srta. Bella das Neves,Srta. Bella das Neves,842.368.824-46,BR,1271,1,2
5124,Mr Kieran e Potter,Mr Kieran Potter,GB92585240,GB,871,1,3
5125,Samuel da Conceição,Samuel da Conceição,773.209.622-98,BR,1467,1,3
5126,Ana Lívia dos,Ana Lívia Rios,067.065.405-15,BR,162,1,5
5127,W. Winkler,Wiebke Winkler,DE41097470,DE,1072,1,4
5128,Gregory Ross,Gregory Ross,US90261410,US,1743,1,3
5129,Kristen Rowe,Kristen Rowe,US24614652,US,798,1,2
5130,Daniel Anderson,Daniel Anderson,US42171141,US,1753,1,5
5131,Ana-Carolina Araújo,Ana Carolina Araújo,465.911.665-53,BR,531,1,6
5132,igor farias,Igor Farias,205.336.452-57,BR,433,1,4
5133,Milena da do Luz,Milena da Luz,523.986.800-02,BR,193,1,4
5134,Heloísa Jesus,Heloísa Jesus,872.588.744-95,BR,457,0,1
5135,Sally Saunders,Sally Saunders,GB97189890,GB,1845,1,3
5136,A. Wise,Ashley Wise,US40524866,US,556,1,4
5137,Pedro Cassiano,Pedro Cassiano,960.391.782-32,BR,1336,1,5
5138,Robin Byrne,Robin Byrne,GB71823092,GB,911,0,1
5139,E. da Luz,Enrico da Luz,898.905.560-50,BR,1499,1,3
5140,K. Morrow,Kim Morrow,US73848982,US,767,1,5
5141,JAMIE BAIRD,Jamie Baird,US13343647,US,706,1,6
5142,Chlristian Vaughn,Christian Vaughn,US96718276,US,693,1,6
5143,Megan Williams,Megan Williams,US10767286,US,1590,1,3
5144,Stephanie Perkins,Stephanie Perkins,US86461297,US,1702,1,5
5145,Maria Helena Costa,Maria Helena Costa,663.923.321-46,BR,1201,1,4
5146,Veronica King,Veronica King,US52773504,US,592,1,2
5147,MICHAEL COOPER,Michael Cooper,US37223861,US,639,1,3
5148,Jennifer Jones,Jennifer Jones,US86687590,US,836,1,6
5149,C. Bell,Chelsea Bell,GB33489813,GB,957,1,4
5150,Sr. Kaique-Alves,Kaique Alves,135.346.554-94,BR,371,1,2
5151,Maria Eduarda Melo,Maria Eduarda Melo,058.911.352-90,BR,263,1,3
5152,Ravy,Ravy Dias,566.658.120-56,BR,1212,1,2
5153,Luiz Gustavo Montenegro,Luiz Gustavo Montenegro,864.168.622-78,BR,529,1,5
5154,HenriquejMartins,Henrique Martins,866.882.634-35,BR,230,1,4
5155,Steven Rivera,Steven Rivera,US80994013,US,838,1,3
5156,DR DOMINIC BARRETT,Dr Dominic Barrett,GB95565708,GB,1765,1,2
5157,Arthur Miguel,Arthur Miguel Montenegro,751.781.799-20,BR,1337,1,4
5158,Yuri-Farias,Yuri Farias,410.378.700-19,BR,1445,1,3
5159,BRENO MROAES,Breno Moraes,811.386.338-39,BR,516,1,5
5160,Yago Castro,Yago Castro,016.761.847-23,BR,382,1,2
5161,Diane Reyes,Diane Reyes,US82777382,US,566,1,5
5162,I. Pacheco,Isadora Pacheco,095.214.562-32,BR,105,1,4
5163,mr robert pearce,Mr Robert Pearce,GB70653840,GB,952,1,3
5164,Gustavo H. d. Mota,Gustavo Henrique da Mota,344.565.624-52,BR,1280,1,2
5165,Daniel Fuentes,Daniel Fuentes,US87214577,US,1632,1,3
5166,Theodoro da,Theodoro da Cunha,128.741.906-96,BR,1412,1,4
5167,Emanuel Sá,Emanuel Sá,499.023.039-53,BR,1406,1,3
5168,Bruna Brito,Bruna Brito,202.590.947-98,BR,415,1,2
5169,Catherine White,Catherine White,GB87518768,GB,998,1,2
5170,Srta. Helena Siqueiea,Srta. Helena Siqueira,982.845.228-49,BR,1477,1,3
5171,MICHAEL JOHNSON,Michael Johnson,US29091078,US,691,1,3
5172,MEGAN PEREZ,Megan Perez,US57328529,US,1676,1,3
5173,Jodi Roach,Jodi Roach,US75960711,US,627,1,4
5174,Heloísa Cavalcanti,Heloísa Cavalcanti,745.651.980-37,BR,1328,1,2
5175,Theo da,Théo da Costa,777.520.471-16,BR,74,1,3
5176,DR BRYAN DOBSON,Dr Bryan Dobson,GB48787922,GB,1877,1,4
5177,Nancy Evans MD,Nancy Evans MD,US50876565,US,682,1,2
5178,S. Barber,Sara Barber,GB62286700,GB,939,1,3
5179,CAROLINA DA LUZ,Carolina da Luz,950.696.556-44,BR,1464,1,3
5180,Dr. Juan Fogaça,Juan Fogaça,168.460.223-56,BR,373,1,2
5181,D. Lawrence Cox,Dr Lawrence Cox,GB35149571,GB,940,1,2
5182,C. Hernandez,Casey Hernandez,US66315301,US,742,1,2
5183,Isaque Araújo,Isaque Araújo,653.755.646-41,BR,58,0,1
5184,Diogo Siqueira,Diogo Siqueira,617.812.374-88,BR,1426,1,3
5185,Joaquim Freitas,Joaquim Freitas,026.811.775-89,BR,117,1,4
5186,David Lopez,David Lopez,US60825385,US,729,1,5
5187,Olíva Novaes,Olívia Novaes,966.319.314-91,BR,62,1,5
5188,Bella-Castro,Bella Castro,678.831.712-10,BR,320,1,4
5189,I. Sá,Isabelly Sá,662.961.943-11,BR,250,1,2
5190,K. Erickson,Kim Erickson,US48374806,US,683,1,6
5191,HeitorVargas,Heitor Vargas,442.703.120-73,BR,498,1,4
5192,Reginald Knapp,Reginald Knapp,US70625891,US,694,1,2
5193,Ana J. Ferreira,Ana Júlia Ferreira,310.690.331-19,BR,224,1,6
5194,June,June Woods,GB18886963,GB,928,1,4
5195,M. Gerald Murphy,Mr Gerald Murphy,GB29232735,GB,975,1,3
5196,Brayan Pereira,Brayan Pereira,647.468.723-43,BR,25,1,5
5197,V. Correia,Valentim Correia,622.444.721-26,BR,255,0,1
5198,Christophe Morris,Christopher Morris,US68959861,US,643,1,6
5199,Kelly Turner,Kelly Turner,US96907911,US,1687,1,3
5200,Rodrigo Barbosa,Rodrigo Barbosa,455.758.416-18,BR,1559,1,4
5201,Ewdin Nunez,Edwin Nunez,US98512648,US,766,1,3
5202,Raquel Pires,Raquel Pires,269.495.888-79,BR,195,1,2
5203,Mohammad Young-Power,Mohammad Young-Power,GB82070563,GB,912,1,3
5204,Herr Gisbert Schenk,Herr Gisbert Schenk,DE97167893,DE,1104,1,6
5205,Ana Laura Cardoso,Ana Laura Cardoso,912.275.459-09,BR,1231,1,4
5206,Todd Moore,Todd Moore,US43122766,US,648,1,3
5207,Luiz G. Vasconcelos,Luiz Gustavo Vasconcelos,188.355.231-24,BR,138,1,4
5208,Maria Vitória da-Rocha,Maria Vitória da Rocha,392.855.749-82,BR,508,1,5
5209,Emanuel D. Costa,Emanuel da Costa,753.269.731-12,BR,294,1,4
5210,Henry Gabriel Azevedo,Henry Gabriel Azevedo,436.349.578-85,BR,69,1,2
5211,H. Bolton,Heather Bolton,US41163012,US,613,1,3
5212,Mr J.,Mr Justin Rose,GB17519183,GB,916,1,3
5213,luiz miguel oliveira,Luiz Miguel Oliveira,713.315.098-39,BR,18,1,4
5214,Sophia Johnson,Sophia Johnson,US66013532,US,557,1,3
5215,ryan cunha,Ryan Cunha,719.022.941-31,BR,75,1,4
5216,José Miguel Mendse,José Miguel Mendes,113.055.488-51,BR,400,1,3
5217,Lesley Dodd,Lesley Dodd,GB35334041,GB,1782,1,3
5218,TREVOR WILLIAMS,Trevor Williams,US48187467,US,1700,1,2
5219,André Garcia,André Garcia,229.060.058-38,BR,1225,1,2
5220,Stephen Russell,Stephen Russell,US38403252,US,1715,1,4
5221,D. Cooper,Diane Cooper,GB89763928,GB,988,1,3
5222,SCOTT CARLSON,Scott Carlson,US44726470,US,1627,1,4
5223,Jerremy Mitchell,Jeremy Mitchell,US51927304,US,562,1,5
5224,James Bradley,James Bradley,US27996802,US,619,1,3
5225,Melsisa Taylor,Melissa Taylor,US71026547,US,711,0,1
5226,Dietrich Beier-Röhrdanz,Dietrich Beier-Röhrdanz,DE16808353,DE,1038,1,2
5227,Maria Moraes,Maria Cecília Moraes,790.827.231-84,BR,443,0,1
5228,Adelgunde Werner,Adelgunde Werner,DE57731087,DE,1055,1,2
5229,Ralph Anderson,Ralph Anderson,US42260681,US,558,1,2
5230,M. Pereira,Maria Pereira,654.206.530-45,BR,1416,1,3
5231,Sr. Luiz O. Camargo,Luiz Otávio Camargo,420.554.113-85,BR,1362,1,5
5232,Ofelia F. Lledó,Ofelia Flor Lledó,ES24723458,ES,1195,1,3
5233,Luiz Gustavo Câmara,Luiz Gustavo Câmara,027.716.701-45,BR,392,1,2
5234,Trevor Tyler,Trevor Tyler,US68606559,US,1629,1,2
5235,OLÍVIA RIOS,Olívia Rios,290.868.927-38,BR,1282,1,3
5236,Nicholas Sanchez,Nicholas Sanchez,US96129667,US,1685,1,4
5237,Mercedes Casals Anglada,Mercedes Casals Anglada,ES14185545,ES,1197,1,4
